file,true_label,spoof_probability,predicted_label,condition
LA_E_1003768_phone.wav,spoof,1.0,spoof,Telephone
LA_E_1009640_phone.wav,spoof,1.0,spoof,Telephone
LA_E_1019903_phone.wav,spoof,1.0,spoof,Telephone
LA_E_1025393_phone.wav,bonafide,1.0,spoof,Telephone
LA_E_1042982_phone.wav,spoof,1.0,spoof,Telephone
LA_E_1043830_phone.wav,spoof,1.0,spoof,Telephone
LA_E_1044544_phone.wav,spoof,1.0,spoof,Telephone
LA_E_1053152_phone.wav,spoof,1.0,spoof,Telephone
LA_E_1068487_phone.wav,spoof,0.99999976,spoof,Telephone
LA_E_1070252_phone.wav,bonafide,1.0,spoof,Telephone
LA_E_1072866_phone.wav,bonafide,1.0,spoof,Telephone
LA_E_1082906_phone.wav,spoof,1.0,spoof,Telephone
LA_E_1084341_phone.wav,spoof,1.0,spoof,Telephone
LA_E_1094216_phone.wav,bonafide,0.12375272,bonafide,Telephone
LA_E_1099342_phone.wav,spoof,1.0,spoof,Telephone
LA_E_1106531_phone.wav,spoof,1.0,spoof,Telephone
LA_E_1115388_phone.wav,bonafide,1.0,spoof,Telephone
LA_E_1117625_phone.wav,spoof,1.0,spoof,Telephone
LA_E_1120396_phone.wav,spoof,0.79663783,spoof,Telephone
LA_E_1122884_phone.wav,spoof,1.0,spoof,Telephone
LA_E_1125558_phone.wav,bonafide,1.0,spoof,Telephone
LA_E_1125899_phone.wav,spoof,1.0,spoof,Telephone
LA_E_1126163_phone.wav,bonafide,0.9119503,spoof,Telephone
LA_E_1163953_phone.wav,spoof,1.0,spoof,Telephone
LA_E_1169847_phone.wav,spoof,1.0,spoof,Telephone
LA_E_1178460_phone.wav,bonafide,0.99999976,spoof,Telephone
LA_E_1184536_phone.wav,bonafide,0.99347246,spoof,Telephone
LA_E_1185330_phone.wav,spoof,1.0,spoof,Telephone
LA_E_1191163_phone.wav,bonafide,1.0,spoof,Telephone
LA_E_1233669_phone.wav,spoof,1.0,spoof,Telephone
LA_E_1239200_phone.wav,spoof,1.0,spoof,Telephone
LA_E_1248324_phone.wav,spoof,1.0,spoof,Telephone
LA_E_1248618_phone.wav,spoof,1.0,spoof,Telephone
LA_E_1251195_phone.wav,spoof,1.0,spoof,Telephone
LA_E_1265930_phone.wav,bonafide,1.0,spoof,Telephone
LA_E_1269067_phone.wav,bonafide,1.0,spoof,Telephone
LA_E_1270702_phone.wav,spoof,1.0,spoof,Telephone
LA_E_1273676_phone.wav,spoof,1.0,spoof,Telephone
LA_E_1275973_phone.wav,bonafide,0.99999976,spoof,Telephone
LA_E_1290731_phone.wav,spoof,1.0,spoof,Telephone
LA_E_1304770_phone.wav,bonafide,0.72513074,spoof,Telephone
LA_E_1318134_phone.wav,spoof,1.0,spoof,Telephone
LA_E_1323248_phone.wav,bonafide,0.3755502,bonafide,Telephone
LA_E_1330013_phone.wav,spoof,1.0,spoof,Telephone
LA_E_1353663_phone.wav,bonafide,1.0,spoof,Telephone
LA_E_1353882_phone.wav,spoof,1.0,spoof,Telephone
LA_E_1357107_phone.wav,bonafide,1.0,spoof,Telephone
LA_E_1359779_phone.wav,spoof,1.0,spoof,Telephone
LA_E_1381992_phone.wav,spoof,1.0,spoof,Telephone
LA_E_1382043_phone.wav,bonafide,0.99996626,spoof,Telephone
LA_E_1382638_phone.wav,bonafide,1.0,spoof,Telephone
LA_E_1383192_phone.wav,spoof,0.9999987,spoof,Telephone
LA_E_1398629_phone.wav,spoof,0.99999267,spoof,Telephone
LA_E_1409215_phone.wav,bonafide,1.0,spoof,Telephone
LA_E_1413840_phone.wav,spoof,1.0,spoof,Telephone
LA_E_1439706_phone.wav,spoof,1.0,spoof,Telephone
LA_E_1444758_phone.wav,bonafide,1.0,spoof,Telephone
LA_E_1480780_phone.wav,spoof,1.0,spoof,Telephone
LA_E_1491136_phone.wav,spoof,1.0,spoof,Telephone
LA_E_1493352_phone.wav,spoof,1.0,spoof,Telephone
LA_E_1497576_phone.wav,bonafide,0.9997598,spoof,Telephone
LA_E_1512896_phone.wav,bonafide,1.0,spoof,Telephone
LA_E_1547551_phone.wav,bonafide,1.0,spoof,Telephone
LA_E_1552135_phone.wav,bonafide,1.0,spoof,Telephone
LA_E_1557245_phone.wav,bonafide,0.9989745,spoof,Telephone
LA_E_1565422_phone.wav,bonafide,1.0,spoof,Telephone
LA_E_1574894_phone.wav,bonafide,1.0,spoof,Telephone
LA_E_1580381_phone.wav,bonafide,0.99183065,spoof,Telephone
LA_E_1584651_phone.wav,bonafide,1.0,spoof,Telephone
LA_E_1590834_phone.wav,bonafide,0.99989885,spoof,Telephone
LA_E_1592255_phone.wav,spoof,1.0,spoof,Telephone
LA_E_1599538_phone.wav,bonafide,0.9999884,spoof,Telephone
LA_E_1609716_phone.wav,bonafide,1.0,spoof,Telephone
LA_E_1611147_phone.wav,spoof,1.0,spoof,Telephone
LA_E_1617701_phone.wav,spoof,1.0,spoof,Telephone
LA_E_1618390_phone.wav,bonafide,0.9871283,spoof,Telephone
LA_E_1631584_phone.wav,spoof,1.0,spoof,Telephone
LA_E_1635576_phone.wav,bonafide,1.0,spoof,Telephone
LA_E_1686710_phone.wav,spoof,1.0,spoof,Telephone
LA_E_1697236_phone.wav,bonafide,1.0,spoof,Telephone
LA_E_1706734_phone.wav,spoof,1.0,spoof,Telephone
LA_E_1709137_phone.wav,bonafide,1.0,spoof,Telephone
LA_E_1715322_phone.wav,bonafide,1.0,spoof,Telephone
LA_E_1738456_phone.wav,spoof,1.0,spoof,Telephone
LA_E_1743065_phone.wav,bonafide,0.25926322,bonafide,Telephone
LA_E_1745489_phone.wav,bonafide,1.0,spoof,Telephone
LA_E_1746995_phone.wav,spoof,1.0,spoof,Telephone
LA_E_1748360_phone.wav,spoof,1.0,spoof,Telephone
LA_E_1759982_phone.wav,spoof,1.0,spoof,Telephone
LA_E_1760881_phone.wav,spoof,1.0,spoof,Telephone
LA_E_1767925_phone.wav,bonafide,1.0,spoof,Telephone
LA_E_1768450_phone.wav,bonafide,1.0,spoof,Telephone
LA_E_1773512_phone.wav,bonafide,1.0,spoof,Telephone
LA_E_1773974_phone.wav,bonafide,0.9952032,spoof,Telephone
LA_E_1777847_phone.wav,spoof,1.0,spoof,Telephone
LA_E_1782546_phone.wav,spoof,1.0,spoof,Telephone
LA_E_1789742_phone.wav,bonafide,1.0,spoof,Telephone
LA_E_1790495_phone.wav,spoof,1.0,spoof,Telephone
LA_E_1798055_phone.wav,spoof,1.0,spoof,Telephone
LA_E_1812520_phone.wav,spoof,1.0,spoof,Telephone
LA_E_1813851_phone.wav,spoof,1.0,spoof,Telephone
LA_E_1817025_phone.wav,spoof,1.0,spoof,Telephone
LA_E_1819968_phone.wav,bonafide,1.0,spoof,Telephone
LA_E_1826005_phone.wav,bonafide,0.99770874,spoof,Telephone
LA_E_1831235_phone.wav,bonafide,1.0,spoof,Telephone
LA_E_1839822_phone.wav,spoof,1.0,spoof,Telephone
LA_E_1847548_phone.wav,spoof,1.0,spoof,Telephone
LA_E_1849870_phone.wav,bonafide,1.0,spoof,Telephone
LA_E_1853992_phone.wav,bonafide,0.25466737,bonafide,Telephone
LA_E_1860610_phone.wav,spoof,1.0,spoof,Telephone
LA_E_1867556_phone.wav,bonafide,1.0,spoof,Telephone
LA_E_1868870_phone.wav,spoof,1.0,spoof,Telephone
LA_E_1875310_phone.wav,spoof,1.0,spoof,Telephone
LA_E_1902720_phone.wav,bonafide,1.0,spoof,Telephone
LA_E_1904877_phone.wav,spoof,1.0,spoof,Telephone
LA_E_1905328_phone.wav,spoof,1.0,spoof,Telephone
LA_E_1910215_phone.wav,spoof,1.0,spoof,Telephone
LA_E_1915943_phone.wav,spoof,1.0,spoof,Telephone
LA_E_1921321_phone.wav,bonafide,0.9962569,spoof,Telephone
LA_E_1924548_phone.wav,spoof,1.0,spoof,Telephone
LA_E_1934545_phone.wav,spoof,1.0,spoof,Telephone
LA_E_1952883_phone.wav,bonafide,1.0,spoof,Telephone
LA_E_1956140_phone.wav,bonafide,1.0,spoof,Telephone
LA_E_1962518_phone.wav,bonafide,0.048499428,bonafide,Telephone
LA_E_1963724_phone.wav,spoof,1.0,spoof,Telephone
LA_E_1966276_phone.wav,spoof,1.0,spoof,Telephone
LA_E_1978236_phone.wav,bonafide,1.0,spoof,Telephone
LA_E_1979651_phone.wav,bonafide,1.0,spoof,Telephone
LA_E_2004528_phone.wav,bonafide,1.0,spoof,Telephone
LA_E_2013850_phone.wav,bonafide,1.0,spoof,Telephone
LA_E_2016986_phone.wav,spoof,1.0,spoof,Telephone
LA_E_2063541_phone.wav,spoof,1.0,spoof,Telephone
LA_E_2073512_phone.wav,bonafide,1.0,spoof,Telephone
LA_E_2074204_phone.wav,bonafide,1.0,spoof,Telephone
LA_E_2087578_phone.wav,bonafide,1.0,spoof,Telephone
LA_E_2139475_phone.wav,spoof,1.0,spoof,Telephone
LA_E_2140871_phone.wav,spoof,1.0,spoof,Telephone
LA_E_2156810_phone.wav,spoof,1.0,spoof,Telephone
LA_E_2163248_phone.wav,bonafide,1.0,spoof,Telephone
LA_E_2170068_phone.wav,spoof,1.0,spoof,Telephone
LA_E_2183172_phone.wav,spoof,1.0,spoof,Telephone
LA_E_2221290_phone.wav,bonafide,1.0,spoof,Telephone
LA_E_2222897_phone.wav,spoof,1.0,spoof,Telephone
LA_E_2224946_phone.wav,bonafide,1.0,spoof,Telephone
LA_E_2228399_phone.wav,spoof,1.0,spoof,Telephone
LA_E_2235667_phone.wav,spoof,1.0,spoof,Telephone
LA_E_2251050_phone.wav,bonafide,1.0,spoof,Telephone
LA_E_2252611_phone.wav,spoof,1.0,spoof,Telephone
LA_E_2256225_phone.wav,bonafide,1.0,spoof,Telephone
LA_E_2261737_phone.wav,bonafide,1.0,spoof,Telephone
LA_E_2267340_phone.wav,bonafide,1.0,spoof,Telephone
LA_E_2296362_phone.wav,bonafide,0.9999502,spoof,Telephone
LA_E_2300971_phone.wav,spoof,1.0,spoof,Telephone
LA_E_2310979_phone.wav,bonafide,1.0,spoof,Telephone
LA_E_2336476_phone.wav,spoof,1.0,spoof,Telephone
LA_E_2342346_phone.wav,spoof,1.0,spoof,Telephone
LA_E_2360906_phone.wav,bonafide,0.996418,spoof,Telephone
LA_E_2366626_phone.wav,bonafide,1.0,spoof,Telephone
LA_E_2368562_phone.wav,bonafide,1.0,spoof,Telephone
LA_E_2371703_phone.wav,bonafide,0.99756426,spoof,Telephone
LA_E_2375508_phone.wav,spoof,1.0,spoof,Telephone
LA_E_2379520_phone.wav,bonafide,1.0,spoof,Telephone
LA_E_2387062_phone.wav,spoof,0.9934942,spoof,Telephone
LA_E_2394889_phone.wav,bonafide,1.0,spoof,Telephone
LA_E_2395273_phone.wav,spoof,1.0,spoof,Telephone
LA_E_2400438_phone.wav,bonafide,1.0,spoof,Telephone
LA_E_2401829_phone.wav,spoof,1.0,spoof,Telephone
LA_E_2407811_phone.wav,spoof,1.0,spoof,Telephone
LA_E_2408705_phone.wav,bonafide,1.0,spoof,Telephone
LA_E_2415247_phone.wav,bonafide,1.0,spoof,Telephone
LA_E_2423969_phone.wav,spoof,1.0,spoof,Telephone
LA_E_2433261_phone.wav,bonafide,0.99996114,spoof,Telephone
LA_E_2434372_phone.wav,spoof,1.0,spoof,Telephone
LA_E_2441084_phone.wav,bonafide,0.89048463,spoof,Telephone
LA_E_2449415_phone.wav,bonafide,1.0,spoof,Telephone
LA_E_2458392_phone.wav,spoof,1.0,spoof,Telephone
LA_E_2462935_phone.wav,bonafide,1.0,spoof,Telephone
LA_E_2468156_phone.wav,spoof,1.0,spoof,Telephone
LA_E_2474722_phone.wav,bonafide,1.0,spoof,Telephone
LA_E_2492310_phone.wav,bonafide,1.0,spoof,Telephone
LA_E_2508184_phone.wav,bonafide,1.0,spoof,Telephone
LA_E_2512179_phone.wav,spoof,1.0,spoof,Telephone
LA_E_2525431_phone.wav,spoof,1.0,spoof,Telephone
LA_E_2525648_phone.wav,bonafide,1.0,spoof,Telephone
LA_E_2527395_phone.wav,spoof,1.0,spoof,Telephone
LA_E_2541554_phone.wav,bonafide,1.0,spoof,Telephone
LA_E_2541984_phone.wav,bonafide,0.25106445,bonafide,Telephone
LA_E_2542068_phone.wav,spoof,1.0,spoof,Telephone
LA_E_2553182_phone.wav,bonafide,0.9999898,spoof,Telephone
LA_E_2555881_phone.wav,bonafide,1.0,spoof,Telephone
LA_E_2565746_phone.wav,bonafide,1.0,spoof,Telephone
LA_E_2567147_phone.wav,bonafide,1.0,spoof,Telephone
LA_E_2573986_phone.wav,spoof,1.0,spoof,Telephone
LA_E_2575110_phone.wav,spoof,1.0,spoof,Telephone
LA_E_2581969_phone.wav,bonafide,0.9999997,spoof,Telephone
LA_E_2584259_phone.wav,bonafide,0.99993664,spoof,Telephone
LA_E_2590535_phone.wav,bonafide,1.0,spoof,Telephone
LA_E_2601033_phone.wav,bonafide,1.0,spoof,Telephone
LA_E_2605513_phone.wav,spoof,1.0,spoof,Telephone
LA_E_2606568_phone.wav,spoof,1.0,spoof,Telephone
LA_E_2613546_phone.wav,bonafide,1.0,spoof,Telephone
LA_E_2616671_phone.wav,bonafide,1.0,spoof,Telephone
LA_E_2621185_phone.wav,spoof,1.0,spoof,Telephone
LA_E_2633425_phone.wav,spoof,1.0,spoof,Telephone
LA_E_2638344_phone.wav,bonafide,1.0,spoof,Telephone
LA_E_2642124_phone.wav,spoof,1.0,spoof,Telephone
LA_E_2648652_phone.wav,bonafide,1.0,spoof,Telephone
LA_E_2650979_phone.wav,spoof,1.0,spoof,Telephone
LA_E_2662600_phone.wav,bonafide,1.0,spoof,Telephone
LA_E_2667571_phone.wav,bonafide,1.0,spoof,Telephone
LA_E_2668417_phone.wav,bonafide,1.0,spoof,Telephone
LA_E_2670418_phone.wav,bonafide,1.0,spoof,Telephone
LA_E_2714189_phone.wav,bonafide,1.0,spoof,Telephone
LA_E_2729530_phone.wav,spoof,1.0,spoof,Telephone
LA_E_2732113_phone.wav,bonafide,0.9999791,spoof,Telephone
LA_E_2738834_phone.wav,bonafide,0.970757,spoof,Telephone
LA_E_2742375_phone.wav,bonafide,1.0,spoof,Telephone
LA_E_2752330_phone.wav,spoof,1.0,spoof,Telephone
LA_E_2776838_phone.wav,bonafide,1.0,spoof,Telephone
LA_E_2781588_phone.wav,bonafide,1.0,spoof,Telephone
LA_E_2790922_phone.wav,bonafide,1.0,spoof,Telephone
LA_E_2796337_phone.wav,spoof,1.0,spoof,Telephone
LA_E_2801197_phone.wav,spoof,1.0,spoof,Telephone
LA_E_2804436_phone.wav,bonafide,1.0,spoof,Telephone
LA_E_2823635_phone.wav,bonafide,1.0,spoof,Telephone
LA_E_2824075_phone.wav,spoof,0.9999985,spoof,Telephone
LA_E_2833287_phone.wav,spoof,1.0,spoof,Telephone
LA_E_2861061_phone.wav,spoof,1.0,spoof,Telephone
LA_E_2863367_phone.wav,bonafide,1.0,spoof,Telephone
LA_E_2872363_phone.wav,spoof,1.0,spoof,Telephone
LA_E_2899956_phone.wav,bonafide,1.0,spoof,Telephone
LA_E_2902744_phone.wav,spoof,1.0,spoof,Telephone
LA_E_2927167_phone.wav,bonafide,1.0,spoof,Telephone
LA_E_2929931_phone.wav,bonafide,0.9969139,spoof,Telephone
LA_E_2931199_phone.wav,bonafide,1.0,spoof,Telephone
LA_E_2932909_phone.wav,bonafide,1.0,spoof,Telephone
LA_E_2939837_phone.wav,spoof,1.0,spoof,Telephone
LA_E_2946045_phone.wav,spoof,1.0,spoof,Telephone
LA_E_2954058_phone.wav,bonafide,0.9985788,spoof,Telephone
LA_E_2975710_phone.wav,bonafide,1.0,spoof,Telephone
LA_E_2981475_phone.wav,bonafide,1.0,spoof,Telephone
LA_E_2982126_phone.wav,spoof,1.0,spoof,Telephone
LA_E_2989221_phone.wav,spoof,1.0,spoof,Telephone
LA_E_3007040_phone.wav,bonafide,0.97254694,spoof,Telephone
LA_E_3010572_phone.wav,bonafide,1.0,spoof,Telephone
LA_E_3038928_phone.wav,spoof,1.0,spoof,Telephone
LA_E_3089374_phone.wav,spoof,1.0,spoof,Telephone
LA_E_3105979_phone.wav,bonafide,1.0,spoof,Telephone
LA_E_3137023_phone.wav,bonafide,1.0,spoof,Telephone
LA_E_3158386_phone.wav,spoof,1.0,spoof,Telephone
LA_E_3159429_phone.wav,bonafide,0.8951477,spoof,Telephone
LA_E_3161907_phone.wav,spoof,1.0,spoof,Telephone
LA_E_3177764_phone.wav,spoof,1.0,spoof,Telephone
LA_E_3212084_phone.wav,bonafide,0.999999,spoof,Telephone
LA_E_3222774_phone.wav,spoof,1.0,spoof,Telephone
LA_E_3237419_phone.wav,spoof,1.0,spoof,Telephone
LA_E_3245169_phone.wav,spoof,1.0,spoof,Telephone
LA_E_3255325_phone.wav,spoof,1.0,spoof,Telephone
LA_E_3258852_phone.wav,spoof,1.0,spoof,Telephone
LA_E_3261200_phone.wav,spoof,1.0,spoof,Telephone
LA_E_3264532_phone.wav,spoof,1.0,spoof,Telephone
LA_E_3270284_phone.wav,bonafide,1.0,spoof,Telephone
LA_E_3273657_phone.wav,bonafide,1.0,spoof,Telephone
LA_E_3283593_phone.wav,bonafide,1.0,spoof,Telephone
LA_E_3293846_phone.wav,bonafide,0.99993443,spoof,Telephone
LA_E_3323958_phone.wav,spoof,1.0,spoof,Telephone
LA_E_3328733_phone.wav,spoof,1.0,spoof,Telephone
LA_E_3349418_phone.wav,bonafide,1.0,spoof,Telephone
LA_E_3355060_phone.wav,bonafide,1.0,spoof,Telephone
LA_E_3366977_phone.wav,bonafide,1.0,spoof,Telephone
LA_E_3379472_phone.wav,bonafide,1.0,spoof,Telephone
LA_E_3417739_phone.wav,bonafide,0.99998605,spoof,Telephone
LA_E_3427781_phone.wav,bonafide,1.0,spoof,Telephone
LA_E_3445486_phone.wav,bonafide,1.0,spoof,Telephone
LA_E_3457833_phone.wav,bonafide,1.0,spoof,Telephone
LA_E_3467949_phone.wav,bonafide,1.0,spoof,Telephone
LA_E_3473577_phone.wav,bonafide,0.99758,spoof,Telephone
LA_E_3478742_phone.wav,spoof,1.0,spoof,Telephone
LA_E_3498655_phone.wav,spoof,1.0,spoof,Telephone
LA_E_3536857_phone.wav,spoof,1.0,spoof,Telephone
LA_E_3541477_phone.wav,bonafide,1.0,spoof,Telephone
LA_E_3544446_phone.wav,bonafide,1.0,spoof,Telephone
LA_E_3545861_phone.wav,spoof,1.0,spoof,Telephone
LA_E_3549980_phone.wav,spoof,0.99999964,spoof,Telephone
LA_E_3553088_phone.wav,bonafide,0.25438154,bonafide,Telephone
LA_E_3555959_phone.wav,bonafide,1.0,spoof,Telephone
LA_E_3558203_phone.wav,spoof,1.0,spoof,Telephone
LA_E_3566758_phone.wav,bonafide,1.0,spoof,Telephone
LA_E_3570871_phone.wav,bonafide,0.96820164,spoof,Telephone
LA_E_3576992_phone.wav,spoof,1.0,spoof,Telephone
LA_E_3577705_phone.wav,bonafide,1.0,spoof,Telephone
LA_E_3584689_phone.wav,spoof,1.0,spoof,Telephone
LA_E_3593331_phone.wav,bonafide,0.7961081,spoof,Telephone
LA_E_3600431_phone.wav,bonafide,0.99877006,spoof,Telephone
LA_E_3605170_phone.wav,spoof,0.9966372,spoof,Telephone
LA_E_3609940_phone.wav,bonafide,0.9999845,spoof,Telephone
LA_E_3622738_phone.wav,bonafide,0.99998885,spoof,Telephone
LA_E_3623417_phone.wav,bonafide,0.98885083,spoof,Telephone
LA_E_3631189_phone.wav,bonafide,0.9999873,spoof,Telephone
LA_E_3637846_phone.wav,spoof,1.0,spoof,Telephone
LA_E_3673247_phone.wav,spoof,1.0,spoof,Telephone
LA_E_3675565_phone.wav,spoof,1.0,spoof,Telephone
LA_E_3684166_phone.wav,spoof,1.0,spoof,Telephone
LA_E_3685591_phone.wav,bonafide,1.0,spoof,Telephone
LA_E_3686550_phone.wav,spoof,1.0,spoof,Telephone
LA_E_3698859_phone.wav,spoof,1.0,spoof,Telephone
LA_E_3698865_phone.wav,bonafide,1.0,spoof,Telephone
LA_E_3709762_phone.wav,bonafide,0.96407497,spoof,Telephone
LA_E_3716680_phone.wav,bonafide,0.99871945,spoof,Telephone
LA_E_3729886_phone.wav,spoof,1.0,spoof,Telephone
LA_E_3779448_phone.wav,bonafide,0.99693704,spoof,Telephone
LA_E_3782792_phone.wav,bonafide,1.0,spoof,Telephone
LA_E_3784046_phone.wav,spoof,1.0,spoof,Telephone
LA_E_3788812_phone.wav,bonafide,1.0,spoof,Telephone
LA_E_3795142_phone.wav,spoof,1.0,spoof,Telephone
LA_E_3801678_phone.wav,bonafide,0.99931365,spoof,Telephone
LA_E_3817897_phone.wav,bonafide,1.0,spoof,Telephone
LA_E_3819623_phone.wav,spoof,1.0,spoof,Telephone
LA_E_3821622_phone.wav,bonafide,1.0,spoof,Telephone
LA_E_3822402_phone.wav,bonafide,1.0,spoof,Telephone
LA_E_3828016_phone.wav,bonafide,1.0,spoof,Telephone
LA_E_3829556_phone.wav,bonafide,0.99999505,spoof,Telephone
LA_E_3837364_phone.wav,spoof,1.0,spoof,Telephone
LA_E_3837880_phone.wav,spoof,1.0,spoof,Telephone
LA_E_3873584_phone.wav,spoof,1.0,spoof,Telephone
LA_E_3895728_phone.wav,bonafide,1.0,spoof,Telephone
LA_E_3907090_phone.wav,bonafide,0.90268636,spoof,Telephone
LA_E_3924689_phone.wav,bonafide,1.0,spoof,Telephone
LA_E_3932423_phone.wav,spoof,1.0,spoof,Telephone
LA_E_3949734_phone.wav,bonafide,1.0,spoof,Telephone
LA_E_3963839_phone.wav,spoof,1.0,spoof,Telephone
LA_E_3984224_phone.wav,spoof,1.0,spoof,Telephone
LA_E_3996209_phone.wav,bonafide,1.0,spoof,Telephone
LA_E_3997736_phone.wav,spoof,1.0,spoof,Telephone
LA_E_4007361_phone.wav,spoof,1.0,spoof,Telephone
LA_E_4007647_phone.wav,bonafide,1.0,spoof,Telephone
LA_E_4008479_phone.wav,bonafide,1.0,spoof,Telephone
LA_E_4027833_phone.wav,bonafide,0.99998957,spoof,Telephone
LA_E_4044346_phone.wav,bonafide,1.0,spoof,Telephone
LA_E_4049177_phone.wav,bonafide,1.0,spoof,Telephone
LA_E_4072906_phone.wav,spoof,1.0,spoof,Telephone
LA_E_4075729_phone.wav,spoof,1.0,spoof,Telephone
LA_E_4087863_phone.wav,spoof,0.40963572,bonafide,Telephone
LA_E_4096252_phone.wav,bonafide,1.0,spoof,Telephone
LA_E_4098226_phone.wav,spoof,1.0,spoof,Telephone
LA_E_4114134_phone.wav,spoof,1.0,spoof,Telephone
LA_E_4120647_phone.wav,spoof,1.0,spoof,Telephone
LA_E_4121520_phone.wav,spoof,1.0,spoof,Telephone
LA_E_4123455_phone.wav,bonafide,1.0,spoof,Telephone
LA_E_4133576_phone.wav,spoof,1.0,spoof,Telephone
LA_E_4157205_phone.wav,spoof,1.0,spoof,Telephone
LA_E_4169892_phone.wav,bonafide,1.0,spoof,Telephone
LA_E_4173552_phone.wav,bonafide,1.0,spoof,Telephone
LA_E_4188335_phone.wav,bonafide,0.9994151,spoof,Telephone
LA_E_4189597_phone.wav,spoof,1.0,spoof,Telephone
LA_E_4196125_phone.wav,spoof,1.0,spoof,Telephone
LA_E_4203822_phone.wav,spoof,1.0,spoof,Telephone
LA_E_4204674_phone.wav,bonafide,1.0,spoof,Telephone
LA_E_4226873_phone.wav,spoof,1.0,spoof,Telephone
LA_E_4227264_phone.wav,spoof,1.0,spoof,Telephone
LA_E_4229585_phone.wav,spoof,1.0,spoof,Telephone
LA_E_4232439_phone.wav,bonafide,1.0,spoof,Telephone
LA_E_4244071_phone.wav,bonafide,0.9918853,spoof,Telephone
LA_E_4245663_phone.wav,spoof,1.0,spoof,Telephone
LA_E_4249056_phone.wav,spoof,1.0,spoof,Telephone
LA_E_4252425_phone.wav,spoof,1.0,spoof,Telephone
LA_E_4255468_phone.wav,spoof,1.0,spoof,Telephone
LA_E_4268921_phone.wav,spoof,1.0,spoof,Telephone
LA_E_4288899_phone.wav,bonafide,0.13394868,bonafide,Telephone
LA_E_4293094_phone.wav,spoof,1.0,spoof,Telephone
LA_E_4295946_phone.wav,spoof,1.0,spoof,Telephone
LA_E_4306091_phone.wav,spoof,1.0,spoof,Telephone
LA_E_4317439_phone.wav,bonafide,1.0,spoof,Telephone
LA_E_4322643_phone.wav,spoof,1.0,spoof,Telephone
LA_E_4325345_phone.wav,spoof,1.0,spoof,Telephone
LA_E_4329002_phone.wav,spoof,1.0,spoof,Telephone
LA_E_4330724_phone.wav,spoof,0.9874606,spoof,Telephone
LA_E_4332277_phone.wav,bonafide,1.0,spoof,Telephone
LA_E_4343750_phone.wav,spoof,1.0,spoof,Telephone
LA_E_4354303_phone.wav,bonafide,1.0,spoof,Telephone
LA_E_4361685_phone.wav,bonafide,0.99897623,spoof,Telephone
LA_E_4364909_phone.wav,spoof,1.0,spoof,Telephone
LA_E_4376807_phone.wav,spoof,0.9952082,spoof,Telephone
LA_E_4394556_phone.wav,spoof,0.99993646,spoof,Telephone
LA_E_4408825_phone.wav,spoof,1.0,spoof,Telephone
LA_E_4426495_phone.wav,bonafide,1.0,spoof,Telephone
LA_E_4435604_phone.wav,spoof,0.99999994,spoof,Telephone
LA_E_4438054_phone.wav,bonafide,1.0,spoof,Telephone
LA_E_4440967_phone.wav,bonafide,0.9999991,spoof,Telephone
LA_E_4443701_phone.wav,spoof,1.0,spoof,Telephone
LA_E_4446740_phone.wav,bonafide,0.9999987,spoof,Telephone
LA_E_4449377_phone.wav,bonafide,1.0,spoof,Telephone
LA_E_4451075_phone.wav,spoof,1.0,spoof,Telephone
LA_E_4456595_phone.wav,spoof,1.0,spoof,Telephone
LA_E_4459297_phone.wav,spoof,1.0,spoof,Telephone
LA_E_4462732_phone.wav,spoof,1.0,spoof,Telephone
LA_E_4471017_phone.wav,bonafide,1.0,spoof,Telephone
LA_E_4483232_phone.wav,bonafide,1.0,spoof,Telephone
LA_E_4490428_phone.wav,spoof,1.0,spoof,Telephone
LA_E_4493422_phone.wav,bonafide,1.0,spoof,Telephone
LA_E_4494506_phone.wav,bonafide,1.0,spoof,Telephone
LA_E_4497015_phone.wav,spoof,1.0,spoof,Telephone
LA_E_4502910_phone.wav,bonafide,1.0,spoof,Telephone
LA_E_4506237_phone.wav,bonafide,1.0,spoof,Telephone
LA_E_4507003_phone.wav,spoof,1.0,spoof,Telephone
LA_E_4508021_phone.wav,bonafide,0.99024403,spoof,Telephone
LA_E_4511907_phone.wav,spoof,1.0,spoof,Telephone
LA_E_4517012_phone.wav,bonafide,1.0,spoof,Telephone
LA_E_4539824_phone.wav,spoof,1.0,spoof,Telephone
LA_E_4553648_phone.wav,spoof,1.0,spoof,Telephone
LA_E_4567719_phone.wav,bonafide,1.0,spoof,Telephone
LA_E_4582932_phone.wav,spoof,1.0,spoof,Telephone
LA_E_4595563_phone.wav,spoof,1.0,spoof,Telephone
LA_E_4596836_phone.wav,bonafide,0.9999823,spoof,Telephone
LA_E_4600293_phone.wav,bonafide,1.0,spoof,Telephone
LA_E_4605793_phone.wav,bonafide,1.0,spoof,Telephone
LA_E_4612507_phone.wav,bonafide,1.0,spoof,Telephone
LA_E_4618845_phone.wav,bonafide,1.0,spoof,Telephone
LA_E_4619418_phone.wav,bonafide,1.0,spoof,Telephone
LA_E_4639819_phone.wav,spoof,0.9999976,spoof,Telephone
LA_E_4642752_phone.wav,spoof,1.0,spoof,Telephone
LA_E_4644082_phone.wav,spoof,1.0,spoof,Telephone
LA_E_4645942_phone.wav,spoof,1.0,spoof,Telephone
LA_E_4664197_phone.wav,spoof,1.0,spoof,Telephone
LA_E_4665657_phone.wav,bonafide,1.0,spoof,Telephone
LA_E_4676592_phone.wav,bonafide,1.0,spoof,Telephone
LA_E_4680097_phone.wav,bonafide,0.99989545,spoof,Telephone
LA_E_4705575_phone.wav,bonafide,0.9999403,spoof,Telephone
LA_E_4707391_phone.wav,bonafide,1.0,spoof,Telephone
LA_E_4710355_phone.wav,bonafide,1.0,spoof,Telephone
LA_E_4724621_phone.wav,bonafide,1.0,spoof,Telephone
LA_E_4725139_phone.wav,spoof,1.0,spoof,Telephone
LA_E_4741993_phone.wav,spoof,1.0,spoof,Telephone
LA_E_4764011_phone.wav,bonafide,1.0,spoof,Telephone
LA_E_4771468_phone.wav,bonafide,0.999994,spoof,Telephone
LA_E_4775445_phone.wav,bonafide,1.0,spoof,Telephone
LA_E_4790871_phone.wav,spoof,1.0,spoof,Telephone
LA_E_4791988_phone.wav,spoof,1.0,spoof,Telephone
LA_E_4797976_phone.wav,bonafide,1.0,spoof,Telephone
LA_E_4801176_phone.wav,bonafide,1.0,spoof,Telephone
LA_E_4806206_phone.wav,bonafide,1.0,spoof,Telephone
LA_E_4807303_phone.wav,spoof,1.0,spoof,Telephone
LA_E_4826364_phone.wav,spoof,1.0,spoof,Telephone
LA_E_4852262_phone.wav,bonafide,1.0,spoof,Telephone
LA_E_4852626_phone.wav,spoof,1.0,spoof,Telephone
LA_E_4865083_phone.wav,bonafide,1.0,spoof,Telephone
LA_E_4870031_phone.wav,bonafide,1.0,spoof,Telephone
LA_E_4876043_phone.wav,spoof,1.0,spoof,Telephone
LA_E_4903258_phone.wav,spoof,1.0,spoof,Telephone
LA_E_4913160_phone.wav,spoof,1.0,spoof,Telephone
LA_E_4916170_phone.wav,bonafide,1.0,spoof,Telephone
LA_E_4919774_phone.wav,spoof,1.0,spoof,Telephone
LA_E_4920916_phone.wav,spoof,1.0,spoof,Telephone
LA_E_4936104_phone.wav,bonafide,0.9999999,spoof,Telephone
LA_E_4953501_phone.wav,spoof,1.0,spoof,Telephone
LA_E_4971797_phone.wav,spoof,1.0,spoof,Telephone
LA_E_4972083_phone.wav,spoof,1.0,spoof,Telephone
LA_E_4977706_phone.wav,spoof,1.0,spoof,Telephone
LA_E_4982901_phone.wav,spoof,1.0,spoof,Telephone
LA_E_5008274_phone.wav,spoof,1.0,spoof,Telephone
LA_E_5010463_phone.wav,bonafide,1.0,spoof,Telephone
LA_E_5020759_phone.wav,bonafide,0.9999973,spoof,Telephone
LA_E_5034557_phone.wav,spoof,1.0,spoof,Telephone
LA_E_5041287_phone.wav,bonafide,1.0,spoof,Telephone
LA_E_5058525_phone.wav,bonafide,1.0,spoof,Telephone
LA_E_5063578_phone.wav,bonafide,1.0,spoof,Telephone
LA_E_5066446_phone.wav,spoof,1.0,spoof,Telephone
LA_E_5068699_phone.wav,bonafide,1.0,spoof,Telephone
LA_E_5074188_phone.wav,bonafide,1.0,spoof,Telephone
LA_E_5075477_phone.wav,bonafide,1.0,spoof,Telephone
LA_E_5139448_phone.wav,spoof,1.0,spoof,Telephone
LA_E_5147885_phone.wav,bonafide,0.99999976,spoof,Telephone
LA_E_5154555_phone.wav,bonafide,1.0,spoof,Telephone
LA_E_5189173_phone.wav,spoof,1.0,spoof,Telephone
LA_E_5200508_phone.wav,bonafide,1.0,spoof,Telephone
LA_E_5223832_phone.wav,spoof,1.0,spoof,Telephone
LA_E_5228880_phone.wav,spoof,1.0,spoof,Telephone
LA_E_5230985_phone.wav,bonafide,0.2972833,bonafide,Telephone
LA_E_5254282_phone.wav,bonafide,1.0,spoof,Telephone
LA_E_5257092_phone.wav,bonafide,0.99794644,spoof,Telephone
LA_E_5258139_phone.wav,bonafide,1.0,spoof,Telephone
LA_E_5271811_phone.wav,spoof,1.0,spoof,Telephone
LA_E_5343840_phone.wav,spoof,1.0,spoof,Telephone
LA_E_5348151_phone.wav,bonafide,0.9941916,spoof,Telephone
LA_E_5358155_phone.wav,spoof,1.0,spoof,Telephone
LA_E_5372860_phone.wav,spoof,1.0,spoof,Telephone
LA_E_5373692_phone.wav,bonafide,1.0,spoof,Telephone
LA_E_5386161_phone.wav,bonafide,1.0,spoof,Telephone
LA_E_5388984_phone.wav,bonafide,0.99370456,spoof,Telephone
LA_E_5399209_phone.wav,spoof,1.0,spoof,Telephone
LA_E_5414050_phone.wav,spoof,1.0,spoof,Telephone
LA_E_5414206_phone.wav,spoof,1.0,spoof,Telephone
LA_E_5417823_phone.wav,spoof,1.0,spoof,Telephone
LA_E_5422573_phone.wav,spoof,1.0,spoof,Telephone
LA_E_5429696_phone.wav,spoof,1.0,spoof,Telephone
LA_E_5433016_phone.wav,spoof,1.0,spoof,Telephone
LA_E_5435863_phone.wav,spoof,1.0,spoof,Telephone
LA_E_5439039_phone.wav,bonafide,1.0,spoof,Telephone
LA_E_5460529_phone.wav,bonafide,1.0,spoof,Telephone
LA_E_5468092_phone.wav,bonafide,1.0,spoof,Telephone
LA_E_5469597_phone.wav,spoof,0.9999996,spoof,Telephone
LA_E_5471652_phone.wav,spoof,1.0,spoof,Telephone
LA_E_5479759_phone.wav,bonafide,0.98808616,spoof,Telephone
LA_E_5485843_phone.wav,spoof,1.0,spoof,Telephone
LA_E_5487104_phone.wav,spoof,1.0,spoof,Telephone
LA_E_5496047_phone.wav,spoof,1.0,spoof,Telephone
LA_E_5496764_phone.wav,spoof,1.0,spoof,Telephone
LA_E_5501049_phone.wav,spoof,1.0,spoof,Telephone
LA_E_5509548_phone.wav,bonafide,0.99999946,spoof,Telephone
LA_E_5523042_phone.wav,spoof,1.0,spoof,Telephone
LA_E_5547662_phone.wav,bonafide,1.0,spoof,Telephone
LA_E_5567935_phone.wav,spoof,1.0,spoof,Telephone
LA_E_5572637_phone.wav,bonafide,1.0,spoof,Telephone
LA_E_5573939_phone.wav,bonafide,0.99474365,spoof,Telephone
LA_E_5580573_phone.wav,bonafide,0.99768233,spoof,Telephone
LA_E_5588325_phone.wav,bonafide,1.0,spoof,Telephone
LA_E_5588661_phone.wav,bonafide,1.0,spoof,Telephone
LA_E_5609056_phone.wav,spoof,1.0,spoof,Telephone
LA_E_5615123_phone.wav,spoof,1.0,spoof,Telephone
LA_E_5615790_phone.wav,bonafide,1.0,spoof,Telephone
LA_E_5624940_phone.wav,bonafide,0.9636012,spoof,Telephone
LA_E_5628684_phone.wav,bonafide,0.99769044,spoof,Telephone
LA_E_5643555_phone.wav,spoof,1.0,spoof,Telephone
LA_E_5660987_phone.wav,bonafide,0.9998683,spoof,Telephone
LA_E_5663095_phone.wav,spoof,1.0,spoof,Telephone
LA_E_5667284_phone.wav,bonafide,1.0,spoof,Telephone
LA_E_5686141_phone.wav,spoof,1.0,spoof,Telephone
LA_E_5707367_phone.wav,spoof,1.0,spoof,Telephone
LA_E_5713901_phone.wav,spoof,1.0,spoof,Telephone
LA_E_5725907_phone.wav,spoof,1.0,spoof,Telephone
LA_E_5726752_phone.wav,bonafide,1.0,spoof,Telephone
LA_E_5748987_phone.wav,spoof,1.0,spoof,Telephone
LA_E_5751076_phone.wav,bonafide,1.0,spoof,Telephone
LA_E_5753260_phone.wav,bonafide,0.9994557,spoof,Telephone
LA_E_5780087_phone.wav,bonafide,1.0,spoof,Telephone
LA_E_5783203_phone.wav,bonafide,0.99649143,spoof,Telephone
LA_E_5784944_phone.wav,spoof,1.0,spoof,Telephone
LA_E_5817898_phone.wav,bonafide,0.9999864,spoof,Telephone
LA_E_5836870_phone.wav,bonafide,0.888613,spoof,Telephone
LA_E_5847134_phone.wav,spoof,1.0,spoof,Telephone
LA_E_5861413_phone.wav,bonafide,1.0,spoof,Telephone
LA_E_5862272_phone.wav,spoof,1.0,spoof,Telephone
LA_E_5864563_phone.wav,bonafide,1.0,spoof,Telephone
LA_E_5895130_phone.wav,spoof,1.0,spoof,Telephone
LA_E_5906820_phone.wav,bonafide,1.0,spoof,Telephone
LA_E_5910791_phone.wav,spoof,1.0,spoof,Telephone
LA_E_5921124_phone.wav,spoof,1.0,spoof,Telephone
LA_E_5921569_phone.wav,spoof,1.0,spoof,Telephone
LA_E_5929285_phone.wav,spoof,1.0,spoof,Telephone
LA_E_5945273_phone.wav,spoof,1.0,spoof,Telephone
LA_E_5967850_phone.wav,bonafide,1.0,spoof,Telephone
LA_E_5972524_phone.wav,bonafide,1.0,spoof,Telephone
LA_E_5974773_phone.wav,bonafide,1.0,spoof,Telephone
LA_E_5979848_phone.wav,bonafide,1.0,spoof,Telephone
LA_E_5980083_phone.wav,spoof,1.0,spoof,Telephone
LA_E_5980440_phone.wav,bonafide,1.0,spoof,Telephone
LA_E_5995134_phone.wav,spoof,1.0,spoof,Telephone
LA_E_6009231_phone.wav,spoof,1.0,spoof,Telephone
LA_E_6013078_phone.wav,spoof,1.0,spoof,Telephone
LA_E_6018920_phone.wav,spoof,1.0,spoof,Telephone
LA_E_6021027_phone.wav,spoof,1.0,spoof,Telephone
LA_E_6030623_phone.wav,spoof,1.0,spoof,Telephone
LA_E_6035533_phone.wav,spoof,1.0,spoof,Telephone
LA_E_6037005_phone.wav,bonafide,1.0,spoof,Telephone
LA_E_6067786_phone.wav,spoof,1.0,spoof,Telephone
LA_E_6067970_phone.wav,bonafide,1.0,spoof,Telephone
LA_E_6069382_phone.wav,spoof,1.0,spoof,Telephone
LA_E_6088839_phone.wav,spoof,1.0,spoof,Telephone
LA_E_6095822_phone.wav,spoof,1.0,spoof,Telephone
LA_E_6108915_phone.wav,spoof,1.0,spoof,Telephone
LA_E_6118088_phone.wav,bonafide,0.9999988,spoof,Telephone
LA_E_6126706_phone.wav,spoof,1.0,spoof,Telephone
LA_E_6128759_phone.wav,bonafide,0.98655945,spoof,Telephone
LA_E_6131407_phone.wav,bonafide,1.0,spoof,Telephone
LA_E_6147431_phone.wav,bonafide,1.0,spoof,Telephone
LA_E_6154182_phone.wav,spoof,0.9070818,spoof,Telephone
LA_E_6167002_phone.wav,spoof,1.0,spoof,Telephone
LA_E_6168960_phone.wav,spoof,1.0,spoof,Telephone
LA_E_6181214_phone.wav,bonafide,1.0,spoof,Telephone
LA_E_6189894_phone.wav,bonafide,1.0,spoof,Telephone
LA_E_6192712_phone.wav,spoof,1.0,spoof,Telephone
LA_E_6201385_phone.wav,bonafide,1.0,spoof,Telephone
LA_E_6208001_phone.wav,spoof,1.0,spoof,Telephone
LA_E_6208740_phone.wav,spoof,1.0,spoof,Telephone
LA_E_6212470_phone.wav,spoof,1.0,spoof,Telephone
LA_E_6212486_phone.wav,spoof,1.0,spoof,Telephone
LA_E_6225729_phone.wav,spoof,1.0,spoof,Telephone
LA_E_6246933_phone.wav,bonafide,1.0,spoof,Telephone
LA_E_6260605_phone.wav,spoof,1.0,spoof,Telephone
LA_E_6261281_phone.wav,bonafide,1.0,spoof,Telephone
LA_E_6266185_phone.wav,spoof,1.0,spoof,Telephone
LA_E_6267816_phone.wav,spoof,1.0,spoof,Telephone
LA_E_6274230_phone.wav,spoof,1.0,spoof,Telephone
LA_E_6278531_phone.wav,spoof,1.0,spoof,Telephone
LA_E_6279016_phone.wav,spoof,1.0,spoof,Telephone
LA_E_6283292_phone.wav,spoof,1.0,spoof,Telephone
LA_E_6298488_phone.wav,spoof,1.0,spoof,Telephone
LA_E_6300618_phone.wav,spoof,1.0,spoof,Telephone
LA_E_6322937_phone.wav,spoof,1.0,spoof,Telephone
LA_E_6324052_phone.wav,spoof,1.0,spoof,Telephone
LA_E_6324571_phone.wav,bonafide,1.0,spoof,Telephone
LA_E_6328055_phone.wav,spoof,1.0,spoof,Telephone
LA_E_6334492_phone.wav,spoof,1.0,spoof,Telephone
LA_E_6337183_phone.wav,spoof,1.0,spoof,Telephone
LA_E_6368818_phone.wav,spoof,1.0,spoof,Telephone
LA_E_6372044_phone.wav,bonafide,1.0,spoof,Telephone
LA_E_6376280_phone.wav,spoof,1.0,spoof,Telephone
LA_E_6377807_phone.wav,spoof,1.0,spoof,Telephone
LA_E_6397049_phone.wav,spoof,1.0,spoof,Telephone
LA_E_6397734_phone.wav,spoof,1.0,spoof,Telephone
LA_E_6398678_phone.wav,spoof,1.0,spoof,Telephone
LA_E_6410992_phone.wav,bonafide,0.92461205,spoof,Telephone
LA_E_6422459_phone.wav,bonafide,1.0,spoof,Telephone
LA_E_6439636_phone.wav,bonafide,1.0,spoof,Telephone
LA_E_6462173_phone.wav,spoof,1.0,spoof,Telephone
LA_E_6467729_phone.wav,bonafide,0.67220765,spoof,Telephone
LA_E_6468342_phone.wav,spoof,1.0,spoof,Telephone
LA_E_6471133_phone.wav,bonafide,1.0,spoof,Telephone
LA_E_6488985_phone.wav,bonafide,0.680256,spoof,Telephone
LA_E_6502439_phone.wav,bonafide,1.0,spoof,Telephone
LA_E_6513799_phone.wav,spoof,1.0,spoof,Telephone
LA_E_6522406_phone.wav,spoof,1.0,spoof,Telephone
LA_E_6531800_phone.wav,bonafide,1.0,spoof,Telephone
LA_E_6535624_phone.wav,spoof,1.0,spoof,Telephone
LA_E_6544084_phone.wav,spoof,1.0,spoof,Telephone
LA_E_6549773_phone.wav,bonafide,0.97845185,spoof,Telephone
LA_E_6553783_phone.wav,spoof,1.0,spoof,Telephone
LA_E_6563418_phone.wav,bonafide,1.0,spoof,Telephone
LA_E_6570504_phone.wav,bonafide,0.9705852,spoof,Telephone
LA_E_6575727_phone.wav,spoof,1.0,spoof,Telephone
LA_E_6576463_phone.wav,bonafide,1.0,spoof,Telephone
LA_E_6580034_phone.wav,bonafide,1.0,spoof,Telephone
LA_E_6588171_phone.wav,spoof,1.0,spoof,Telephone
LA_E_6592171_phone.wav,bonafide,1.0,spoof,Telephone
LA_E_6610003_phone.wav,bonafide,1.0,spoof,Telephone
LA_E_6616034_phone.wav,spoof,1.0,spoof,Telephone
LA_E_6619416_phone.wav,bonafide,1.0,spoof,Telephone
LA_E_6619902_phone.wav,bonafide,1.0,spoof,Telephone
LA_E_6629464_phone.wav,bonafide,0.9991904,spoof,Telephone
LA_E_6651738_phone.wav,bonafide,1.0,spoof,Telephone
LA_E_6662197_phone.wav,spoof,1.0,spoof,Telephone
LA_E_6664518_phone.wav,spoof,1.0,spoof,Telephone
LA_E_6668714_phone.wav,bonafide,1.0,spoof,Telephone
LA_E_6677864_phone.wav,bonafide,0.9733835,spoof,Telephone
LA_E_6709826_phone.wav,bonafide,1.0,spoof,Telephone
LA_E_6715486_phone.wav,bonafide,1.0,spoof,Telephone
LA_E_6727880_phone.wav,spoof,1.0,spoof,Telephone
LA_E_6735205_phone.wav,spoof,1.0,spoof,Telephone
LA_E_6737996_phone.wav,spoof,1.0,spoof,Telephone
LA_E_6744354_phone.wav,spoof,1.0,spoof,Telephone
LA_E_6755783_phone.wav,spoof,1.0,spoof,Telephone
LA_E_6758797_phone.wav,bonafide,0.9036127,spoof,Telephone
LA_E_6764440_phone.wav,bonafide,1.0,spoof,Telephone
LA_E_6801169_phone.wav,bonafide,1.0,spoof,Telephone
LA_E_6802655_phone.wav,bonafide,1.0,spoof,Telephone
LA_E_6806125_phone.wav,spoof,1.0,spoof,Telephone
LA_E_6811384_phone.wav,bonafide,1.0,spoof,Telephone
LA_E_6823150_phone.wav,bonafide,0.9999997,spoof,Telephone
LA_E_6839054_phone.wav,spoof,1.0,spoof,Telephone
LA_E_6860497_phone.wav,spoof,0.9999988,spoof,Telephone
LA_E_6874952_phone.wav,spoof,1.0,spoof,Telephone
LA_E_6901131_phone.wav,bonafide,1.0,spoof,Telephone
LA_E_6917010_phone.wav,bonafide,1.0,spoof,Telephone
LA_E_6929676_phone.wav,bonafide,1.0,spoof,Telephone
LA_E_6932423_phone.wav,spoof,1.0,spoof,Telephone
LA_E_6936076_phone.wav,spoof,1.0,spoof,Telephone
LA_E_6946017_phone.wav,bonafide,1.0,spoof,Telephone
LA_E_6952476_phone.wav,bonafide,1.0,spoof,Telephone
LA_E_6953241_phone.wav,spoof,1.0,spoof,Telephone
LA_E_6954385_phone.wav,bonafide,1.0,spoof,Telephone
LA_E_6957133_phone.wav,bonafide,0.9999244,spoof,Telephone
LA_E_6959086_phone.wav,spoof,1.0,spoof,Telephone
LA_E_6975258_phone.wav,spoof,1.0,spoof,Telephone
LA_E_6990109_phone.wav,bonafide,0.9999989,spoof,Telephone
LA_E_7020783_phone.wav,bonafide,0.9999999,spoof,Telephone
LA_E_7023677_phone.wav,spoof,1.0,spoof,Telephone
LA_E_7036499_phone.wav,spoof,1.0,spoof,Telephone
LA_E_7056770_phone.wav,bonafide,1.0,spoof,Telephone
LA_E_7073340_phone.wav,bonafide,1.0,spoof,Telephone
LA_E_7088834_phone.wav,spoof,1.0,spoof,Telephone
LA_E_7105728_phone.wav,bonafide,0.9999951,spoof,Telephone
LA_E_7107096_phone.wav,spoof,1.0,spoof,Telephone
LA_E_7125363_phone.wav,bonafide,1.0,spoof,Telephone
LA_E_7130668_phone.wav,bonafide,1.0,spoof,Telephone
LA_E_7135747_phone.wav,spoof,1.0,spoof,Telephone
LA_E_7146859_phone.wav,bonafide,1.0,spoof,Telephone
LA_E_7159151_phone.wav,spoof,1.0,spoof,Telephone
LA_E_7164616_phone.wav,bonafide,1.0,spoof,Telephone
LA_E_7171505_phone.wav,bonafide,1.0,spoof,Telephone
LA_E_7180818_phone.wav,bonafide,1.0,spoof,Telephone
LA_E_7192318_phone.wav,bonafide,1.0,spoof,Telephone
LA_E_7211416_phone.wav,bonafide,1.0,spoof,Telephone
LA_E_7214407_phone.wav,bonafide,0.9994091,spoof,Telephone
LA_E_7224206_phone.wav,spoof,1.0,spoof,Telephone
LA_E_7225142_phone.wav,bonafide,1.0,spoof,Telephone
LA_E_7228318_phone.wav,spoof,1.0,spoof,Telephone
LA_E_7234316_phone.wav,bonafide,0.99999905,spoof,Telephone
LA_E_7238684_phone.wav,bonafide,1.0,spoof,Telephone
LA_E_7249289_phone.wav,bonafide,1.0,spoof,Telephone
LA_E_7271898_phone.wav,spoof,1.0,spoof,Telephone
LA_E_7272308_phone.wav,bonafide,0.9864562,spoof,Telephone
LA_E_7272984_phone.wav,bonafide,0.99171317,spoof,Telephone
LA_E_7277286_phone.wav,bonafide,1.0,spoof,Telephone
LA_E_7278246_phone.wav,spoof,1.0,spoof,Telephone
LA_E_7307487_phone.wav,bonafide,1.0,spoof,Telephone
LA_E_7319563_phone.wav,spoof,1.0,spoof,Telephone
LA_E_7322085_phone.wav,bonafide,1.0,spoof,Telephone
LA_E_7322638_phone.wav,spoof,1.0,spoof,Telephone
LA_E_7336388_phone.wav,spoof,1.0,spoof,Telephone
LA_E_7344119_phone.wav,bonafide,1.0,spoof,Telephone
LA_E_7350828_phone.wav,spoof,1.0,spoof,Telephone
LA_E_7352456_phone.wav,spoof,1.0,spoof,Telephone
LA_E_7364537_phone.wav,spoof,1.0,spoof,Telephone
LA_E_7369290_phone.wav,bonafide,1.0,spoof,Telephone
LA_E_7369736_phone.wav,bonafide,1.0,spoof,Telephone
LA_E_7403148_phone.wav,spoof,1.0,spoof,Telephone
LA_E_7410535_phone.wav,bonafide,1.0,spoof,Telephone
LA_E_7417382_phone.wav,spoof,1.0,spoof,Telephone
LA_E_7419946_phone.wav,bonafide,1.0,spoof,Telephone
LA_E_7440311_phone.wav,spoof,1.0,spoof,Telephone
LA_E_7443048_phone.wav,bonafide,0.99983937,spoof,Telephone
LA_E_7443216_phone.wav,spoof,1.0,spoof,Telephone
LA_E_7451005_phone.wav,spoof,1.0,spoof,Telephone
LA_E_7455353_phone.wav,bonafide,1.0,spoof,Telephone
LA_E_7462205_phone.wav,spoof,1.0,spoof,Telephone
LA_E_7471911_phone.wav,bonafide,1.0,spoof,Telephone
LA_E_7473891_phone.wav,spoof,1.0,spoof,Telephone
LA_E_7483475_phone.wav,bonafide,0.625304,spoof,Telephone
LA_E_7487210_phone.wav,bonafide,0.9999998,spoof,Telephone
LA_E_7491844_phone.wav,spoof,1.0,spoof,Telephone
LA_E_7501521_phone.wav,bonafide,1.0,spoof,Telephone
LA_E_7514950_phone.wav,spoof,1.0,spoof,Telephone
LA_E_7525483_phone.wav,bonafide,0.9998327,spoof,Telephone
LA_E_7531986_phone.wav,bonafide,1.0,spoof,Telephone
LA_E_7533772_phone.wav,spoof,1.0,spoof,Telephone
LA_E_7536290_phone.wav,spoof,1.0,spoof,Telephone
LA_E_7579803_phone.wav,spoof,1.0,spoof,Telephone
LA_E_7592843_phone.wav,spoof,1.0,spoof,Telephone
LA_E_7602365_phone.wav,bonafide,1.0,spoof,Telephone
LA_E_7603857_phone.wav,bonafide,1.0,spoof,Telephone
LA_E_7603920_phone.wav,bonafide,1.0,spoof,Telephone
LA_E_7611723_phone.wav,spoof,1.0,spoof,Telephone
LA_E_7616466_phone.wav,bonafide,1.0,spoof,Telephone
LA_E_7625613_phone.wav,spoof,1.0,spoof,Telephone
LA_E_7632803_phone.wav,bonafide,0.9885451,spoof,Telephone
LA_E_7634666_phone.wav,spoof,1.0,spoof,Telephone
LA_E_7643568_phone.wav,bonafide,1.0,spoof,Telephone
LA_E_7645690_phone.wav,bonafide,1.0,spoof,Telephone
LA_E_7648787_phone.wav,bonafide,1.0,spoof,Telephone
LA_E_7658848_phone.wav,spoof,1.0,spoof,Telephone
LA_E_7660982_phone.wav,bonafide,1.0,spoof,Telephone
LA_E_7675318_phone.wav,bonafide,0.9999814,spoof,Telephone
LA_E_7676371_phone.wav,bonafide,1.0,spoof,Telephone
LA_E_7677282_phone.wav,spoof,1.0,spoof,Telephone
LA_E_7677820_phone.wav,spoof,1.0,spoof,Telephone
LA_E_7685365_phone.wav,spoof,1.0,spoof,Telephone
LA_E_7699956_phone.wav,spoof,1.0,spoof,Telephone
LA_E_7708650_phone.wav,bonafide,0.99999076,spoof,Telephone
LA_E_7712207_phone.wav,spoof,1.0,spoof,Telephone
LA_E_7728417_phone.wav,bonafide,0.98177004,spoof,Telephone
LA_E_7733356_phone.wav,bonafide,1.0,spoof,Telephone
LA_E_7751289_phone.wav,spoof,1.0,spoof,Telephone
LA_E_7753593_phone.wav,spoof,1.0,spoof,Telephone
LA_E_7758243_phone.wav,spoof,0.99988204,spoof,Telephone
LA_E_7760308_phone.wav,spoof,1.0,spoof,Telephone
LA_E_7772704_phone.wav,bonafide,1.0,spoof,Telephone
LA_E_7781073_phone.wav,spoof,1.0,spoof,Telephone
LA_E_7783675_phone.wav,spoof,1.0,spoof,Telephone
LA_E_7813568_phone.wav,spoof,1.0,spoof,Telephone
LA_E_7830498_phone.wav,bonafide,1.0,spoof,Telephone
LA_E_7839360_phone.wav,bonafide,1.0,spoof,Telephone
LA_E_7842660_phone.wav,spoof,1.0,spoof,Telephone
LA_E_7844012_phone.wav,spoof,1.0,spoof,Telephone
LA_E_7850213_phone.wav,bonafide,0.9996044,spoof,Telephone
LA_E_7862182_phone.wav,bonafide,1.0,spoof,Telephone
LA_E_7863290_phone.wav,bonafide,1.0,spoof,Telephone
LA_E_7875012_phone.wav,bonafide,1.0,spoof,Telephone
LA_E_7902329_phone.wav,bonafide,1.0,spoof,Telephone
LA_E_7927682_phone.wav,spoof,0.9999999,spoof,Telephone
LA_E_7938298_phone.wav,spoof,1.0,spoof,Telephone
LA_E_7945785_phone.wav,bonafide,1.0,spoof,Telephone
LA_E_7951266_phone.wav,bonafide,1.0,spoof,Telephone
LA_E_7961057_phone.wav,bonafide,1.0,spoof,Telephone
LA_E_7961634_phone.wav,bonafide,1.0,spoof,Telephone
LA_E_7967148_phone.wav,spoof,0.08152247,bonafide,Telephone
LA_E_7970060_phone.wav,bonafide,1.0,spoof,Telephone
LA_E_7994918_phone.wav,spoof,1.0,spoof,Telephone
LA_E_7997193_phone.wav,spoof,1.0,spoof,Telephone
LA_E_8006424_phone.wav,bonafide,0.9997708,spoof,Telephone
LA_E_8008613_phone.wav,bonafide,1.0,spoof,Telephone
LA_E_8057592_phone.wav,bonafide,1.0,spoof,Telephone
LA_E_8071748_phone.wav,spoof,1.0,spoof,Telephone
LA_E_8099558_phone.wav,bonafide,1.0,spoof,Telephone
LA_E_8107687_phone.wav,bonafide,1.0,spoof,Telephone
LA_E_8114243_phone.wav,spoof,1.0,spoof,Telephone
LA_E_8123735_phone.wav,bonafide,1.0,spoof,Telephone
LA_E_8127881_phone.wav,spoof,1.0,spoof,Telephone
LA_E_8135416_phone.wav,bonafide,0.77565354,spoof,Telephone
LA_E_8135645_phone.wav,bonafide,1.0,spoof,Telephone
LA_E_8137396_phone.wav,spoof,1.0,spoof,Telephone
LA_E_8138863_phone.wav,spoof,1.0,spoof,Telephone
LA_E_8143823_phone.wav,spoof,1.0,spoof,Telephone
LA_E_8148385_phone.wav,bonafide,1.0,spoof,Telephone
LA_E_8151183_phone.wav,spoof,1.0,spoof,Telephone
LA_E_8151959_phone.wav,bonafide,1.0,spoof,Telephone
LA_E_8194428_phone.wav,bonafide,1.0,spoof,Telephone
LA_E_8194735_phone.wav,spoof,1.0,spoof,Telephone
LA_E_8202133_phone.wav,bonafide,0.84534496,spoof,Telephone
LA_E_8209138_phone.wav,bonafide,0.99999803,spoof,Telephone
LA_E_8223877_phone.wav,bonafide,1.0,spoof,Telephone
LA_E_8234832_phone.wav,bonafide,0.83348656,spoof,Telephone
LA_E_8253036_phone.wav,bonafide,1.0,spoof,Telephone
LA_E_8256003_phone.wav,bonafide,1.0,spoof,Telephone
LA_E_8264854_phone.wav,spoof,1.0,spoof,Telephone
LA_E_8274206_phone.wav,bonafide,1.0,spoof,Telephone
LA_E_8278378_phone.wav,bonafide,0.9956549,spoof,Telephone
LA_E_8279567_phone.wav,spoof,1.0,spoof,Telephone
LA_E_8284844_phone.wav,spoof,1.0,spoof,Telephone
LA_E_8296247_phone.wav,bonafide,1.0,spoof,Telephone
LA_E_8313081_phone.wav,bonafide,1.0,spoof,Telephone
LA_E_8316270_phone.wav,spoof,1.0,spoof,Telephone
LA_E_8318206_phone.wav,spoof,1.0,spoof,Telephone
LA_E_8319260_phone.wav,bonafide,0.06869126,bonafide,Telephone
LA_E_8321077_phone.wav,bonafide,1.0,spoof,Telephone
LA_E_8324310_phone.wav,spoof,1.0,spoof,Telephone
LA_E_8325045_phone.wav,spoof,0.9960564,spoof,Telephone
LA_E_8329616_phone.wav,spoof,1.0,spoof,Telephone
LA_E_8330989_phone.wav,spoof,1.0,spoof,Telephone
LA_E_8342966_phone.wav,spoof,1.0,spoof,Telephone
LA_E_8353060_phone.wav,bonafide,1.0,spoof,Telephone
LA_E_8354311_phone.wav,bonafide,0.96218044,spoof,Telephone
LA_E_8360530_phone.wav,bonafide,0.107960396,bonafide,Telephone
LA_E_8364290_phone.wav,spoof,1.0,spoof,Telephone
LA_E_8369821_phone.wav,spoof,1.0,spoof,Telephone
LA_E_8382259_phone.wav,bonafide,0.92922765,spoof,Telephone
LA_E_8383122_phone.wav,bonafide,0.23122789,bonafide,Telephone
LA_E_8383419_phone.wav,spoof,1.0,spoof,Telephone
LA_E_8415420_phone.wav,spoof,1.0,spoof,Telephone
LA_E_8421723_phone.wav,spoof,1.0,spoof,Telephone
LA_E_8445080_phone.wav,bonafide,1.0,spoof,Telephone
LA_E_8447482_phone.wav,spoof,1.0,spoof,Telephone
LA_E_8469034_phone.wav,spoof,1.0,spoof,Telephone
LA_E_8478378_phone.wav,spoof,1.0,spoof,Telephone
LA_E_8478765_phone.wav,bonafide,0.9999367,spoof,Telephone
LA_E_8482873_phone.wav,spoof,1.0,spoof,Telephone
LA_E_8494436_phone.wav,spoof,1.0,spoof,Telephone
LA_E_8500706_phone.wav,bonafide,1.0,spoof,Telephone
LA_E_8507678_phone.wav,spoof,1.0,spoof,Telephone
LA_E_8516535_phone.wav,bonafide,0.9893807,spoof,Telephone
LA_E_8545192_phone.wav,spoof,1.0,spoof,Telephone
LA_E_8545888_phone.wav,spoof,1.0,spoof,Telephone
LA_E_8547229_phone.wav,spoof,1.0,spoof,Telephone
LA_E_8550757_phone.wav,bonafide,0.98637307,spoof,Telephone
LA_E_8551226_phone.wav,spoof,1.0,spoof,Telephone
LA_E_8572237_phone.wav,bonafide,1.0,spoof,Telephone
LA_E_8585847_phone.wav,spoof,1.0,spoof,Telephone
LA_E_8598615_phone.wav,bonafide,0.99998933,spoof,Telephone
LA_E_8609092_phone.wav,bonafide,0.9999919,spoof,Telephone
LA_E_8624167_phone.wav,bonafide,1.0,spoof,Telephone
LA_E_8637006_phone.wav,spoof,1.0,spoof,Telephone
LA_E_8639104_phone.wav,bonafide,0.91486335,spoof,Telephone
LA_E_8650808_phone.wav,spoof,1.0,spoof,Telephone
LA_E_8659902_phone.wav,bonafide,1.0,spoof,Telephone
LA_E_8672238_phone.wav,spoof,1.0,spoof,Telephone
LA_E_8679347_phone.wav,bonafide,1.0,spoof,Telephone
LA_E_8681058_phone.wav,bonafide,1.0,spoof,Telephone
LA_E_8697642_phone.wav,spoof,1.0,spoof,Telephone
LA_E_8722640_phone.wav,spoof,1.0,spoof,Telephone
LA_E_8726801_phone.wav,spoof,1.0,spoof,Telephone
LA_E_8730039_phone.wav,spoof,1.0,spoof,Telephone
LA_E_8733829_phone.wav,bonafide,1.0,spoof,Telephone
LA_E_8737438_phone.wav,spoof,1.0,spoof,Telephone
LA_E_8746865_phone.wav,spoof,1.0,spoof,Telephone
LA_E_8751912_phone.wav,spoof,1.0,spoof,Telephone
LA_E_8757163_phone.wav,spoof,0.9999959,spoof,Telephone
LA_E_8762411_phone.wav,bonafide,1.0,spoof,Telephone
LA_E_8769684_phone.wav,bonafide,0.9999992,spoof,Telephone
LA_E_8777854_phone.wav,spoof,1.0,spoof,Telephone
LA_E_8808068_phone.wav,spoof,1.0,spoof,Telephone
LA_E_8811224_phone.wav,bonafide,1.0,spoof,Telephone
LA_E_8813135_phone.wav,spoof,1.0,spoof,Telephone
LA_E_8832325_phone.wav,bonafide,1.0,spoof,Telephone
LA_E_8843893_phone.wav,bonafide,1.0,spoof,Telephone
LA_E_8844930_phone.wav,spoof,1.0,spoof,Telephone
LA_E_8852053_phone.wav,bonafide,1.0,spoof,Telephone
LA_E_8854900_phone.wav,spoof,1.0,spoof,Telephone
LA_E_8859944_phone.wav,bonafide,1.0,spoof,Telephone
LA_E_8888975_phone.wav,spoof,1.0,spoof,Telephone
LA_E_8898947_phone.wav,spoof,1.0,spoof,Telephone
LA_E_8911287_phone.wav,spoof,1.0,spoof,Telephone
LA_E_8919738_phone.wav,spoof,1.0,spoof,Telephone
LA_E_8926105_phone.wav,bonafide,1.0,spoof,Telephone
LA_E_8941837_phone.wav,spoof,1.0,spoof,Telephone
LA_E_8943674_phone.wav,spoof,1.0,spoof,Telephone
LA_E_8949905_phone.wav,bonafide,1.0,spoof,Telephone
LA_E_8954135_phone.wav,spoof,1.0,spoof,Telephone
LA_E_8955106_phone.wav,spoof,1.0,spoof,Telephone
LA_E_8962616_phone.wav,bonafide,1.0,spoof,Telephone
LA_E_8966254_phone.wav,spoof,1.0,spoof,Telephone
LA_E_8970410_phone.wav,spoof,1.0,spoof,Telephone
LA_E_8982382_phone.wav,spoof,1.0,spoof,Telephone
LA_E_8985734_phone.wav,bonafide,1.0,spoof,Telephone
LA_E_8995638_phone.wav,bonafide,1.0,spoof,Telephone
LA_E_9011033_phone.wav,spoof,1.0,spoof,Telephone
LA_E_9018476_phone.wav,bonafide,1.0,spoof,Telephone
LA_E_9019903_phone.wav,spoof,1.0,spoof,Telephone
LA_E_9043201_phone.wav,spoof,1.0,spoof,Telephone
LA_E_9050668_phone.wav,bonafide,1.0,spoof,Telephone
LA_E_9053264_phone.wav,spoof,1.0,spoof,Telephone
LA_E_9069661_phone.wav,bonafide,1.0,spoof,Telephone
LA_E_9079888_phone.wav,spoof,1.0,spoof,Telephone
LA_E_9106414_phone.wav,spoof,1.0,spoof,Telephone
LA_E_9108302_phone.wav,bonafide,1.0,spoof,Telephone
LA_E_9116424_phone.wav,spoof,1.0,spoof,Telephone
LA_E_9147080_phone.wav,spoof,1.0,spoof,Telephone
LA_E_9154249_phone.wav,bonafide,1.0,spoof,Telephone
LA_E_9160824_phone.wav,bonafide,0.99999934,spoof,Telephone
LA_E_9162748_phone.wav,spoof,1.0,spoof,Telephone
LA_E_9204515_phone.wav,spoof,0.99475116,spoof,Telephone
LA_E_9211616_phone.wav,bonafide,1.0,spoof,Telephone
LA_E_9214440_phone.wav,bonafide,1.0,spoof,Telephone
LA_E_9242358_phone.wav,spoof,1.0,spoof,Telephone
LA_E_9285491_phone.wav,spoof,1.0,spoof,Telephone
LA_E_9290139_phone.wav,spoof,0.99998116,spoof,Telephone
LA_E_9290615_phone.wav,bonafide,1.0,spoof,Telephone
LA_E_9295590_phone.wav,bonafide,0.99997514,spoof,Telephone
LA_E_9304032_phone.wav,bonafide,1.0,spoof,Telephone
LA_E_9316802_phone.wav,bonafide,0.9994114,spoof,Telephone
LA_E_9339157_phone.wav,spoof,1.0,spoof,Telephone
LA_E_9350635_phone.wav,bonafide,0.6825537,spoof,Telephone
LA_E_9364987_phone.wav,spoof,1.0,spoof,Telephone
LA_E_9377307_phone.wav,bonafide,0.64240104,spoof,Telephone
LA_E_9377546_phone.wav,bonafide,1.0,spoof,Telephone
LA_E_9388082_phone.wav,spoof,0.9999365,spoof,Telephone
LA_E_9390023_phone.wav,bonafide,1.0,spoof,Telephone
LA_E_9394007_phone.wav,spoof,1.0,spoof,Telephone
LA_E_9395892_phone.wav,bonafide,1.0,spoof,Telephone
LA_E_9397715_phone.wav,bonafide,0.999473,spoof,Telephone
LA_E_9401966_phone.wav,spoof,1.0,spoof,Telephone
LA_E_9415862_phone.wav,bonafide,0.06240765,bonafide,Telephone
LA_E_9420195_phone.wav,spoof,1.0,spoof,Telephone
LA_E_9445132_phone.wav,bonafide,0.9996477,spoof,Telephone
LA_E_9453739_phone.wav,spoof,1.0,spoof,Telephone
LA_E_9457688_phone.wav,bonafide,1.0,spoof,Telephone
LA_E_9465102_phone.wav,spoof,1.0,spoof,Telephone
LA_E_9475703_phone.wav,spoof,1.0,spoof,Telephone
LA_E_9498982_phone.wav,spoof,1.0,spoof,Telephone
LA_E_9502086_phone.wav,bonafide,0.9999887,spoof,Telephone
LA_E_9516972_phone.wav,spoof,1.0,spoof,Telephone
LA_E_9529847_phone.wav,spoof,1.0,spoof,Telephone
LA_E_9546124_phone.wav,bonafide,1.0,spoof,Telephone
LA_E_9547142_phone.wav,spoof,1.0,spoof,Telephone
LA_E_9551279_phone.wav,spoof,1.0,spoof,Telephone
LA_E_9568757_phone.wav,spoof,1.0,spoof,Telephone
LA_E_9576410_phone.wav,bonafide,0.99999994,spoof,Telephone
LA_E_9594436_phone.wav,bonafide,1.0,spoof,Telephone
LA_E_9606810_phone.wav,bonafide,1.0,spoof,Telephone
LA_E_9611163_phone.wav,bonafide,1.0,spoof,Telephone
LA_E_9615935_phone.wav,bonafide,1.0,spoof,Telephone
LA_E_9628842_phone.wav,bonafide,0.96240443,spoof,Telephone
LA_E_9648847_phone.wav,spoof,1.0,spoof,Telephone
LA_E_9669594_phone.wav,bonafide,1.0,spoof,Telephone
LA_E_9670886_phone.wav,spoof,1.0,spoof,Telephone
LA_E_9671924_phone.wav,spoof,1.0,spoof,Telephone
LA_E_9696236_phone.wav,bonafide,0.99977595,spoof,Telephone
LA_E_9697917_phone.wav,bonafide,1.0,spoof,Telephone
LA_E_9702272_phone.wav,spoof,1.0,spoof,Telephone
LA_E_9703799_phone.wav,spoof,1.0,spoof,Telephone
LA_E_9716628_phone.wav,spoof,1.0,spoof,Telephone
LA_E_9719105_phone.wav,spoof,1.0,spoof,Telephone
LA_E_9746649_phone.wav,spoof,1.0,spoof,Telephone
LA_E_9751703_phone.wav,bonafide,1.0,spoof,Telephone
LA_E_9769304_phone.wav,bonafide,0.999927,spoof,Telephone
LA_E_9779446_phone.wav,bonafide,1.0,spoof,Telephone
LA_E_9789812_phone.wav,spoof,1.0,spoof,Telephone
LA_E_9791921_phone.wav,spoof,1.0,spoof,Telephone
LA_E_9820229_phone.wav,bonafide,1.0,spoof,Telephone
LA_E_9823009_phone.wav,bonafide,0.99735326,spoof,Telephone
LA_E_9827732_phone.wav,spoof,1.0,spoof,Telephone
LA_E_9830351_phone.wav,bonafide,1.0,spoof,Telephone
LA_E_9830974_phone.wav,spoof,1.0,spoof,Telephone
LA_E_9839751_phone.wav,bonafide,0.58827114,spoof,Telephone
LA_E_9859405_phone.wav,bonafide,0.9999989,spoof,Telephone
LA_E_9859985_phone.wav,bonafide,0.98142195,spoof,Telephone
LA_E_9868028_phone.wav,bonafide,1.0,spoof,Telephone
LA_E_9873134_phone.wav,bonafide,1.0,spoof,Telephone
LA_E_9877947_phone.wav,spoof,1.0,spoof,Telephone
LA_E_9879743_phone.wav,bonafide,1.0,spoof,Telephone
LA_E_9881948_phone.wav,spoof,1.0,spoof,Telephone
LA_E_9883796_phone.wav,spoof,1.0,spoof,Telephone
LA_E_9916120_phone.wav,bonafide,1.0,spoof,Telephone
LA_E_9918800_phone.wav,bonafide,1.0,spoof,Telephone
LA_E_9947395_phone.wav,bonafide,0.12574905,bonafide,Telephone
LA_E_9954560_phone.wav,bonafide,1.0,spoof,Telephone
LA_E_9954768_phone.wav,bonafide,1.0,spoof,Telephone
LA_E_9958197_phone.wav,bonafide,1.0,spoof,Telephone
LA_E_9978822_phone.wav,spoof,0.9999999,spoof,Telephone
LA_E_9988839_phone.wav,spoof,1.0,spoof,Telephone
LA_E_9993329_phone.wav,bonafide,0.9880006,spoof,Telephone
LA_E_9995360_phone.wav,bonafide,1.0,spoof,Telephone
LA_E_1003768_phone.wav,spoof,1.0,spoof,Telephone + G.711 A-law
LA_E_1009640_phone.wav,spoof,0.99999976,spoof,Telephone + G.711 A-law
LA_E_1019903_phone.wav,spoof,1.0,spoof,Telephone + G.711 A-law
LA_E_1025393_phone.wav,bonafide,0.9999968,spoof,Telephone + G.711 A-law
LA_E_1042982_phone.wav,spoof,1.0,spoof,Telephone + G.711 A-law
LA_E_1043830_phone.wav,spoof,0.99997616,spoof,Telephone + G.711 A-law
LA_E_1044544_phone.wav,spoof,1.0,spoof,Telephone + G.711 A-law
LA_E_1053152_phone.wav,spoof,1.0,spoof,Telephone + G.711 A-law
LA_E_1068487_phone.wav,spoof,0.99979573,spoof,Telephone + G.711 A-law
LA_E_1070252_phone.wav,bonafide,0.999996,spoof,Telephone + G.711 A-law
LA_E_1072866_phone.wav,bonafide,0.99999034,spoof,Telephone + G.711 A-law
LA_E_1082906_phone.wav,spoof,1.0,spoof,Telephone + G.711 A-law
LA_E_1084341_phone.wav,spoof,1.0,spoof,Telephone + G.711 A-law
LA_E_1094216_phone.wav,bonafide,0.6782504,spoof,Telephone + G.711 A-law
LA_E_1099342_phone.wav,spoof,0.9996752,spoof,Telephone + G.711 A-law
LA_E_1106531_phone.wav,spoof,1.0,spoof,Telephone + G.711 A-law
LA_E_1115388_phone.wav,bonafide,0.99999994,spoof,Telephone + G.711 A-law
LA_E_1117625_phone.wav,spoof,1.0,spoof,Telephone + G.711 A-law
LA_E_1120396_phone.wav,spoof,0.10876907,bonafide,Telephone + G.711 A-law
LA_E_1122884_phone.wav,spoof,1.0,spoof,Telephone + G.711 A-law
LA_E_1125558_phone.wav,bonafide,1.0,spoof,Telephone + G.711 A-law
LA_E_1125899_phone.wav,spoof,0.9999903,spoof,Telephone + G.711 A-law
LA_E_1126163_phone.wav,bonafide,0.7420844,spoof,Telephone + G.711 A-law
LA_E_1163953_phone.wav,spoof,1.0,spoof,Telephone + G.711 A-law
LA_E_1169847_phone.wav,spoof,0.9996417,spoof,Telephone + G.711 A-law
LA_E_1178460_phone.wav,bonafide,0.99999774,spoof,Telephone + G.711 A-law
LA_E_1184536_phone.wav,bonafide,0.9933495,spoof,Telephone + G.711 A-law
LA_E_1185330_phone.wav,spoof,1.0,spoof,Telephone + G.711 A-law
LA_E_1191163_phone.wav,bonafide,1.0,spoof,Telephone + G.711 A-law
LA_E_1233669_phone.wav,spoof,1.0,spoof,Telephone + G.711 A-law
LA_E_1239200_phone.wav,spoof,1.0,spoof,Telephone + G.711 A-law
LA_E_1248324_phone.wav,spoof,0.99999636,spoof,Telephone + G.711 A-law
LA_E_1248618_phone.wav,spoof,1.0,spoof,Telephone + G.711 A-law
LA_E_1251195_phone.wav,spoof,1.0,spoof,Telephone + G.711 A-law
LA_E_1265930_phone.wav,bonafide,1.0,spoof,Telephone + G.711 A-law
LA_E_1269067_phone.wav,bonafide,0.9977567,spoof,Telephone + G.711 A-law
LA_E_1270702_phone.wav,spoof,1.0,spoof,Telephone + G.711 A-law
LA_E_1273676_phone.wav,spoof,1.0,spoof,Telephone + G.711 A-law
LA_E_1275973_phone.wav,bonafide,0.26168016,bonafide,Telephone + G.711 A-law
LA_E_1290731_phone.wav,spoof,1.0,spoof,Telephone + G.711 A-law
LA_E_1304770_phone.wav,bonafide,0.62188905,spoof,Telephone + G.711 A-law
LA_E_1318134_phone.wav,spoof,0.9999734,spoof,Telephone + G.711 A-law
LA_E_1323248_phone.wav,bonafide,0.99202764,spoof,Telephone + G.711 A-law
LA_E_1330013_phone.wav,spoof,1.0,spoof,Telephone + G.711 A-law
LA_E_1353663_phone.wav,bonafide,0.9948695,spoof,Telephone + G.711 A-law
LA_E_1353882_phone.wav,spoof,1.0,spoof,Telephone + G.711 A-law
LA_E_1357107_phone.wav,bonafide,1.0,spoof,Telephone + G.711 A-law
LA_E_1359779_phone.wav,spoof,1.0,spoof,Telephone + G.711 A-law
LA_E_1381992_phone.wav,spoof,1.0,spoof,Telephone + G.711 A-law
LA_E_1382043_phone.wav,bonafide,0.99999917,spoof,Telephone + G.711 A-law
LA_E_1382638_phone.wav,bonafide,1.0,spoof,Telephone + G.711 A-law
LA_E_1383192_phone.wav,spoof,0.999996,spoof,Telephone + G.711 A-law
LA_E_1398629_phone.wav,spoof,0.99988997,spoof,Telephone + G.711 A-law
LA_E_1409215_phone.wav,bonafide,0.9995831,spoof,Telephone + G.711 A-law
LA_E_1413840_phone.wav,spoof,1.0,spoof,Telephone + G.711 A-law
LA_E_1439706_phone.wav,spoof,0.9999999,spoof,Telephone + G.711 A-law
LA_E_1444758_phone.wav,bonafide,1.0,spoof,Telephone + G.711 A-law
LA_E_1480780_phone.wav,spoof,1.0,spoof,Telephone + G.711 A-law
LA_E_1491136_phone.wav,spoof,1.0,spoof,Telephone + G.711 A-law
LA_E_1493352_phone.wav,spoof,1.0,spoof,Telephone + G.711 A-law
LA_E_1497576_phone.wav,bonafide,0.9969918,spoof,Telephone + G.711 A-law
LA_E_1512896_phone.wav,bonafide,1.0,spoof,Telephone + G.711 A-law
LA_E_1547551_phone.wav,bonafide,0.97948354,spoof,Telephone + G.711 A-law
LA_E_1552135_phone.wav,bonafide,0.2898079,bonafide,Telephone + G.711 A-law
LA_E_1557245_phone.wav,bonafide,0.99974847,spoof,Telephone + G.711 A-law
LA_E_1565422_phone.wav,bonafide,1.0,spoof,Telephone + G.711 A-law
LA_E_1574894_phone.wav,bonafide,1.0,spoof,Telephone + G.711 A-law
LA_E_1580381_phone.wav,bonafide,0.9808343,spoof,Telephone + G.711 A-law
LA_E_1584651_phone.wav,bonafide,0.99883336,spoof,Telephone + G.711 A-law
LA_E_1590834_phone.wav,bonafide,0.9958342,spoof,Telephone + G.711 A-law
LA_E_1592255_phone.wav,spoof,1.0,spoof,Telephone + G.711 A-law
LA_E_1599538_phone.wav,bonafide,0.9349446,spoof,Telephone + G.711 A-law
LA_E_1609716_phone.wav,bonafide,0.9999965,spoof,Telephone + G.711 A-law
LA_E_1611147_phone.wav,spoof,0.9999999,spoof,Telephone + G.711 A-law
LA_E_1617701_phone.wav,spoof,1.0,spoof,Telephone + G.711 A-law
LA_E_1618390_phone.wav,bonafide,0.9986698,spoof,Telephone + G.711 A-law
LA_E_1631584_phone.wav,spoof,1.0,spoof,Telephone + G.711 A-law
LA_E_1635576_phone.wav,bonafide,0.9987176,spoof,Telephone + G.711 A-law
LA_E_1686710_phone.wav,spoof,1.0,spoof,Telephone + G.711 A-law
LA_E_1697236_phone.wav,bonafide,0.9999116,spoof,Telephone + G.711 A-law
LA_E_1706734_phone.wav,spoof,1.0,spoof,Telephone + G.711 A-law
LA_E_1709137_phone.wav,bonafide,1.0,spoof,Telephone + G.711 A-law
LA_E_1715322_phone.wav,bonafide,1.0,spoof,Telephone + G.711 A-law
LA_E_1738456_phone.wav,spoof,1.0,spoof,Telephone + G.711 A-law
LA_E_1743065_phone.wav,bonafide,0.01860103,bonafide,Telephone + G.711 A-law
LA_E_1745489_phone.wav,bonafide,0.91127753,spoof,Telephone + G.711 A-law
LA_E_1746995_phone.wav,spoof,1.0,spoof,Telephone + G.711 A-law
LA_E_1748360_phone.wav,spoof,1.0,spoof,Telephone + G.711 A-law
LA_E_1759982_phone.wav,spoof,1.0,spoof,Telephone + G.711 A-law
LA_E_1760881_phone.wav,spoof,1.0,spoof,Telephone + G.711 A-law
LA_E_1767925_phone.wav,bonafide,0.9999964,spoof,Telephone + G.711 A-law
LA_E_1768450_phone.wav,bonafide,1.0,spoof,Telephone + G.711 A-law
LA_E_1773512_phone.wav,bonafide,1.0,spoof,Telephone + G.711 A-law
LA_E_1773974_phone.wav,bonafide,0.96916604,spoof,Telephone + G.711 A-law
LA_E_1777847_phone.wav,spoof,1.0,spoof,Telephone + G.711 A-law
LA_E_1782546_phone.wav,spoof,0.9999972,spoof,Telephone + G.711 A-law
LA_E_1789742_phone.wav,bonafide,0.09294645,bonafide,Telephone + G.711 A-law
LA_E_1790495_phone.wav,spoof,1.0,spoof,Telephone + G.711 A-law
LA_E_1798055_phone.wav,spoof,1.0,spoof,Telephone + G.711 A-law
LA_E_1812520_phone.wav,spoof,1.0,spoof,Telephone + G.711 A-law
LA_E_1813851_phone.wav,spoof,1.0,spoof,Telephone + G.711 A-law
LA_E_1817025_phone.wav,spoof,1.0,spoof,Telephone + G.711 A-law
LA_E_1819968_phone.wav,bonafide,0.9999006,spoof,Telephone + G.711 A-law
LA_E_1826005_phone.wav,bonafide,0.9996673,spoof,Telephone + G.711 A-law
LA_E_1831235_phone.wav,bonafide,1.0,spoof,Telephone + G.711 A-law
LA_E_1839822_phone.wav,spoof,1.0,spoof,Telephone + G.711 A-law
LA_E_1847548_phone.wav,spoof,1.0,spoof,Telephone + G.711 A-law
LA_E_1849870_phone.wav,bonafide,0.9999025,spoof,Telephone + G.711 A-law
LA_E_1853992_phone.wav,bonafide,0.6355474,spoof,Telephone + G.711 A-law
LA_E_1860610_phone.wav,spoof,1.0,spoof,Telephone + G.711 A-law
LA_E_1867556_phone.wav,bonafide,0.97831166,spoof,Telephone + G.711 A-law
LA_E_1868870_phone.wav,spoof,1.0,spoof,Telephone + G.711 A-law
LA_E_1875310_phone.wav,spoof,1.0,spoof,Telephone + G.711 A-law
LA_E_1902720_phone.wav,bonafide,0.99999714,spoof,Telephone + G.711 A-law
LA_E_1904877_phone.wav,spoof,1.0,spoof,Telephone + G.711 A-law
LA_E_1905328_phone.wav,spoof,1.0,spoof,Telephone + G.711 A-law
LA_E_1910215_phone.wav,spoof,1.0,spoof,Telephone + G.711 A-law
LA_E_1915943_phone.wav,spoof,1.0,spoof,Telephone + G.711 A-law
LA_E_1921321_phone.wav,bonafide,0.9999779,spoof,Telephone + G.711 A-law
LA_E_1924548_phone.wav,spoof,1.0,spoof,Telephone + G.711 A-law
LA_E_1934545_phone.wav,spoof,1.0,spoof,Telephone + G.711 A-law
LA_E_1952883_phone.wav,bonafide,1.0,spoof,Telephone + G.711 A-law
LA_E_1956140_phone.wav,bonafide,0.9968157,spoof,Telephone + G.711 A-law
LA_E_1962518_phone.wav,bonafide,0.006534846,bonafide,Telephone + G.711 A-law
LA_E_1963724_phone.wav,spoof,1.0,spoof,Telephone + G.711 A-law
LA_E_1966276_phone.wav,spoof,1.0,spoof,Telephone + G.711 A-law
LA_E_1978236_phone.wav,bonafide,0.9999936,spoof,Telephone + G.711 A-law
LA_E_1979651_phone.wav,bonafide,0.99999994,spoof,Telephone + G.711 A-law
LA_E_2004528_phone.wav,bonafide,0.48361948,bonafide,Telephone + G.711 A-law
LA_E_2013850_phone.wav,bonafide,1.0,spoof,Telephone + G.711 A-law
LA_E_2016986_phone.wav,spoof,1.0,spoof,Telephone + G.711 A-law
LA_E_2063541_phone.wav,spoof,1.0,spoof,Telephone + G.711 A-law
LA_E_2073512_phone.wav,bonafide,1.0,spoof,Telephone + G.711 A-law
LA_E_2074204_phone.wav,bonafide,0.99997926,spoof,Telephone + G.711 A-law
LA_E_2087578_phone.wav,bonafide,0.9731164,spoof,Telephone + G.711 A-law
LA_E_2139475_phone.wav,spoof,1.0,spoof,Telephone + G.711 A-law
LA_E_2140871_phone.wav,spoof,1.0,spoof,Telephone + G.711 A-law
LA_E_2156810_phone.wav,spoof,1.0,spoof,Telephone + G.711 A-law
LA_E_2163248_phone.wav,bonafide,1.0,spoof,Telephone + G.711 A-law
LA_E_2170068_phone.wav,spoof,1.0,spoof,Telephone + G.711 A-law
LA_E_2183172_phone.wav,spoof,1.0,spoof,Telephone + G.711 A-law
LA_E_2221290_phone.wav,bonafide,1.0,spoof,Telephone + G.711 A-law
LA_E_2222897_phone.wav,spoof,1.0,spoof,Telephone + G.711 A-law
LA_E_2224946_phone.wav,bonafide,0.99998665,spoof,Telephone + G.711 A-law
LA_E_2228399_phone.wav,spoof,1.0,spoof,Telephone + G.711 A-law
LA_E_2235667_phone.wav,spoof,1.0,spoof,Telephone + G.711 A-law
LA_E_2251050_phone.wav,bonafide,0.9787849,spoof,Telephone + G.711 A-law
LA_E_2252611_phone.wav,spoof,1.0,spoof,Telephone + G.711 A-law
LA_E_2256225_phone.wav,bonafide,1.0,spoof,Telephone + G.711 A-law
LA_E_2261737_phone.wav,bonafide,0.9904343,spoof,Telephone + G.711 A-law
LA_E_2267340_phone.wav,bonafide,0.98269784,spoof,Telephone + G.711 A-law
LA_E_2296362_phone.wav,bonafide,0.9999241,spoof,Telephone + G.711 A-law
LA_E_2300971_phone.wav,spoof,1.0,spoof,Telephone + G.711 A-law
LA_E_2310979_phone.wav,bonafide,0.6617626,spoof,Telephone + G.711 A-law
LA_E_2336476_phone.wav,spoof,1.0,spoof,Telephone + G.711 A-law
LA_E_2342346_phone.wav,spoof,1.0,spoof,Telephone + G.711 A-law
LA_E_2360906_phone.wav,bonafide,0.9828704,spoof,Telephone + G.711 A-law
LA_E_2366626_phone.wav,bonafide,1.0,spoof,Telephone + G.711 A-law
LA_E_2368562_phone.wav,bonafide,0.9997671,spoof,Telephone + G.711 A-law
LA_E_2371703_phone.wav,bonafide,0.97251815,spoof,Telephone + G.711 A-law
LA_E_2375508_phone.wav,spoof,1.0,spoof,Telephone + G.711 A-law
LA_E_2379520_phone.wav,bonafide,0.9999554,spoof,Telephone + G.711 A-law
LA_E_2387062_phone.wav,spoof,0.9999814,spoof,Telephone + G.711 A-law
LA_E_2394889_phone.wav,bonafide,1.0,spoof,Telephone + G.711 A-law
LA_E_2395273_phone.wav,spoof,1.0,spoof,Telephone + G.711 A-law
LA_E_2400438_phone.wav,bonafide,0.9912071,spoof,Telephone + G.711 A-law
LA_E_2401829_phone.wav,spoof,0.99999416,spoof,Telephone + G.711 A-law
LA_E_2407811_phone.wav,spoof,1.0,spoof,Telephone + G.711 A-law
LA_E_2408705_phone.wav,bonafide,1.0,spoof,Telephone + G.711 A-law
LA_E_2415247_phone.wav,bonafide,0.88570106,spoof,Telephone + G.711 A-law
LA_E_2423969_phone.wav,spoof,0.99999887,spoof,Telephone + G.711 A-law
LA_E_2433261_phone.wav,bonafide,0.999853,spoof,Telephone + G.711 A-law
LA_E_2434372_phone.wav,spoof,1.0,spoof,Telephone + G.711 A-law
LA_E_2441084_phone.wav,bonafide,0.9837121,spoof,Telephone + G.711 A-law
LA_E_2449415_phone.wav,bonafide,0.88735557,spoof,Telephone + G.711 A-law
LA_E_2458392_phone.wav,spoof,0.9999999,spoof,Telephone + G.711 A-law
LA_E_2462935_phone.wav,bonafide,0.9998656,spoof,Telephone + G.711 A-law
LA_E_2468156_phone.wav,spoof,1.0,spoof,Telephone + G.711 A-law
LA_E_2474722_phone.wav,bonafide,1.0,spoof,Telephone + G.711 A-law
LA_E_2492310_phone.wav,bonafide,0.9999999,spoof,Telephone + G.711 A-law
LA_E_2508184_phone.wav,bonafide,1.0,spoof,Telephone + G.711 A-law
LA_E_2512179_phone.wav,spoof,1.0,spoof,Telephone + G.711 A-law
LA_E_2525431_phone.wav,spoof,1.0,spoof,Telephone + G.711 A-law
LA_E_2525648_phone.wav,bonafide,0.99999577,spoof,Telephone + G.711 A-law
LA_E_2527395_phone.wav,spoof,1.0,spoof,Telephone + G.711 A-law
LA_E_2541554_phone.wav,bonafide,1.0,spoof,Telephone + G.711 A-law
LA_E_2541984_phone.wav,bonafide,0.4115886,bonafide,Telephone + G.711 A-law
LA_E_2542068_phone.wav,spoof,1.0,spoof,Telephone + G.711 A-law
LA_E_2553182_phone.wav,bonafide,0.9999907,spoof,Telephone + G.711 A-law
LA_E_2555881_phone.wav,bonafide,0.99940693,spoof,Telephone + G.711 A-law
LA_E_2565746_phone.wav,bonafide,1.0,spoof,Telephone + G.711 A-law
LA_E_2567147_phone.wav,bonafide,0.99991906,spoof,Telephone + G.711 A-law
LA_E_2573986_phone.wav,spoof,1.0,spoof,Telephone + G.711 A-law
LA_E_2575110_phone.wav,spoof,1.0,spoof,Telephone + G.711 A-law
LA_E_2581969_phone.wav,bonafide,0.9995167,spoof,Telephone + G.711 A-law
LA_E_2584259_phone.wav,bonafide,0.99592346,spoof,Telephone + G.711 A-law
LA_E_2590535_phone.wav,bonafide,1.0,spoof,Telephone + G.711 A-law
LA_E_2601033_phone.wav,bonafide,0.9994975,spoof,Telephone + G.711 A-law
LA_E_2605513_phone.wav,spoof,1.0,spoof,Telephone + G.711 A-law
LA_E_2606568_phone.wav,spoof,1.0,spoof,Telephone + G.711 A-law
LA_E_2613546_phone.wav,bonafide,0.9999123,spoof,Telephone + G.711 A-law
LA_E_2616671_phone.wav,bonafide,0.9999947,spoof,Telephone + G.711 A-law
LA_E_2621185_phone.wav,spoof,1.0,spoof,Telephone + G.711 A-law
LA_E_2633425_phone.wav,spoof,1.0,spoof,Telephone + G.711 A-law
LA_E_2638344_phone.wav,bonafide,1.0,spoof,Telephone + G.711 A-law
LA_E_2642124_phone.wav,spoof,1.0,spoof,Telephone + G.711 A-law
LA_E_2648652_phone.wav,bonafide,0.99992156,spoof,Telephone + G.711 A-law
LA_E_2650979_phone.wav,spoof,1.0,spoof,Telephone + G.711 A-law
LA_E_2662600_phone.wav,bonafide,0.9905076,spoof,Telephone + G.711 A-law
LA_E_2667571_phone.wav,bonafide,0.67151415,spoof,Telephone + G.711 A-law
LA_E_2668417_phone.wav,bonafide,0.9999577,spoof,Telephone + G.711 A-law
LA_E_2670418_phone.wav,bonafide,0.99951404,spoof,Telephone + G.711 A-law
LA_E_2714189_phone.wav,bonafide,0.999998,spoof,Telephone + G.711 A-law
LA_E_2729530_phone.wav,spoof,1.0,spoof,Telephone + G.711 A-law
LA_E_2732113_phone.wav,bonafide,0.9994163,spoof,Telephone + G.711 A-law
LA_E_2738834_phone.wav,bonafide,0.9968211,spoof,Telephone + G.711 A-law
LA_E_2742375_phone.wav,bonafide,1.0,spoof,Telephone + G.711 A-law
LA_E_2752330_phone.wav,spoof,1.0,spoof,Telephone + G.711 A-law
LA_E_2776838_phone.wav,bonafide,0.99995,spoof,Telephone + G.711 A-law
LA_E_2781588_phone.wav,bonafide,0.99999833,spoof,Telephone + G.711 A-law
LA_E_2790922_phone.wav,bonafide,0.99999976,spoof,Telephone + G.711 A-law
LA_E_2796337_phone.wav,spoof,1.0,spoof,Telephone + G.711 A-law
LA_E_2801197_phone.wav,spoof,1.0,spoof,Telephone + G.711 A-law
LA_E_2804436_phone.wav,bonafide,1.0,spoof,Telephone + G.711 A-law
LA_E_2823635_phone.wav,bonafide,1.0,spoof,Telephone + G.711 A-law
LA_E_2824075_phone.wav,spoof,0.99999857,spoof,Telephone + G.711 A-law
LA_E_2833287_phone.wav,spoof,1.0,spoof,Telephone + G.711 A-law
LA_E_2861061_phone.wav,spoof,1.0,spoof,Telephone + G.711 A-law
LA_E_2863367_phone.wav,bonafide,0.9999859,spoof,Telephone + G.711 A-law
LA_E_2872363_phone.wav,spoof,1.0,spoof,Telephone + G.711 A-law
LA_E_2899956_phone.wav,bonafide,0.9999606,spoof,Telephone + G.711 A-law
LA_E_2902744_phone.wav,spoof,1.0,spoof,Telephone + G.711 A-law
LA_E_2927167_phone.wav,bonafide,1.0,spoof,Telephone + G.711 A-law
LA_E_2929931_phone.wav,bonafide,0.99796313,spoof,Telephone + G.711 A-law
LA_E_2931199_phone.wav,bonafide,1.0,spoof,Telephone + G.711 A-law
LA_E_2932909_phone.wav,bonafide,1.0,spoof,Telephone + G.711 A-law
LA_E_2939837_phone.wav,spoof,1.0,spoof,Telephone + G.711 A-law
LA_E_2946045_phone.wav,spoof,1.0,spoof,Telephone + G.711 A-law
LA_E_2954058_phone.wav,bonafide,0.99991804,spoof,Telephone + G.711 A-law
LA_E_2975710_phone.wav,bonafide,1.0,spoof,Telephone + G.711 A-law
LA_E_2981475_phone.wav,bonafide,0.9991042,spoof,Telephone + G.711 A-law
LA_E_2982126_phone.wav,spoof,1.0,spoof,Telephone + G.711 A-law
LA_E_2989221_phone.wav,spoof,1.0,spoof,Telephone + G.711 A-law
LA_E_3007040_phone.wav,bonafide,0.9914206,spoof,Telephone + G.711 A-law
LA_E_3010572_phone.wav,bonafide,0.99997634,spoof,Telephone + G.711 A-law
LA_E_3038928_phone.wav,spoof,1.0,spoof,Telephone + G.711 A-law
LA_E_3089374_phone.wav,spoof,1.0,spoof,Telephone + G.711 A-law
LA_E_3105979_phone.wav,bonafide,0.9962644,spoof,Telephone + G.711 A-law
LA_E_3137023_phone.wav,bonafide,0.9994606,spoof,Telephone + G.711 A-law
LA_E_3158386_phone.wav,spoof,0.9999935,spoof,Telephone + G.711 A-law
LA_E_3159429_phone.wav,bonafide,0.98118633,spoof,Telephone + G.711 A-law
LA_E_3161907_phone.wav,spoof,0.99997514,spoof,Telephone + G.711 A-law
LA_E_3177764_phone.wav,spoof,1.0,spoof,Telephone + G.711 A-law
LA_E_3212084_phone.wav,bonafide,0.99999684,spoof,Telephone + G.711 A-law
LA_E_3222774_phone.wav,spoof,1.0,spoof,Telephone + G.711 A-law
LA_E_3237419_phone.wav,spoof,1.0,spoof,Telephone + G.711 A-law
LA_E_3245169_phone.wav,spoof,1.0,spoof,Telephone + G.711 A-law
LA_E_3255325_phone.wav,spoof,1.0,spoof,Telephone + G.711 A-law
LA_E_3258852_phone.wav,spoof,0.99996173,spoof,Telephone + G.711 A-law
LA_E_3261200_phone.wav,spoof,1.0,spoof,Telephone + G.711 A-law
LA_E_3264532_phone.wav,spoof,0.99999994,spoof,Telephone + G.711 A-law
LA_E_3270284_phone.wav,bonafide,1.0,spoof,Telephone + G.711 A-law
LA_E_3273657_phone.wav,bonafide,0.99999994,spoof,Telephone + G.711 A-law
LA_E_3283593_phone.wav,bonafide,0.9997713,spoof,Telephone + G.711 A-law
LA_E_3293846_phone.wav,bonafide,0.9999843,spoof,Telephone + G.711 A-law
LA_E_3323958_phone.wav,spoof,1.0,spoof,Telephone + G.711 A-law
LA_E_3328733_phone.wav,spoof,0.9999991,spoof,Telephone + G.711 A-law
LA_E_3349418_phone.wav,bonafide,1.0,spoof,Telephone + G.711 A-law
LA_E_3355060_phone.wav,bonafide,0.9586324,spoof,Telephone + G.711 A-law
LA_E_3366977_phone.wav,bonafide,0.99997884,spoof,Telephone + G.711 A-law
LA_E_3379472_phone.wav,bonafide,1.0,spoof,Telephone + G.711 A-law
LA_E_3417739_phone.wav,bonafide,0.9999838,spoof,Telephone + G.711 A-law
LA_E_3427781_phone.wav,bonafide,1.0,spoof,Telephone + G.711 A-law
LA_E_3445486_phone.wav,bonafide,0.997488,spoof,Telephone + G.711 A-law
LA_E_3457833_phone.wav,bonafide,0.99999297,spoof,Telephone + G.711 A-law
LA_E_3467949_phone.wav,bonafide,1.0,spoof,Telephone + G.711 A-law
LA_E_3473577_phone.wav,bonafide,0.97878885,spoof,Telephone + G.711 A-law
LA_E_3478742_phone.wav,spoof,1.0,spoof,Telephone + G.711 A-law
LA_E_3498655_phone.wav,spoof,1.0,spoof,Telephone + G.711 A-law
LA_E_3536857_phone.wav,spoof,1.0,spoof,Telephone + G.711 A-law
LA_E_3541477_phone.wav,bonafide,0.99999905,spoof,Telephone + G.711 A-law
LA_E_3544446_phone.wav,bonafide,0.9997009,spoof,Telephone + G.711 A-law
LA_E_3545861_phone.wav,spoof,0.99999845,spoof,Telephone + G.711 A-law
LA_E_3549980_phone.wav,spoof,0.9999995,spoof,Telephone + G.711 A-law
LA_E_3553088_phone.wav,bonafide,0.2251988,bonafide,Telephone + G.711 A-law
LA_E_3555959_phone.wav,bonafide,1.0,spoof,Telephone + G.711 A-law
LA_E_3558203_phone.wav,spoof,1.0,spoof,Telephone + G.711 A-law
LA_E_3566758_phone.wav,bonafide,1.0,spoof,Telephone + G.711 A-law
LA_E_3570871_phone.wav,bonafide,0.79277444,spoof,Telephone + G.711 A-law
LA_E_3576992_phone.wav,spoof,1.0,spoof,Telephone + G.711 A-law
LA_E_3577705_phone.wav,bonafide,0.86303824,spoof,Telephone + G.711 A-law
LA_E_3584689_phone.wav,spoof,1.0,spoof,Telephone + G.711 A-law
LA_E_3593331_phone.wav,bonafide,0.6447448,spoof,Telephone + G.711 A-law
LA_E_3600431_phone.wav,bonafide,0.99971914,spoof,Telephone + G.711 A-law
LA_E_3605170_phone.wav,spoof,0.97356296,spoof,Telephone + G.711 A-law
LA_E_3609940_phone.wav,bonafide,0.99999905,spoof,Telephone + G.711 A-law
LA_E_3622738_phone.wav,bonafide,0.9999901,spoof,Telephone + G.711 A-law
LA_E_3623417_phone.wav,bonafide,0.99453396,spoof,Telephone + G.711 A-law
LA_E_3631189_phone.wav,bonafide,0.99999565,spoof,Telephone + G.711 A-law
LA_E_3637846_phone.wav,spoof,1.0,spoof,Telephone + G.711 A-law
LA_E_3673247_phone.wav,spoof,1.0,spoof,Telephone + G.711 A-law
LA_E_3675565_phone.wav,spoof,1.0,spoof,Telephone + G.711 A-law
LA_E_3684166_phone.wav,spoof,1.0,spoof,Telephone + G.711 A-law
LA_E_3685591_phone.wav,bonafide,0.8670551,spoof,Telephone + G.711 A-law
LA_E_3686550_phone.wav,spoof,1.0,spoof,Telephone + G.711 A-law
LA_E_3698859_phone.wav,spoof,1.0,spoof,Telephone + G.711 A-law
LA_E_3698865_phone.wav,bonafide,1.0,spoof,Telephone + G.711 A-law
LA_E_3709762_phone.wav,bonafide,0.98687565,spoof,Telephone + G.711 A-law
LA_E_3716680_phone.wav,bonafide,0.94957626,spoof,Telephone + G.711 A-law
LA_E_3729886_phone.wav,spoof,1.0,spoof,Telephone + G.711 A-law
LA_E_3779448_phone.wav,bonafide,0.9874352,spoof,Telephone + G.711 A-law
LA_E_3782792_phone.wav,bonafide,0.999997,spoof,Telephone + G.711 A-law
LA_E_3784046_phone.wav,spoof,1.0,spoof,Telephone + G.711 A-law
LA_E_3788812_phone.wav,bonafide,0.95595205,spoof,Telephone + G.711 A-law
LA_E_3795142_phone.wav,spoof,1.0,spoof,Telephone + G.711 A-law
LA_E_3801678_phone.wav,bonafide,0.92405915,spoof,Telephone + G.711 A-law
LA_E_3817897_phone.wav,bonafide,0.99977833,spoof,Telephone + G.711 A-law
LA_E_3819623_phone.wav,spoof,1.0,spoof,Telephone + G.711 A-law
LA_E_3821622_phone.wav,bonafide,0.9999999,spoof,Telephone + G.711 A-law
LA_E_3822402_phone.wav,bonafide,0.9999979,spoof,Telephone + G.711 A-law
LA_E_3828016_phone.wav,bonafide,0.9999825,spoof,Telephone + G.711 A-law
LA_E_3829556_phone.wav,bonafide,0.9838422,spoof,Telephone + G.711 A-law
LA_E_3837364_phone.wav,spoof,0.99999976,spoof,Telephone + G.711 A-law
LA_E_3837880_phone.wav,spoof,1.0,spoof,Telephone + G.711 A-law
LA_E_3873584_phone.wav,spoof,1.0,spoof,Telephone + G.711 A-law
LA_E_3895728_phone.wav,bonafide,0.99990636,spoof,Telephone + G.711 A-law
LA_E_3907090_phone.wav,bonafide,0.76744825,spoof,Telephone + G.711 A-law
LA_E_3924689_phone.wav,bonafide,1.0,spoof,Telephone + G.711 A-law
LA_E_3932423_phone.wav,spoof,1.0,spoof,Telephone + G.711 A-law
LA_E_3949734_phone.wav,bonafide,1.0,spoof,Telephone + G.711 A-law
LA_E_3963839_phone.wav,spoof,1.0,spoof,Telephone + G.711 A-law
LA_E_3984224_phone.wav,spoof,1.0,spoof,Telephone + G.711 A-law
LA_E_3996209_phone.wav,bonafide,1.0,spoof,Telephone + G.711 A-law
LA_E_3997736_phone.wav,spoof,1.0,spoof,Telephone + G.711 A-law
LA_E_4007361_phone.wav,spoof,1.0,spoof,Telephone + G.711 A-law
LA_E_4007647_phone.wav,bonafide,0.99999964,spoof,Telephone + G.711 A-law
LA_E_4008479_phone.wav,bonafide,0.9999936,spoof,Telephone + G.711 A-law
LA_E_4027833_phone.wav,bonafide,0.9999884,spoof,Telephone + G.711 A-law
LA_E_4044346_phone.wav,bonafide,0.9999998,spoof,Telephone + G.711 A-law
LA_E_4049177_phone.wav,bonafide,1.0,spoof,Telephone + G.711 A-law
LA_E_4072906_phone.wav,spoof,0.9999999,spoof,Telephone + G.711 A-law
LA_E_4075729_phone.wav,spoof,1.0,spoof,Telephone + G.711 A-law
LA_E_4087863_phone.wav,spoof,0.8310044,spoof,Telephone + G.711 A-law
LA_E_4096252_phone.wav,bonafide,0.9999951,spoof,Telephone + G.711 A-law
LA_E_4098226_phone.wav,spoof,1.0,spoof,Telephone + G.711 A-law
LA_E_4114134_phone.wav,spoof,1.0,spoof,Telephone + G.711 A-law
LA_E_4120647_phone.wav,spoof,1.0,spoof,Telephone + G.711 A-law
LA_E_4121520_phone.wav,spoof,1.0,spoof,Telephone + G.711 A-law
LA_E_4123455_phone.wav,bonafide,0.9927917,spoof,Telephone + G.711 A-law
LA_E_4133576_phone.wav,spoof,0.9991962,spoof,Telephone + G.711 A-law
LA_E_4157205_phone.wav,spoof,0.9903044,spoof,Telephone + G.711 A-law
LA_E_4169892_phone.wav,bonafide,0.99992144,spoof,Telephone + G.711 A-law
LA_E_4173552_phone.wav,bonafide,0.9998574,spoof,Telephone + G.711 A-law
LA_E_4188335_phone.wav,bonafide,0.9999987,spoof,Telephone + G.711 A-law
LA_E_4189597_phone.wav,spoof,1.0,spoof,Telephone + G.711 A-law
LA_E_4196125_phone.wav,spoof,0.9999771,spoof,Telephone + G.711 A-law
LA_E_4203822_phone.wav,spoof,1.0,spoof,Telephone + G.711 A-law
LA_E_4204674_phone.wav,bonafide,0.9994667,spoof,Telephone + G.711 A-law
LA_E_4226873_phone.wav,spoof,0.999994,spoof,Telephone + G.711 A-law
LA_E_4227264_phone.wav,spoof,1.0,spoof,Telephone + G.711 A-law
LA_E_4229585_phone.wav,spoof,1.0,spoof,Telephone + G.711 A-law
LA_E_4232439_phone.wav,bonafide,0.99829376,spoof,Telephone + G.711 A-law
LA_E_4244071_phone.wav,bonafide,0.9977101,spoof,Telephone + G.711 A-law
LA_E_4245663_phone.wav,spoof,1.0,spoof,Telephone + G.711 A-law
LA_E_4249056_phone.wav,spoof,1.0,spoof,Telephone + G.711 A-law
LA_E_4252425_phone.wav,spoof,1.0,spoof,Telephone + G.711 A-law
LA_E_4255468_phone.wav,spoof,1.0,spoof,Telephone + G.711 A-law
LA_E_4268921_phone.wav,spoof,1.0,spoof,Telephone + G.711 A-law
LA_E_4288899_phone.wav,bonafide,0.100911275,bonafide,Telephone + G.711 A-law
LA_E_4293094_phone.wav,spoof,1.0,spoof,Telephone + G.711 A-law
LA_E_4295946_phone.wav,spoof,1.0,spoof,Telephone + G.711 A-law
LA_E_4306091_phone.wav,spoof,1.0,spoof,Telephone + G.711 A-law
LA_E_4317439_phone.wav,bonafide,1.0,spoof,Telephone + G.711 A-law
LA_E_4322643_phone.wav,spoof,1.0,spoof,Telephone + G.711 A-law
LA_E_4325345_phone.wav,spoof,1.0,spoof,Telephone + G.711 A-law
LA_E_4329002_phone.wav,spoof,1.0,spoof,Telephone + G.711 A-law
LA_E_4330724_phone.wav,spoof,0.95779645,spoof,Telephone + G.711 A-law
LA_E_4332277_phone.wav,bonafide,0.99958444,spoof,Telephone + G.711 A-law
LA_E_4343750_phone.wav,spoof,0.99999976,spoof,Telephone + G.711 A-law
LA_E_4354303_phone.wav,bonafide,1.0,spoof,Telephone + G.711 A-law
LA_E_4361685_phone.wav,bonafide,0.9999687,spoof,Telephone + G.711 A-law
LA_E_4364909_phone.wav,spoof,1.0,spoof,Telephone + G.711 A-law
LA_E_4376807_phone.wav,spoof,0.97061425,spoof,Telephone + G.711 A-law
LA_E_4394556_phone.wav,spoof,0.99997854,spoof,Telephone + G.711 A-law
LA_E_4408825_phone.wav,spoof,1.0,spoof,Telephone + G.711 A-law
LA_E_4426495_phone.wav,bonafide,0.9999995,spoof,Telephone + G.711 A-law
LA_E_4435604_phone.wav,spoof,0.9994135,spoof,Telephone + G.711 A-law
LA_E_4438054_phone.wav,bonafide,1.0,spoof,Telephone + G.711 A-law
LA_E_4440967_phone.wav,bonafide,0.9999999,spoof,Telephone + G.711 A-law
LA_E_4443701_phone.wav,spoof,1.0,spoof,Telephone + G.711 A-law
LA_E_4446740_phone.wav,bonafide,0.9999993,spoof,Telephone + G.711 A-law
LA_E_4449377_phone.wav,bonafide,0.41002917,bonafide,Telephone + G.711 A-law
LA_E_4451075_phone.wav,spoof,1.0,spoof,Telephone + G.711 A-law
LA_E_4456595_phone.wav,spoof,1.0,spoof,Telephone + G.711 A-law
LA_E_4459297_phone.wav,spoof,1.0,spoof,Telephone + G.711 A-law
LA_E_4462732_phone.wav,spoof,1.0,spoof,Telephone + G.711 A-law
LA_E_4471017_phone.wav,bonafide,0.99980336,spoof,Telephone + G.711 A-law
LA_E_4483232_phone.wav,bonafide,0.99999595,spoof,Telephone + G.711 A-law
LA_E_4490428_phone.wav,spoof,1.0,spoof,Telephone + G.711 A-law
LA_E_4493422_phone.wav,bonafide,0.9922771,spoof,Telephone + G.711 A-law
LA_E_4494506_phone.wav,bonafide,0.9999999,spoof,Telephone + G.711 A-law
LA_E_4497015_phone.wav,spoof,1.0,spoof,Telephone + G.711 A-law
LA_E_4502910_phone.wav,bonafide,0.9999999,spoof,Telephone + G.711 A-law
LA_E_4506237_phone.wav,bonafide,0.9997652,spoof,Telephone + G.711 A-law
LA_E_4507003_phone.wav,spoof,1.0,spoof,Telephone + G.711 A-law
LA_E_4508021_phone.wav,bonafide,0.9941882,spoof,Telephone + G.711 A-law
LA_E_4511907_phone.wav,spoof,1.0,spoof,Telephone + G.711 A-law
LA_E_4517012_phone.wav,bonafide,1.0,spoof,Telephone + G.711 A-law
LA_E_4539824_phone.wav,spoof,1.0,spoof,Telephone + G.711 A-law
LA_E_4553648_phone.wav,spoof,0.9999997,spoof,Telephone + G.711 A-law
LA_E_4567719_phone.wav,bonafide,0.9982718,spoof,Telephone + G.711 A-law
LA_E_4582932_phone.wav,spoof,1.0,spoof,Telephone + G.711 A-law
LA_E_4595563_phone.wav,spoof,1.0,spoof,Telephone + G.711 A-law
LA_E_4596836_phone.wav,bonafide,0.9998958,spoof,Telephone + G.711 A-law
LA_E_4600293_phone.wav,bonafide,0.9998758,spoof,Telephone + G.711 A-law
LA_E_4605793_phone.wav,bonafide,0.99999845,spoof,Telephone + G.711 A-law
LA_E_4612507_phone.wav,bonafide,1.0,spoof,Telephone + G.711 A-law
LA_E_4618845_phone.wav,bonafide,0.9999892,spoof,Telephone + G.711 A-law
LA_E_4619418_phone.wav,bonafide,0.9999927,spoof,Telephone + G.711 A-law
LA_E_4639819_phone.wav,spoof,0.99299234,spoof,Telephone + G.711 A-law
LA_E_4642752_phone.wav,spoof,1.0,spoof,Telephone + G.711 A-law
LA_E_4644082_phone.wav,spoof,1.0,spoof,Telephone + G.711 A-law
LA_E_4645942_phone.wav,spoof,1.0,spoof,Telephone + G.711 A-law
LA_E_4664197_phone.wav,spoof,1.0,spoof,Telephone + G.711 A-law
LA_E_4665657_phone.wav,bonafide,0.8552583,spoof,Telephone + G.711 A-law
LA_E_4676592_phone.wav,bonafide,0.99994504,spoof,Telephone + G.711 A-law
LA_E_4680097_phone.wav,bonafide,0.99998903,spoof,Telephone + G.711 A-law
LA_E_4705575_phone.wav,bonafide,0.9999415,spoof,Telephone + G.711 A-law
LA_E_4707391_phone.wav,bonafide,0.9988107,spoof,Telephone + G.711 A-law
LA_E_4710355_phone.wav,bonafide,1.0,spoof,Telephone + G.711 A-law
LA_E_4724621_phone.wav,bonafide,0.9926882,spoof,Telephone + G.711 A-law
LA_E_4725139_phone.wav,spoof,1.0,spoof,Telephone + G.711 A-law
LA_E_4741993_phone.wav,spoof,1.0,spoof,Telephone + G.711 A-law
LA_E_4764011_phone.wav,bonafide,1.0,spoof,Telephone + G.711 A-law
LA_E_4771468_phone.wav,bonafide,0.99386364,spoof,Telephone + G.711 A-law
LA_E_4775445_phone.wav,bonafide,1.0,spoof,Telephone + G.711 A-law
LA_E_4790871_phone.wav,spoof,1.0,spoof,Telephone + G.711 A-law
LA_E_4791988_phone.wav,spoof,0.9999106,spoof,Telephone + G.711 A-law
LA_E_4797976_phone.wav,bonafide,0.96730083,spoof,Telephone + G.711 A-law
LA_E_4801176_phone.wav,bonafide,0.98254526,spoof,Telephone + G.711 A-law
LA_E_4806206_phone.wav,bonafide,0.9996122,spoof,Telephone + G.711 A-law
LA_E_4807303_phone.wav,spoof,1.0,spoof,Telephone + G.711 A-law
LA_E_4826364_phone.wav,spoof,1.0,spoof,Telephone + G.711 A-law
LA_E_4852262_phone.wav,bonafide,0.9999984,spoof,Telephone + G.711 A-law
LA_E_4852626_phone.wav,spoof,1.0,spoof,Telephone + G.711 A-law
LA_E_4865083_phone.wav,bonafide,1.0,spoof,Telephone + G.711 A-law
LA_E_4870031_phone.wav,bonafide,0.9999934,spoof,Telephone + G.711 A-law
LA_E_4876043_phone.wav,spoof,1.0,spoof,Telephone + G.711 A-law
LA_E_4903258_phone.wav,spoof,1.0,spoof,Telephone + G.711 A-law
LA_E_4913160_phone.wav,spoof,1.0,spoof,Telephone + G.711 A-law
LA_E_4916170_phone.wav,bonafide,1.0,spoof,Telephone + G.711 A-law
LA_E_4919774_phone.wav,spoof,1.0,spoof,Telephone + G.711 A-law
LA_E_4920916_phone.wav,spoof,1.0,spoof,Telephone + G.711 A-law
LA_E_4936104_phone.wav,bonafide,0.9999997,spoof,Telephone + G.711 A-law
LA_E_4953501_phone.wav,spoof,0.99999493,spoof,Telephone + G.711 A-law
LA_E_4971797_phone.wav,spoof,1.0,spoof,Telephone + G.711 A-law
LA_E_4972083_phone.wav,spoof,1.0,spoof,Telephone + G.711 A-law
LA_E_4977706_phone.wav,spoof,1.0,spoof,Telephone + G.711 A-law
LA_E_4982901_phone.wav,spoof,1.0,spoof,Telephone + G.711 A-law
LA_E_5008274_phone.wav,spoof,1.0,spoof,Telephone + G.711 A-law
LA_E_5010463_phone.wav,bonafide,0.92536545,spoof,Telephone + G.711 A-law
LA_E_5020759_phone.wav,bonafide,0.9999168,spoof,Telephone + G.711 A-law
LA_E_5034557_phone.wav,spoof,1.0,spoof,Telephone + G.711 A-law
LA_E_5041287_phone.wav,bonafide,0.29395866,bonafide,Telephone + G.711 A-law
LA_E_5058525_phone.wav,bonafide,0.9999977,spoof,Telephone + G.711 A-law
LA_E_5063578_phone.wav,bonafide,0.9999999,spoof,Telephone + G.711 A-law
LA_E_5066446_phone.wav,spoof,1.0,spoof,Telephone + G.711 A-law
LA_E_5068699_phone.wav,bonafide,0.9999996,spoof,Telephone + G.711 A-law
LA_E_5074188_phone.wav,bonafide,0.9999624,spoof,Telephone + G.711 A-law
LA_E_5075477_phone.wav,bonafide,0.9999817,spoof,Telephone + G.711 A-law
LA_E_5139448_phone.wav,spoof,1.0,spoof,Telephone + G.711 A-law
LA_E_5147885_phone.wav,bonafide,0.9999983,spoof,Telephone + G.711 A-law
LA_E_5154555_phone.wav,bonafide,0.99190587,spoof,Telephone + G.711 A-law
LA_E_5189173_phone.wav,spoof,1.0,spoof,Telephone + G.711 A-law
LA_E_5200508_phone.wav,bonafide,0.9999995,spoof,Telephone + G.711 A-law
LA_E_5223832_phone.wav,spoof,1.0,spoof,Telephone + G.711 A-law
LA_E_5228880_phone.wav,spoof,1.0,spoof,Telephone + G.711 A-law
LA_E_5230985_phone.wav,bonafide,0.7934559,spoof,Telephone + G.711 A-law
LA_E_5254282_phone.wav,bonafide,1.0,spoof,Telephone + G.711 A-law
LA_E_5257092_phone.wav,bonafide,0.99956566,spoof,Telephone + G.711 A-law
LA_E_5258139_phone.wav,bonafide,0.9999297,spoof,Telephone + G.711 A-law
LA_E_5271811_phone.wav,spoof,1.0,spoof,Telephone + G.711 A-law
LA_E_5343840_phone.wav,spoof,1.0,spoof,Telephone + G.711 A-law
LA_E_5348151_phone.wav,bonafide,0.9853979,spoof,Telephone + G.711 A-law
LA_E_5358155_phone.wav,spoof,1.0,spoof,Telephone + G.711 A-law
LA_E_5372860_phone.wav,spoof,1.0,spoof,Telephone + G.711 A-law
LA_E_5373692_phone.wav,bonafide,0.94348806,spoof,Telephone + G.711 A-law
LA_E_5386161_phone.wav,bonafide,0.99999696,spoof,Telephone + G.711 A-law
LA_E_5388984_phone.wav,bonafide,0.9958462,spoof,Telephone + G.711 A-law
LA_E_5399209_phone.wav,spoof,1.0,spoof,Telephone + G.711 A-law
LA_E_5414050_phone.wav,spoof,0.9999999,spoof,Telephone + G.711 A-law
LA_E_5414206_phone.wav,spoof,1.0,spoof,Telephone + G.711 A-law
LA_E_5417823_phone.wav,spoof,1.0,spoof,Telephone + G.711 A-law
LA_E_5422573_phone.wav,spoof,1.0,spoof,Telephone + G.711 A-law
LA_E_5429696_phone.wav,spoof,1.0,spoof,Telephone + G.711 A-law
LA_E_5433016_phone.wav,spoof,1.0,spoof,Telephone + G.711 A-law
LA_E_5435863_phone.wav,spoof,1.0,spoof,Telephone + G.711 A-law
LA_E_5439039_phone.wav,bonafide,0.9995243,spoof,Telephone + G.711 A-law
LA_E_5460529_phone.wav,bonafide,0.9999997,spoof,Telephone + G.711 A-law
LA_E_5468092_phone.wav,bonafide,0.99499595,spoof,Telephone + G.711 A-law
LA_E_5469597_phone.wav,spoof,0.9997939,spoof,Telephone + G.711 A-law
LA_E_5471652_phone.wav,spoof,1.0,spoof,Telephone + G.711 A-law
LA_E_5479759_phone.wav,bonafide,0.9927786,spoof,Telephone + G.711 A-law
LA_E_5485843_phone.wav,spoof,1.0,spoof,Telephone + G.711 A-law
LA_E_5487104_phone.wav,spoof,1.0,spoof,Telephone + G.711 A-law
LA_E_5496047_phone.wav,spoof,0.9999995,spoof,Telephone + G.711 A-law
LA_E_5496764_phone.wav,spoof,1.0,spoof,Telephone + G.711 A-law
LA_E_5501049_phone.wav,spoof,1.0,spoof,Telephone + G.711 A-law
LA_E_5509548_phone.wav,bonafide,0.9999989,spoof,Telephone + G.711 A-law
LA_E_5523042_phone.wav,spoof,0.99955523,spoof,Telephone + G.711 A-law
LA_E_5547662_phone.wav,bonafide,1.0,spoof,Telephone + G.711 A-law
LA_E_5567935_phone.wav,spoof,1.0,spoof,Telephone + G.711 A-law
LA_E_5572637_phone.wav,bonafide,0.99999976,spoof,Telephone + G.711 A-law
LA_E_5573939_phone.wav,bonafide,0.9990948,spoof,Telephone + G.711 A-law
LA_E_5580573_phone.wav,bonafide,0.99908274,spoof,Telephone + G.711 A-law
LA_E_5588325_phone.wav,bonafide,1.0,spoof,Telephone + G.711 A-law
LA_E_5588661_phone.wav,bonafide,0.99671555,spoof,Telephone + G.711 A-law
LA_E_5609056_phone.wav,spoof,1.0,spoof,Telephone + G.711 A-law
LA_E_5615123_phone.wav,spoof,1.0,spoof,Telephone + G.711 A-law
LA_E_5615790_phone.wav,bonafide,0.9999643,spoof,Telephone + G.711 A-law
LA_E_5624940_phone.wav,bonafide,0.9858139,spoof,Telephone + G.711 A-law
LA_E_5628684_phone.wav,bonafide,0.99858093,spoof,Telephone + G.711 A-law
LA_E_5643555_phone.wav,spoof,1.0,spoof,Telephone + G.711 A-law
LA_E_5660987_phone.wav,bonafide,0.9977695,spoof,Telephone + G.711 A-law
LA_E_5663095_phone.wav,spoof,1.0,spoof,Telephone + G.711 A-law
LA_E_5667284_phone.wav,bonafide,0.99999905,spoof,Telephone + G.711 A-law
LA_E_5686141_phone.wav,spoof,1.0,spoof,Telephone + G.711 A-law
LA_E_5707367_phone.wav,spoof,1.0,spoof,Telephone + G.711 A-law
LA_E_5713901_phone.wav,spoof,1.0,spoof,Telephone + G.711 A-law
LA_E_5725907_phone.wav,spoof,1.0,spoof,Telephone + G.711 A-law
LA_E_5726752_phone.wav,bonafide,0.99913496,spoof,Telephone + G.711 A-law
LA_E_5748987_phone.wav,spoof,1.0,spoof,Telephone + G.711 A-law
LA_E_5751076_phone.wav,bonafide,0.9999438,spoof,Telephone + G.711 A-law
LA_E_5753260_phone.wav,bonafide,0.9999284,spoof,Telephone + G.711 A-law
LA_E_5780087_phone.wav,bonafide,0.9976255,spoof,Telephone + G.711 A-law
LA_E_5783203_phone.wav,bonafide,0.99757826,spoof,Telephone + G.711 A-law
LA_E_5784944_phone.wav,spoof,1.0,spoof,Telephone + G.711 A-law
LA_E_5817898_phone.wav,bonafide,0.99999803,spoof,Telephone + G.711 A-law
LA_E_5836870_phone.wav,bonafide,0.66066366,spoof,Telephone + G.711 A-law
LA_E_5847134_phone.wav,spoof,1.0,spoof,Telephone + G.711 A-law
LA_E_5861413_phone.wav,bonafide,1.0,spoof,Telephone + G.711 A-law
LA_E_5862272_phone.wav,spoof,1.0,spoof,Telephone + G.711 A-law
LA_E_5864563_phone.wav,bonafide,0.99978167,spoof,Telephone + G.711 A-law
LA_E_5895130_phone.wav,spoof,1.0,spoof,Telephone + G.711 A-law
LA_E_5906820_phone.wav,bonafide,0.99998844,spoof,Telephone + G.711 A-law
LA_E_5910791_phone.wav,spoof,1.0,spoof,Telephone + G.711 A-law
LA_E_5921124_phone.wav,spoof,1.0,spoof,Telephone + G.711 A-law
LA_E_5921569_phone.wav,spoof,1.0,spoof,Telephone + G.711 A-law
LA_E_5929285_phone.wav,spoof,1.0,spoof,Telephone + G.711 A-law
LA_E_5945273_phone.wav,spoof,1.0,spoof,Telephone + G.711 A-law
LA_E_5967850_phone.wav,bonafide,0.82821643,spoof,Telephone + G.711 A-law
LA_E_5972524_phone.wav,bonafide,1.0,spoof,Telephone + G.711 A-law
LA_E_5974773_phone.wav,bonafide,0.6144543,spoof,Telephone + G.711 A-law
LA_E_5979848_phone.wav,bonafide,1.0,spoof,Telephone + G.711 A-law
LA_E_5980083_phone.wav,spoof,0.9999996,spoof,Telephone + G.711 A-law
LA_E_5980440_phone.wav,bonafide,1.0,spoof,Telephone + G.711 A-law
LA_E_5995134_phone.wav,spoof,1.0,spoof,Telephone + G.711 A-law
LA_E_6009231_phone.wav,spoof,1.0,spoof,Telephone + G.711 A-law
LA_E_6013078_phone.wav,spoof,1.0,spoof,Telephone + G.711 A-law
LA_E_6018920_phone.wav,spoof,0.99999905,spoof,Telephone + G.711 A-law
LA_E_6021027_phone.wav,spoof,1.0,spoof,Telephone + G.711 A-law
LA_E_6030623_phone.wav,spoof,1.0,spoof,Telephone + G.711 A-law
LA_E_6035533_phone.wav,spoof,1.0,spoof,Telephone + G.711 A-law
LA_E_6037005_phone.wav,bonafide,0.8999795,spoof,Telephone + G.711 A-law
LA_E_6067786_phone.wav,spoof,0.99999976,spoof,Telephone + G.711 A-law
LA_E_6067970_phone.wav,bonafide,1.0,spoof,Telephone + G.711 A-law
LA_E_6069382_phone.wav,spoof,1.0,spoof,Telephone + G.711 A-law
LA_E_6088839_phone.wav,spoof,1.0,spoof,Telephone + G.711 A-law
LA_E_6095822_phone.wav,spoof,1.0,spoof,Telephone + G.711 A-law
LA_E_6108915_phone.wav,spoof,0.99999744,spoof,Telephone + G.711 A-law
LA_E_6118088_phone.wav,bonafide,1.0,spoof,Telephone + G.711 A-law
LA_E_6126706_phone.wav,spoof,1.0,spoof,Telephone + G.711 A-law
LA_E_6128759_phone.wav,bonafide,0.9954922,spoof,Telephone + G.711 A-law
LA_E_6131407_phone.wav,bonafide,0.99999857,spoof,Telephone + G.711 A-law
LA_E_6147431_phone.wav,bonafide,0.4420724,bonafide,Telephone + G.711 A-law
LA_E_6154182_phone.wav,spoof,0.9531609,spoof,Telephone + G.711 A-law
LA_E_6167002_phone.wav,spoof,1.0,spoof,Telephone + G.711 A-law
LA_E_6168960_phone.wav,spoof,1.0,spoof,Telephone + G.711 A-law
LA_E_6181214_phone.wav,bonafide,1.0,spoof,Telephone + G.711 A-law
LA_E_6189894_phone.wav,bonafide,1.0,spoof,Telephone + G.711 A-law
LA_E_6192712_phone.wav,spoof,1.0,spoof,Telephone + G.711 A-law
LA_E_6201385_phone.wav,bonafide,0.98780495,spoof,Telephone + G.711 A-law
LA_E_6208001_phone.wav,spoof,1.0,spoof,Telephone + G.711 A-law
LA_E_6208740_phone.wav,spoof,1.0,spoof,Telephone + G.711 A-law
LA_E_6212470_phone.wav,spoof,1.0,spoof,Telephone + G.711 A-law
LA_E_6212486_phone.wav,spoof,1.0,spoof,Telephone + G.711 A-law
LA_E_6225729_phone.wav,spoof,1.0,spoof,Telephone + G.711 A-law
LA_E_6246933_phone.wav,bonafide,1.0,spoof,Telephone + G.711 A-law
LA_E_6260605_phone.wav,spoof,1.0,spoof,Telephone + G.711 A-law
LA_E_6261281_phone.wav,bonafide,0.9999999,spoof,Telephone + G.711 A-law
LA_E_6266185_phone.wav,spoof,0.99999774,spoof,Telephone + G.711 A-law
LA_E_6267816_phone.wav,spoof,1.0,spoof,Telephone + G.711 A-law
LA_E_6274230_phone.wav,spoof,1.0,spoof,Telephone + G.711 A-law
LA_E_6278531_phone.wav,spoof,1.0,spoof,Telephone + G.711 A-law
LA_E_6279016_phone.wav,spoof,1.0,spoof,Telephone + G.711 A-law
LA_E_6283292_phone.wav,spoof,1.0,spoof,Telephone + G.711 A-law
LA_E_6298488_phone.wav,spoof,1.0,spoof,Telephone + G.711 A-law
LA_E_6300618_phone.wav,spoof,1.0,spoof,Telephone + G.711 A-law
LA_E_6322937_phone.wav,spoof,0.9999994,spoof,Telephone + G.711 A-law
LA_E_6324052_phone.wav,spoof,1.0,spoof,Telephone + G.711 A-law
LA_E_6324571_phone.wav,bonafide,0.99993783,spoof,Telephone + G.711 A-law
LA_E_6328055_phone.wav,spoof,1.0,spoof,Telephone + G.711 A-law
LA_E_6334492_phone.wav,spoof,1.0,spoof,Telephone + G.711 A-law
LA_E_6337183_phone.wav,spoof,1.0,spoof,Telephone + G.711 A-law
LA_E_6368818_phone.wav,spoof,1.0,spoof,Telephone + G.711 A-law
LA_E_6372044_phone.wav,bonafide,0.9999984,spoof,Telephone + G.711 A-law
LA_E_6376280_phone.wav,spoof,1.0,spoof,Telephone + G.711 A-law
LA_E_6377807_phone.wav,spoof,0.9999093,spoof,Telephone + G.711 A-law
LA_E_6397049_phone.wav,spoof,1.0,spoof,Telephone + G.711 A-law
LA_E_6397734_phone.wav,spoof,1.0,spoof,Telephone + G.711 A-law
LA_E_6398678_phone.wav,spoof,1.0,spoof,Telephone + G.711 A-law
LA_E_6410992_phone.wav,bonafide,0.9955414,spoof,Telephone + G.711 A-law
LA_E_6422459_phone.wav,bonafide,1.0,spoof,Telephone + G.711 A-law
LA_E_6439636_phone.wav,bonafide,1.0,spoof,Telephone + G.711 A-law
LA_E_6462173_phone.wav,spoof,1.0,spoof,Telephone + G.711 A-law
LA_E_6467729_phone.wav,bonafide,0.678243,spoof,Telephone + G.711 A-law
LA_E_6468342_phone.wav,spoof,1.0,spoof,Telephone + G.711 A-law
LA_E_6471133_phone.wav,bonafide,0.99999523,spoof,Telephone + G.711 A-law
LA_E_6488985_phone.wav,bonafide,0.77028096,spoof,Telephone + G.711 A-law
LA_E_6502439_phone.wav,bonafide,1.0,spoof,Telephone + G.711 A-law
LA_E_6513799_phone.wav,spoof,1.0,spoof,Telephone + G.711 A-law
LA_E_6522406_phone.wav,spoof,1.0,spoof,Telephone + G.711 A-law
LA_E_6531800_phone.wav,bonafide,0.9999999,spoof,Telephone + G.711 A-law
LA_E_6535624_phone.wav,spoof,1.0,spoof,Telephone + G.711 A-law
LA_E_6544084_phone.wav,spoof,1.0,spoof,Telephone + G.711 A-law
LA_E_6549773_phone.wav,bonafide,0.998683,spoof,Telephone + G.711 A-law
LA_E_6553783_phone.wav,spoof,0.99982554,spoof,Telephone + G.711 A-law
LA_E_6563418_phone.wav,bonafide,0.99999744,spoof,Telephone + G.711 A-law
LA_E_6570504_phone.wav,bonafide,0.88861686,spoof,Telephone + G.711 A-law
LA_E_6575727_phone.wav,spoof,1.0,spoof,Telephone + G.711 A-law
LA_E_6576463_phone.wav,bonafide,0.9974137,spoof,Telephone + G.711 A-law
LA_E_6580034_phone.wav,bonafide,0.9839083,spoof,Telephone + G.711 A-law
LA_E_6588171_phone.wav,spoof,1.0,spoof,Telephone + G.711 A-law
LA_E_6592171_phone.wav,bonafide,1.0,spoof,Telephone + G.711 A-law
LA_E_6610003_phone.wav,bonafide,1.0,spoof,Telephone + G.711 A-law
LA_E_6616034_phone.wav,spoof,1.0,spoof,Telephone + G.711 A-law
LA_E_6619416_phone.wav,bonafide,1.0,spoof,Telephone + G.711 A-law
LA_E_6619902_phone.wav,bonafide,1.0,spoof,Telephone + G.711 A-law
LA_E_6629464_phone.wav,bonafide,0.9999552,spoof,Telephone + G.711 A-law
LA_E_6651738_phone.wav,bonafide,0.999723,spoof,Telephone + G.711 A-law
LA_E_6662197_phone.wav,spoof,1.0,spoof,Telephone + G.711 A-law
LA_E_6664518_phone.wav,spoof,1.0,spoof,Telephone + G.711 A-law
LA_E_6668714_phone.wav,bonafide,0.06819167,bonafide,Telephone + G.711 A-law
LA_E_6677864_phone.wav,bonafide,0.9288888,spoof,Telephone + G.711 A-law
LA_E_6709826_phone.wav,bonafide,1.0,spoof,Telephone + G.711 A-law
LA_E_6715486_phone.wav,bonafide,0.79957056,spoof,Telephone + G.711 A-law
LA_E_6727880_phone.wav,spoof,1.0,spoof,Telephone + G.711 A-law
LA_E_6735205_phone.wav,spoof,1.0,spoof,Telephone + G.711 A-law
LA_E_6737996_phone.wav,spoof,1.0,spoof,Telephone + G.711 A-law
LA_E_6744354_phone.wav,spoof,1.0,spoof,Telephone + G.711 A-law
LA_E_6755783_phone.wav,spoof,1.0,spoof,Telephone + G.711 A-law
LA_E_6758797_phone.wav,bonafide,0.8602233,spoof,Telephone + G.711 A-law
LA_E_6764440_phone.wav,bonafide,1.0,spoof,Telephone + G.711 A-law
LA_E_6801169_phone.wav,bonafide,0.98232585,spoof,Telephone + G.711 A-law
LA_E_6802655_phone.wav,bonafide,0.99999994,spoof,Telephone + G.711 A-law
LA_E_6806125_phone.wav,spoof,1.0,spoof,Telephone + G.711 A-law
LA_E_6811384_phone.wav,bonafide,0.9279551,spoof,Telephone + G.711 A-law
LA_E_6823150_phone.wav,bonafide,1.0,spoof,Telephone + G.711 A-law
LA_E_6839054_phone.wav,spoof,1.0,spoof,Telephone + G.711 A-law
LA_E_6860497_phone.wav,spoof,0.9999992,spoof,Telephone + G.711 A-law
LA_E_6874952_phone.wav,spoof,1.0,spoof,Telephone + G.711 A-law
LA_E_6901131_phone.wav,bonafide,0.9999706,spoof,Telephone + G.711 A-law
LA_E_6917010_phone.wav,bonafide,0.9986999,spoof,Telephone + G.711 A-law
LA_E_6929676_phone.wav,bonafide,1.0,spoof,Telephone + G.711 A-law
LA_E_6932423_phone.wav,spoof,1.0,spoof,Telephone + G.711 A-law
LA_E_6936076_phone.wav,spoof,1.0,spoof,Telephone + G.711 A-law
LA_E_6946017_phone.wav,bonafide,0.99950594,spoof,Telephone + G.711 A-law
LA_E_6952476_phone.wav,bonafide,0.99820423,spoof,Telephone + G.711 A-law
LA_E_6953241_phone.wav,spoof,0.99991244,spoof,Telephone + G.711 A-law
LA_E_6954385_phone.wav,bonafide,1.0,spoof,Telephone + G.711 A-law
LA_E_6957133_phone.wav,bonafide,0.99975234,spoof,Telephone + G.711 A-law
LA_E_6959086_phone.wav,spoof,1.0,spoof,Telephone + G.711 A-law
LA_E_6975258_phone.wav,spoof,1.0,spoof,Telephone + G.711 A-law
LA_E_6990109_phone.wav,bonafide,0.99999994,spoof,Telephone + G.711 A-law
LA_E_7020783_phone.wav,bonafide,0.02384869,bonafide,Telephone + G.711 A-law
LA_E_7023677_phone.wav,spoof,1.0,spoof,Telephone + G.711 A-law
LA_E_7036499_phone.wav,spoof,1.0,spoof,Telephone + G.711 A-law
LA_E_7056770_phone.wav,bonafide,0.99998736,spoof,Telephone + G.711 A-law
LA_E_7073340_phone.wav,bonafide,0.99106085,spoof,Telephone + G.711 A-law
LA_E_7088834_phone.wav,spoof,0.99990374,spoof,Telephone + G.711 A-law
LA_E_7105728_phone.wav,bonafide,0.9999947,spoof,Telephone + G.711 A-law
LA_E_7107096_phone.wav,spoof,1.0,spoof,Telephone + G.711 A-law
LA_E_7125363_phone.wav,bonafide,0.99999654,spoof,Telephone + G.711 A-law
LA_E_7130668_phone.wav,bonafide,0.99991524,spoof,Telephone + G.711 A-law
LA_E_7135747_phone.wav,spoof,1.0,spoof,Telephone + G.711 A-law
LA_E_7146859_phone.wav,bonafide,0.9801349,spoof,Telephone + G.711 A-law
LA_E_7159151_phone.wav,spoof,1.0,spoof,Telephone + G.711 A-law
LA_E_7164616_phone.wav,bonafide,0.9999995,spoof,Telephone + G.711 A-law
LA_E_7171505_phone.wav,bonafide,0.9999844,spoof,Telephone + G.711 A-law
LA_E_7180818_phone.wav,bonafide,0.9999953,spoof,Telephone + G.711 A-law
LA_E_7192318_phone.wav,bonafide,0.999997,spoof,Telephone + G.711 A-law
LA_E_7211416_phone.wav,bonafide,0.9526575,spoof,Telephone + G.711 A-law
LA_E_7214407_phone.wav,bonafide,0.8607018,spoof,Telephone + G.711 A-law
LA_E_7224206_phone.wav,spoof,1.0,spoof,Telephone + G.711 A-law
LA_E_7225142_phone.wav,bonafide,0.9999999,spoof,Telephone + G.711 A-law
LA_E_7228318_phone.wav,spoof,1.0,spoof,Telephone + G.711 A-law
LA_E_7234316_phone.wav,bonafide,0.9999924,spoof,Telephone + G.711 A-law
LA_E_7238684_phone.wav,bonafide,1.0,spoof,Telephone + G.711 A-law
LA_E_7249289_phone.wav,bonafide,0.99918675,spoof,Telephone + G.711 A-law
LA_E_7271898_phone.wav,spoof,1.0,spoof,Telephone + G.711 A-law
LA_E_7272308_phone.wav,bonafide,0.999833,spoof,Telephone + G.711 A-law
LA_E_7272984_phone.wav,bonafide,0.90227,spoof,Telephone + G.711 A-law
LA_E_7277286_phone.wav,bonafide,1.0,spoof,Telephone + G.711 A-law
LA_E_7278246_phone.wav,spoof,0.9999999,spoof,Telephone + G.711 A-law
LA_E_7307487_phone.wav,bonafide,1.0,spoof,Telephone + G.711 A-law
LA_E_7319563_phone.wav,spoof,1.0,spoof,Telephone + G.711 A-law
LA_E_7322085_phone.wav,bonafide,1.0,spoof,Telephone + G.711 A-law
LA_E_7322638_phone.wav,spoof,1.0,spoof,Telephone + G.711 A-law
LA_E_7336388_phone.wav,spoof,1.0,spoof,Telephone + G.711 A-law
LA_E_7344119_phone.wav,bonafide,1.0,spoof,Telephone + G.711 A-law
LA_E_7350828_phone.wav,spoof,1.0,spoof,Telephone + G.711 A-law
LA_E_7352456_phone.wav,spoof,1.0,spoof,Telephone + G.711 A-law
LA_E_7364537_phone.wav,spoof,1.0,spoof,Telephone + G.711 A-law
LA_E_7369290_phone.wav,bonafide,0.9100165,spoof,Telephone + G.711 A-law
LA_E_7369736_phone.wav,bonafide,0.999793,spoof,Telephone + G.711 A-law
LA_E_7403148_phone.wav,spoof,1.0,spoof,Telephone + G.711 A-law
LA_E_7410535_phone.wav,bonafide,1.0,spoof,Telephone + G.711 A-law
LA_E_7417382_phone.wav,spoof,1.0,spoof,Telephone + G.711 A-law
LA_E_7419946_phone.wav,bonafide,0.9999164,spoof,Telephone + G.711 A-law
LA_E_7440311_phone.wav,spoof,1.0,spoof,Telephone + G.711 A-law
LA_E_7443048_phone.wav,bonafide,0.99976766,spoof,Telephone + G.711 A-law
LA_E_7443216_phone.wav,spoof,1.0,spoof,Telephone + G.711 A-law
LA_E_7451005_phone.wav,spoof,0.99998415,spoof,Telephone + G.711 A-law
LA_E_7455353_phone.wav,bonafide,0.999963,spoof,Telephone + G.711 A-law
LA_E_7462205_phone.wav,spoof,1.0,spoof,Telephone + G.711 A-law
LA_E_7471911_phone.wav,bonafide,0.9999997,spoof,Telephone + G.711 A-law
LA_E_7473891_phone.wav,spoof,1.0,spoof,Telephone + G.711 A-law
LA_E_7483475_phone.wav,bonafide,0.9802126,spoof,Telephone + G.711 A-law
LA_E_7487210_phone.wav,bonafide,1.0,spoof,Telephone + G.711 A-law
LA_E_7491844_phone.wav,spoof,1.0,spoof,Telephone + G.711 A-law
LA_E_7501521_phone.wav,bonafide,0.9997189,spoof,Telephone + G.711 A-law
LA_E_7514950_phone.wav,spoof,1.0,spoof,Telephone + G.711 A-law
LA_E_7525483_phone.wav,bonafide,0.9998303,spoof,Telephone + G.711 A-law
LA_E_7531986_phone.wav,bonafide,1.0,spoof,Telephone + G.711 A-law
LA_E_7533772_phone.wav,spoof,1.0,spoof,Telephone + G.711 A-law
LA_E_7536290_phone.wav,spoof,1.0,spoof,Telephone + G.711 A-law
LA_E_7579803_phone.wav,spoof,1.0,spoof,Telephone + G.711 A-law
LA_E_7592843_phone.wav,spoof,1.0,spoof,Telephone + G.711 A-law
LA_E_7602365_phone.wav,bonafide,0.9999998,spoof,Telephone + G.711 A-law
LA_E_7603857_phone.wav,bonafide,1.0,spoof,Telephone + G.711 A-law
LA_E_7603920_phone.wav,bonafide,0.99998564,spoof,Telephone + G.711 A-law
LA_E_7611723_phone.wav,spoof,1.0,spoof,Telephone + G.711 A-law
LA_E_7616466_phone.wav,bonafide,0.9999999,spoof,Telephone + G.711 A-law
LA_E_7625613_phone.wav,spoof,1.0,spoof,Telephone + G.711 A-law
LA_E_7632803_phone.wav,bonafide,0.9634286,spoof,Telephone + G.711 A-law
LA_E_7634666_phone.wav,spoof,1.0,spoof,Telephone + G.711 A-law
LA_E_7643568_phone.wav,bonafide,0.9995514,spoof,Telephone + G.711 A-law
LA_E_7645690_phone.wav,bonafide,0.99999994,spoof,Telephone + G.711 A-law
LA_E_7648787_phone.wav,bonafide,1.0,spoof,Telephone + G.711 A-law
LA_E_7658848_phone.wav,spoof,1.0,spoof,Telephone + G.711 A-law
LA_E_7660982_phone.wav,bonafide,1.0,spoof,Telephone + G.711 A-law
LA_E_7675318_phone.wav,bonafide,0.99991,spoof,Telephone + G.711 A-law
LA_E_7676371_phone.wav,bonafide,0.99999213,spoof,Telephone + G.711 A-law
LA_E_7677282_phone.wav,spoof,1.0,spoof,Telephone + G.711 A-law
LA_E_7677820_phone.wav,spoof,1.0,spoof,Telephone + G.711 A-law
LA_E_7685365_phone.wav,spoof,1.0,spoof,Telephone + G.711 A-law
LA_E_7699956_phone.wav,spoof,1.0,spoof,Telephone + G.711 A-law
LA_E_7708650_phone.wav,bonafide,0.9260004,spoof,Telephone + G.711 A-law
LA_E_7712207_phone.wav,spoof,1.0,spoof,Telephone + G.711 A-law
LA_E_7728417_phone.wav,bonafide,0.89869183,spoof,Telephone + G.711 A-law
LA_E_7733356_phone.wav,bonafide,0.9582677,spoof,Telephone + G.711 A-law
LA_E_7751289_phone.wav,spoof,1.0,spoof,Telephone + G.711 A-law
LA_E_7753593_phone.wav,spoof,1.0,spoof,Telephone + G.711 A-law
LA_E_7758243_phone.wav,spoof,0.99985045,spoof,Telephone + G.711 A-law
LA_E_7760308_phone.wav,spoof,0.99999994,spoof,Telephone + G.711 A-law
LA_E_7772704_phone.wav,bonafide,0.99757934,spoof,Telephone + G.711 A-law
LA_E_7781073_phone.wav,spoof,1.0,spoof,Telephone + G.711 A-law
LA_E_7783675_phone.wav,spoof,1.0,spoof,Telephone + G.711 A-law
LA_E_7813568_phone.wav,spoof,1.0,spoof,Telephone + G.711 A-law
LA_E_7830498_phone.wav,bonafide,0.9995477,spoof,Telephone + G.711 A-law
LA_E_7839360_phone.wav,bonafide,1.0,spoof,Telephone + G.711 A-law
LA_E_7842660_phone.wav,spoof,1.0,spoof,Telephone + G.711 A-law
LA_E_7844012_phone.wav,spoof,1.0,spoof,Telephone + G.711 A-law
LA_E_7850213_phone.wav,bonafide,0.9966053,spoof,Telephone + G.711 A-law
LA_E_7862182_phone.wav,bonafide,1.0,spoof,Telephone + G.711 A-law
LA_E_7863290_phone.wav,bonafide,0.9156516,spoof,Telephone + G.711 A-law
LA_E_7875012_phone.wav,bonafide,0.99899197,spoof,Telephone + G.711 A-law
LA_E_7902329_phone.wav,bonafide,0.9999999,spoof,Telephone + G.711 A-law
LA_E_7927682_phone.wav,spoof,1.0,spoof,Telephone + G.711 A-law
LA_E_7938298_phone.wav,spoof,0.99156076,spoof,Telephone + G.711 A-law
LA_E_7945785_phone.wav,bonafide,0.9981557,spoof,Telephone + G.711 A-law
LA_E_7951266_phone.wav,bonafide,1.0,spoof,Telephone + G.711 A-law
LA_E_7961057_phone.wav,bonafide,0.9853777,spoof,Telephone + G.711 A-law
LA_E_7961634_phone.wav,bonafide,0.99998105,spoof,Telephone + G.711 A-law
LA_E_7967148_phone.wav,spoof,0.7123181,spoof,Telephone + G.711 A-law
LA_E_7970060_phone.wav,bonafide,1.0,spoof,Telephone + G.711 A-law
LA_E_7994918_phone.wav,spoof,1.0,spoof,Telephone + G.711 A-law
LA_E_7997193_phone.wav,spoof,1.0,spoof,Telephone + G.711 A-law
LA_E_8006424_phone.wav,bonafide,0.9998486,spoof,Telephone + G.711 A-law
LA_E_8008613_phone.wav,bonafide,0.99995923,spoof,Telephone + G.711 A-law
LA_E_8057592_phone.wav,bonafide,0.8086247,spoof,Telephone + G.711 A-law
LA_E_8071748_phone.wav,spoof,1.0,spoof,Telephone + G.711 A-law
LA_E_8099558_phone.wav,bonafide,0.99942476,spoof,Telephone + G.711 A-law
LA_E_8107687_phone.wav,bonafide,1.0,spoof,Telephone + G.711 A-law
LA_E_8114243_phone.wav,spoof,1.0,spoof,Telephone + G.711 A-law
LA_E_8123735_phone.wav,bonafide,0.99996644,spoof,Telephone + G.711 A-law
LA_E_8127881_phone.wav,spoof,0.99899477,spoof,Telephone + G.711 A-law
LA_E_8135416_phone.wav,bonafide,0.77984124,spoof,Telephone + G.711 A-law
LA_E_8135645_phone.wav,bonafide,1.0,spoof,Telephone + G.711 A-law
LA_E_8137396_phone.wav,spoof,1.0,spoof,Telephone + G.711 A-law
LA_E_8138863_phone.wav,spoof,1.0,spoof,Telephone + G.711 A-law
LA_E_8143823_phone.wav,spoof,1.0,spoof,Telephone + G.711 A-law
LA_E_8148385_phone.wav,bonafide,1.0,spoof,Telephone + G.711 A-law
LA_E_8151183_phone.wav,spoof,1.0,spoof,Telephone + G.711 A-law
LA_E_8151959_phone.wav,bonafide,0.99975467,spoof,Telephone + G.711 A-law
LA_E_8194428_phone.wav,bonafide,0.999991,spoof,Telephone + G.711 A-law
LA_E_8194735_phone.wav,spoof,1.0,spoof,Telephone + G.711 A-law
LA_E_8202133_phone.wav,bonafide,0.8235049,spoof,Telephone + G.711 A-law
LA_E_8209138_phone.wav,bonafide,0.9998307,spoof,Telephone + G.711 A-law
LA_E_8223877_phone.wav,bonafide,1.0,spoof,Telephone + G.711 A-law
LA_E_8234832_phone.wav,bonafide,0.9807269,spoof,Telephone + G.711 A-law
LA_E_8253036_phone.wav,bonafide,1.0,spoof,Telephone + G.711 A-law
LA_E_8256003_phone.wav,bonafide,1.0,spoof,Telephone + G.711 A-law
LA_E_8264854_phone.wav,spoof,1.0,spoof,Telephone + G.711 A-law
LA_E_8274206_phone.wav,bonafide,1.0,spoof,Telephone + G.711 A-law
LA_E_8278378_phone.wav,bonafide,0.9795079,spoof,Telephone + G.711 A-law
LA_E_8279567_phone.wav,spoof,1.0,spoof,Telephone + G.711 A-law
LA_E_8284844_phone.wav,spoof,1.0,spoof,Telephone + G.711 A-law
LA_E_8296247_phone.wav,bonafide,0.9999999,spoof,Telephone + G.711 A-law
LA_E_8313081_phone.wav,bonafide,0.9974294,spoof,Telephone + G.711 A-law
LA_E_8316270_phone.wav,spoof,1.0,spoof,Telephone + G.711 A-law
LA_E_8318206_phone.wav,spoof,0.99972063,spoof,Telephone + G.711 A-law
LA_E_8319260_phone.wav,bonafide,0.6083534,spoof,Telephone + G.711 A-law
LA_E_8321077_phone.wav,bonafide,0.99996877,spoof,Telephone + G.711 A-law
LA_E_8324310_phone.wav,spoof,1.0,spoof,Telephone + G.711 A-law
LA_E_8325045_phone.wav,spoof,0.99711007,spoof,Telephone + G.711 A-law
LA_E_8329616_phone.wav,spoof,0.99999976,spoof,Telephone + G.711 A-law
LA_E_8330989_phone.wav,spoof,1.0,spoof,Telephone + G.711 A-law
LA_E_8342966_phone.wav,spoof,1.0,spoof,Telephone + G.711 A-law
LA_E_8353060_phone.wav,bonafide,0.9982464,spoof,Telephone + G.711 A-law
LA_E_8354311_phone.wav,bonafide,0.12632827,bonafide,Telephone + G.711 A-law
LA_E_8360530_phone.wav,bonafide,0.17246534,bonafide,Telephone + G.711 A-law
LA_E_8364290_phone.wav,spoof,0.99999464,spoof,Telephone + G.711 A-law
LA_E_8369821_phone.wav,spoof,1.0,spoof,Telephone + G.711 A-law
LA_E_8382259_phone.wav,bonafide,0.99764407,spoof,Telephone + G.711 A-law
LA_E_8383122_phone.wav,bonafide,0.55485207,spoof,Telephone + G.711 A-law
LA_E_8383419_phone.wav,spoof,0.98364925,spoof,Telephone + G.711 A-law
LA_E_8415420_phone.wav,spoof,1.0,spoof,Telephone + G.711 A-law
LA_E_8421723_phone.wav,spoof,1.0,spoof,Telephone + G.711 A-law
LA_E_8445080_phone.wav,bonafide,0.9999994,spoof,Telephone + G.711 A-law
LA_E_8447482_phone.wav,spoof,1.0,spoof,Telephone + G.711 A-law
LA_E_8469034_phone.wav,spoof,1.0,spoof,Telephone + G.711 A-law
LA_E_8478378_phone.wav,spoof,1.0,spoof,Telephone + G.711 A-law
LA_E_8478765_phone.wav,bonafide,0.99999565,spoof,Telephone + G.711 A-law
LA_E_8482873_phone.wav,spoof,1.0,spoof,Telephone + G.711 A-law
LA_E_8494436_phone.wav,spoof,1.0,spoof,Telephone + G.711 A-law
LA_E_8500706_phone.wav,bonafide,0.9999709,spoof,Telephone + G.711 A-law
LA_E_8507678_phone.wav,spoof,1.0,spoof,Telephone + G.711 A-law
LA_E_8516535_phone.wav,bonafide,0.99448365,spoof,Telephone + G.711 A-law
LA_E_8545192_phone.wav,spoof,1.0,spoof,Telephone + G.711 A-law
LA_E_8545888_phone.wav,spoof,1.0,spoof,Telephone + G.711 A-law
LA_E_8547229_phone.wav,spoof,1.0,spoof,Telephone + G.711 A-law
LA_E_8550757_phone.wav,bonafide,0.9953415,spoof,Telephone + G.711 A-law
LA_E_8551226_phone.wav,spoof,1.0,spoof,Telephone + G.711 A-law
LA_E_8572237_phone.wav,bonafide,0.9987243,spoof,Telephone + G.711 A-law
LA_E_8585847_phone.wav,spoof,1.0,spoof,Telephone + G.711 A-law
LA_E_8598615_phone.wav,bonafide,0.9999644,spoof,Telephone + G.711 A-law
LA_E_8609092_phone.wav,bonafide,0.9999106,spoof,Telephone + G.711 A-law
LA_E_8624167_phone.wav,bonafide,0.99999994,spoof,Telephone + G.711 A-law
LA_E_8637006_phone.wav,spoof,0.9999998,spoof,Telephone + G.711 A-law
LA_E_8639104_phone.wav,bonafide,0.9734332,spoof,Telephone + G.711 A-law
LA_E_8650808_phone.wav,spoof,1.0,spoof,Telephone + G.711 A-law
LA_E_8659902_phone.wav,bonafide,0.99999994,spoof,Telephone + G.711 A-law
LA_E_8672238_phone.wav,spoof,1.0,spoof,Telephone + G.711 A-law
LA_E_8679347_phone.wav,bonafide,0.9999997,spoof,Telephone + G.711 A-law
LA_E_8681058_phone.wav,bonafide,0.9997002,spoof,Telephone + G.711 A-law
LA_E_8697642_phone.wav,spoof,1.0,spoof,Telephone + G.711 A-law
LA_E_8722640_phone.wav,spoof,1.0,spoof,Telephone + G.711 A-law
LA_E_8726801_phone.wav,spoof,1.0,spoof,Telephone + G.711 A-law
LA_E_8730039_phone.wav,spoof,1.0,spoof,Telephone + G.711 A-law
LA_E_8733829_phone.wav,bonafide,0.99631155,spoof,Telephone + G.711 A-law
LA_E_8737438_phone.wav,spoof,1.0,spoof,Telephone + G.711 A-law
LA_E_8746865_phone.wav,spoof,0.99999976,spoof,Telephone + G.711 A-law
LA_E_8751912_phone.wav,spoof,1.0,spoof,Telephone + G.711 A-law
LA_E_8757163_phone.wav,spoof,0.9997075,spoof,Telephone + G.711 A-law
LA_E_8762411_phone.wav,bonafide,0.80458623,spoof,Telephone + G.711 A-law
LA_E_8769684_phone.wav,bonafide,1.0,spoof,Telephone + G.711 A-law
LA_E_8777854_phone.wav,spoof,0.9999998,spoof,Telephone + G.711 A-law
LA_E_8808068_phone.wav,spoof,1.0,spoof,Telephone + G.711 A-law
LA_E_8811224_phone.wav,bonafide,0.9999976,spoof,Telephone + G.711 A-law
LA_E_8813135_phone.wav,spoof,1.0,spoof,Telephone + G.711 A-law
LA_E_8832325_phone.wav,bonafide,1.0,spoof,Telephone + G.711 A-law
LA_E_8843893_phone.wav,bonafide,0.9999915,spoof,Telephone + G.711 A-law
LA_E_8844930_phone.wav,spoof,1.0,spoof,Telephone + G.711 A-law
LA_E_8852053_phone.wav,bonafide,0.9998981,spoof,Telephone + G.711 A-law
LA_E_8854900_phone.wav,spoof,1.0,spoof,Telephone + G.711 A-law
LA_E_8859944_phone.wav,bonafide,0.99195254,spoof,Telephone + G.711 A-law
LA_E_8888975_phone.wav,spoof,1.0,spoof,Telephone + G.711 A-law
LA_E_8898947_phone.wav,spoof,0.9999998,spoof,Telephone + G.711 A-law
LA_E_8911287_phone.wav,spoof,1.0,spoof,Telephone + G.711 A-law
LA_E_8919738_phone.wav,spoof,1.0,spoof,Telephone + G.711 A-law
LA_E_8926105_phone.wav,bonafide,0.9999978,spoof,Telephone + G.711 A-law
LA_E_8941837_phone.wav,spoof,1.0,spoof,Telephone + G.711 A-law
LA_E_8943674_phone.wav,spoof,1.0,spoof,Telephone + G.711 A-law
LA_E_8949905_phone.wav,bonafide,0.85692,spoof,Telephone + G.711 A-law
LA_E_8954135_phone.wav,spoof,1.0,spoof,Telephone + G.711 A-law
LA_E_8955106_phone.wav,spoof,1.0,spoof,Telephone + G.711 A-law
LA_E_8962616_phone.wav,bonafide,1.0,spoof,Telephone + G.711 A-law
LA_E_8966254_phone.wav,spoof,1.0,spoof,Telephone + G.711 A-law
LA_E_8970410_phone.wav,spoof,1.0,spoof,Telephone + G.711 A-law
LA_E_8982382_phone.wav,spoof,1.0,spoof,Telephone + G.711 A-law
LA_E_8985734_phone.wav,bonafide,0.9998699,spoof,Telephone + G.711 A-law
LA_E_8995638_phone.wav,bonafide,0.99999964,spoof,Telephone + G.711 A-law
LA_E_9011033_phone.wav,spoof,1.0,spoof,Telephone + G.711 A-law
LA_E_9018476_phone.wav,bonafide,0.9978672,spoof,Telephone + G.711 A-law
LA_E_9019903_phone.wav,spoof,1.0,spoof,Telephone + G.711 A-law
LA_E_9043201_phone.wav,spoof,1.0,spoof,Telephone + G.711 A-law
LA_E_9050668_phone.wav,bonafide,1.0,spoof,Telephone + G.711 A-law
LA_E_9053264_phone.wav,spoof,1.0,spoof,Telephone + G.711 A-law
LA_E_9069661_phone.wav,bonafide,1.0,spoof,Telephone + G.711 A-law
LA_E_9079888_phone.wav,spoof,1.0,spoof,Telephone + G.711 A-law
LA_E_9106414_phone.wav,spoof,1.0,spoof,Telephone + G.711 A-law
LA_E_9108302_phone.wav,bonafide,0.9257833,spoof,Telephone + G.711 A-law
LA_E_9116424_phone.wav,spoof,0.99987906,spoof,Telephone + G.711 A-law
LA_E_9147080_phone.wav,spoof,1.0,spoof,Telephone + G.711 A-law
LA_E_9154249_phone.wav,bonafide,1.0,spoof,Telephone + G.711 A-law
LA_E_9160824_phone.wav,bonafide,1.0,spoof,Telephone + G.711 A-law
LA_E_9162748_phone.wav,spoof,1.0,spoof,Telephone + G.711 A-law
LA_E_9204515_phone.wav,spoof,0.98364323,spoof,Telephone + G.711 A-law
LA_E_9211616_phone.wav,bonafide,0.9999927,spoof,Telephone + G.711 A-law
LA_E_9214440_phone.wav,bonafide,0.99896306,spoof,Telephone + G.711 A-law
LA_E_9242358_phone.wav,spoof,0.99830943,spoof,Telephone + G.711 A-law
LA_E_9285491_phone.wav,spoof,1.0,spoof,Telephone + G.711 A-law
LA_E_9290139_phone.wav,spoof,0.99999845,spoof,Telephone + G.711 A-law
LA_E_9290615_phone.wav,bonafide,0.99999946,spoof,Telephone + G.711 A-law
LA_E_9295590_phone.wav,bonafide,0.9999323,spoof,Telephone + G.711 A-law
LA_E_9304032_phone.wav,bonafide,0.99999994,spoof,Telephone + G.711 A-law
LA_E_9316802_phone.wav,bonafide,0.9998244,spoof,Telephone + G.711 A-law
LA_E_9339157_phone.wav,spoof,1.0,spoof,Telephone + G.711 A-law
LA_E_9350635_phone.wav,bonafide,0.692726,spoof,Telephone + G.711 A-law
LA_E_9364987_phone.wav,spoof,1.0,spoof,Telephone + G.711 A-law
LA_E_9377307_phone.wav,bonafide,0.46625236,bonafide,Telephone + G.711 A-law
LA_E_9377546_phone.wav,bonafide,0.9950983,spoof,Telephone + G.711 A-law
LA_E_9388082_phone.wav,spoof,0.9986952,spoof,Telephone + G.711 A-law
LA_E_9390023_phone.wav,bonafide,1.0,spoof,Telephone + G.711 A-law
LA_E_9394007_phone.wav,spoof,0.9999999,spoof,Telephone + G.711 A-law
LA_E_9395892_phone.wav,bonafide,0.9999886,spoof,Telephone + G.711 A-law
LA_E_9397715_phone.wav,bonafide,0.999933,spoof,Telephone + G.711 A-law
LA_E_9401966_phone.wav,spoof,0.9999975,spoof,Telephone + G.711 A-law
LA_E_9415862_phone.wav,bonafide,0.043361872,bonafide,Telephone + G.711 A-law
LA_E_9420195_phone.wav,spoof,1.0,spoof,Telephone + G.711 A-law
LA_E_9445132_phone.wav,bonafide,0.99858725,spoof,Telephone + G.711 A-law
LA_E_9453739_phone.wav,spoof,1.0,spoof,Telephone + G.711 A-law
LA_E_9457688_phone.wav,bonafide,0.9989765,spoof,Telephone + G.711 A-law
LA_E_9465102_phone.wav,spoof,1.0,spoof,Telephone + G.711 A-law
LA_E_9475703_phone.wav,spoof,1.0,spoof,Telephone + G.711 A-law
LA_E_9498982_phone.wav,spoof,0.9995965,spoof,Telephone + G.711 A-law
LA_E_9502086_phone.wav,bonafide,0.9999988,spoof,Telephone + G.711 A-law
LA_E_9516972_phone.wav,spoof,1.0,spoof,Telephone + G.711 A-law
LA_E_9529847_phone.wav,spoof,1.0,spoof,Telephone + G.711 A-law
LA_E_9546124_phone.wav,bonafide,0.99981153,spoof,Telephone + G.711 A-law
LA_E_9547142_phone.wav,spoof,1.0,spoof,Telephone + G.711 A-law
LA_E_9551279_phone.wav,spoof,1.0,spoof,Telephone + G.711 A-law
LA_E_9568757_phone.wav,spoof,1.0,spoof,Telephone + G.711 A-law
LA_E_9576410_phone.wav,bonafide,0.00997339,bonafide,Telephone + G.711 A-law
LA_E_9594436_phone.wav,bonafide,0.9999972,spoof,Telephone + G.711 A-law
LA_E_9606810_phone.wav,bonafide,1.0,spoof,Telephone + G.711 A-law
LA_E_9611163_phone.wav,bonafide,1.0,spoof,Telephone + G.711 A-law
LA_E_9615935_phone.wav,bonafide,0.9999991,spoof,Telephone + G.711 A-law
LA_E_9628842_phone.wav,bonafide,0.9994616,spoof,Telephone + G.711 A-law
LA_E_9648847_phone.wav,spoof,1.0,spoof,Telephone + G.711 A-law
LA_E_9669594_phone.wav,bonafide,0.9757007,spoof,Telephone + G.711 A-law
LA_E_9670886_phone.wav,spoof,1.0,spoof,Telephone + G.711 A-law
LA_E_9671924_phone.wav,spoof,1.0,spoof,Telephone + G.711 A-law
LA_E_9696236_phone.wav,bonafide,0.99835235,spoof,Telephone + G.711 A-law
LA_E_9697917_phone.wav,bonafide,0.99999964,spoof,Telephone + G.711 A-law
LA_E_9702272_phone.wav,spoof,1.0,spoof,Telephone + G.711 A-law
LA_E_9703799_phone.wav,spoof,1.0,spoof,Telephone + G.711 A-law
LA_E_9716628_phone.wav,spoof,0.99999994,spoof,Telephone + G.711 A-law
LA_E_9719105_phone.wav,spoof,1.0,spoof,Telephone + G.711 A-law
LA_E_9746649_phone.wav,spoof,0.9999997,spoof,Telephone + G.711 A-law
LA_E_9751703_phone.wav,bonafide,1.0,spoof,Telephone + G.711 A-law
LA_E_9769304_phone.wav,bonafide,0.99999833,spoof,Telephone + G.711 A-law
LA_E_9779446_phone.wav,bonafide,0.9999844,spoof,Telephone + G.711 A-law
LA_E_9789812_phone.wav,spoof,1.0,spoof,Telephone + G.711 A-law
LA_E_9791921_phone.wav,spoof,1.0,spoof,Telephone + G.711 A-law
LA_E_9820229_phone.wav,bonafide,0.9824925,spoof,Telephone + G.711 A-law
LA_E_9823009_phone.wav,bonafide,0.9982103,spoof,Telephone + G.711 A-law
LA_E_9827732_phone.wav,spoof,1.0,spoof,Telephone + G.711 A-law
LA_E_9830351_phone.wav,bonafide,1.0,spoof,Telephone + G.711 A-law
LA_E_9830974_phone.wav,spoof,1.0,spoof,Telephone + G.711 A-law
LA_E_9839751_phone.wav,bonafide,0.5947973,spoof,Telephone + G.711 A-law
LA_E_9859405_phone.wav,bonafide,0.9999638,spoof,Telephone + G.711 A-law
LA_E_9859985_phone.wav,bonafide,0.98860747,spoof,Telephone + G.711 A-law
LA_E_9868028_phone.wav,bonafide,0.9999175,spoof,Telephone + G.711 A-law
LA_E_9873134_phone.wav,bonafide,0.25038022,bonafide,Telephone + G.711 A-law
LA_E_9877947_phone.wav,spoof,1.0,spoof,Telephone + G.711 A-law
LA_E_9879743_phone.wav,bonafide,0.9986883,spoof,Telephone + G.711 A-law
LA_E_9881948_phone.wav,spoof,0.99999654,spoof,Telephone + G.711 A-law
LA_E_9883796_phone.wav,spoof,1.0,spoof,Telephone + G.711 A-law
LA_E_9916120_phone.wav,bonafide,0.99993974,spoof,Telephone + G.711 A-law
LA_E_9918800_phone.wav,bonafide,0.99998534,spoof,Telephone + G.711 A-law
LA_E_9947395_phone.wav,bonafide,0.058925286,bonafide,Telephone + G.711 A-law
LA_E_9954560_phone.wav,bonafide,0.999949,spoof,Telephone + G.711 A-law
LA_E_9954768_phone.wav,bonafide,0.93465936,spoof,Telephone + G.711 A-law
LA_E_9958197_phone.wav,bonafide,0.9999502,spoof,Telephone + G.711 A-law
LA_E_9978822_phone.wav,spoof,1.0,spoof,Telephone + G.711 A-law
LA_E_9988839_phone.wav,spoof,1.0,spoof,Telephone + G.711 A-law
LA_E_9993329_phone.wav,bonafide,0.99494064,spoof,Telephone + G.711 A-law
LA_E_9995360_phone.wav,bonafide,1.0,spoof,Telephone + G.711 A-law
