call_id,file,label,window_sec,start_sec,end_sec,sample_rate_original,source_dataset
lot11_en_fraud_1040,lot11_en_fraud_1040.wav,spoof,1.0,0.0,1.0,48000,VISHGUARD
lot11_en_fraud_1040,lot11_en_fraud_1040.wav,spoof,1.0,0.5,1.5,48000,VISHGUARD
lot11_en_fraud_1040,lot11_en_fraud_1040.wav,spoof,1.0,1.0,2.0,48000,VISHGUARD
lot11_en_fraud_1040,lot11_en_fraud_1040.wav,spoof,1.0,1.5,2.5,48000,VISHGUARD
lot11_en_fraud_1040,lot11_en_fraud_1040.wav,spoof,1.0,2.0,3.0,48000,VISHGUARD
lot11_en_fraud_1040,lot11_en_fraud_1040.wav,spoof,1.0,2.5,3.5,48000,VISHGUARD
lot11_en_fraud_1040,lot11_en_fraud_1040.wav,spoof,1.0,3.0,4.0,48000,VISHGUARD
lot11_en_fraud_1040,lot11_en_fraud_1040.wav,spoof,1.0,3.5,4.5,48000,VISHGUARD
lot11_en_fraud_1040,lot11_en_fraud_1040.wav,spoof,1.0,4.0,5.0,48000,VISHGUARD
lot11_en_fraud_1040,lot11_en_fraud_1040.wav,spoof,1.0,4.5,5.5,48000,VISHGUARD
lot11_en_fraud_1040,lot11_en_fraud_1040.wav,spoof,1.0,5.0,6.0,48000,VISHGUARD
lot11_en_fraud_1040,lot11_en_fraud_1040.wav,spoof,1.0,5.5,6.5,48000,VISHGUARD
lot11_en_fraud_1040,lot11_en_fraud_1040.wav,spoof,1.0,6.0,7.0,48000,VISHGUARD
lot11_en_fraud_1040,lot11_en_fraud_1040.wav,spoof,1.0,6.5,7.5,48000,VISHGUARD
lot11_en_fraud_1040,lot11_en_fraud_1040.wav,spoof,1.0,7.0,8.0,48000,VISHGUARD
lot11_en_fraud_1040,lot11_en_fraud_1040.wav,spoof,1.0,7.5,8.5,48000,VISHGUARD
lot11_en_fraud_1040,lot11_en_fraud_1040.wav,spoof,1.0,8.0,9.0,48000,VISHGUARD
lot11_en_fraud_1040,lot11_en_fraud_1040.wav,spoof,1.0,8.5,9.5,48000,VISHGUARD
lot11_en_fraud_1040,lot11_en_fraud_1040.wav,spoof,1.0,9.0,10.0,48000,VISHGUARD
lot11_en_fraud_1040,lot11_en_fraud_1040.wav,spoof,1.0,9.5,10.5,48000,VISHGUARD
lot11_en_fraud_1040,lot11_en_fraud_1040.wav,spoof,1.0,10.0,11.0,48000,VISHGUARD
lot11_en_fraud_1040,lot11_en_fraud_1040.wav,spoof,1.0,10.5,11.5,48000,VISHGUARD
lot11_en_fraud_1040,lot11_en_fraud_1040.wav,spoof,1.0,11.0,12.0,48000,VISHGUARD
lot11_en_fraud_1040,lot11_en_fraud_1040.wav,spoof,1.0,11.5,12.5,48000,VISHGUARD
lot11_en_fraud_1040,lot11_en_fraud_1040.wav,spoof,1.0,12.0,13.0,48000,VISHGUARD
lot11_en_fraud_1040,lot11_en_fraud_1040.wav,spoof,1.0,12.5,13.5,48000,VISHGUARD
lot11_en_fraud_1040,lot11_en_fraud_1040.wav,spoof,1.0,13.0,14.0,48000,VISHGUARD
lot11_en_fraud_1040,lot11_en_fraud_1040.wav,spoof,1.0,13.5,14.5,48000,VISHGUARD
lot11_en_fraud_1040,lot11_en_fraud_1040.wav,spoof,1.0,14.0,15.0,48000,VISHGUARD
lot11_en_fraud_1040,lot11_en_fraud_1040.wav,spoof,1.0,14.5,15.5,48000,VISHGUARD
lot11_en_fraud_1040,lot11_en_fraud_1040.wav,spoof,1.0,15.0,16.0,48000,VISHGUARD
lot11_en_fraud_1040,lot11_en_fraud_1040.wav,spoof,1.0,15.5,16.5,48000,VISHGUARD
lot11_en_fraud_1040,lot11_en_fraud_1040.wav,spoof,1.0,16.0,17.0,48000,VISHGUARD
lot11_en_fraud_1040,lot11_en_fraud_1040.wav,spoof,1.0,16.5,17.5,48000,VISHGUARD
lot11_en_fraud_1040,lot11_en_fraud_1040.wav,spoof,1.0,17.0,18.0,48000,VISHGUARD
lot11_en_fraud_1040,lot11_en_fraud_1040.wav,spoof,1.0,17.5,18.5,48000,VISHGUARD
lot11_en_fraud_1040,lot11_en_fraud_1040.wav,spoof,1.0,18.0,19.0,48000,VISHGUARD
lot11_en_fraud_1040,lot11_en_fraud_1040.wav,spoof,1.0,18.5,19.5,48000,VISHGUARD
lot11_en_fraud_1040,lot11_en_fraud_1040.wav,spoof,1.0,19.0,20.0,48000,VISHGUARD
lot11_en_fraud_1040,lot11_en_fraud_1040.wav,spoof,1.0,19.5,20.5,48000,VISHGUARD
lot11_en_fraud_1040,lot11_en_fraud_1040.wav,spoof,1.0,20.0,21.0,48000,VISHGUARD
lot11_en_fraud_1040,lot11_en_fraud_1040.wav,spoof,1.0,20.5,21.5,48000,VISHGUARD
lot11_en_fraud_1040,lot11_en_fraud_1040.wav,spoof,1.0,21.0,22.0,48000,VISHGUARD
lot11_en_fraud_1040,lot11_en_fraud_1040.wav,spoof,1.0,21.5,22.5,48000,VISHGUARD
lot11_en_fraud_1040,lot11_en_fraud_1040.wav,spoof,1.0,22.0,23.0,48000,VISHGUARD
lot11_en_fraud_1040,lot11_en_fraud_1040.wav,spoof,1.0,22.5,23.5,48000,VISHGUARD
lot11_en_fraud_1040,lot11_en_fraud_1040.wav,spoof,1.0,23.0,24.0,48000,VISHGUARD
lot11_en_fraud_1040,lot11_en_fraud_1040.wav,spoof,1.0,23.5,24.5,48000,VISHGUARD
lot11_en_fraud_1040,lot11_en_fraud_1040.wav,spoof,1.0,24.0,25.0,48000,VISHGUARD
lot11_en_fraud_1040,lot11_en_fraud_1040.wav,spoof,1.0,24.5,25.5,48000,VISHGUARD
lot11_en_fraud_1040,lot11_en_fraud_1040.wav,spoof,1.0,25.0,26.0,48000,VISHGUARD
lot11_en_fraud_1040,lot11_en_fraud_1040.wav,spoof,1.0,25.5,26.5,48000,VISHGUARD
lot12_en_fraud_1108,lot12_en_fraud_1108.wav,spoof,1.0,0.0,1.0,24000,VISHGUARD
lot12_en_fraud_1108,lot12_en_fraud_1108.wav,spoof,1.0,0.5,1.5,24000,VISHGUARD
lot12_en_fraud_1108,lot12_en_fraud_1108.wav,spoof,1.0,1.0,2.0,24000,VISHGUARD
lot12_en_fraud_1108,lot12_en_fraud_1108.wav,spoof,1.0,1.5,2.5,24000,VISHGUARD
lot12_en_fraud_1108,lot12_en_fraud_1108.wav,spoof,1.0,2.0,3.0,24000,VISHGUARD
lot12_en_fraud_1108,lot12_en_fraud_1108.wav,spoof,1.0,2.5,3.5,24000,VISHGUARD
lot12_en_fraud_1108,lot12_en_fraud_1108.wav,spoof,1.0,3.0,4.0,24000,VISHGUARD
lot12_en_fraud_1108,lot12_en_fraud_1108.wav,spoof,1.0,3.5,4.5,24000,VISHGUARD
lot12_en_fraud_1108,lot12_en_fraud_1108.wav,spoof,1.0,4.0,5.0,24000,VISHGUARD
lot12_en_fraud_1108,lot12_en_fraud_1108.wav,spoof,1.0,4.5,5.5,24000,VISHGUARD
lot12_en_fraud_1108,lot12_en_fraud_1108.wav,spoof,1.0,5.0,6.0,24000,VISHGUARD
lot12_en_fraud_1108,lot12_en_fraud_1108.wav,spoof,1.0,5.5,6.5,24000,VISHGUARD
lot12_en_fraud_1108,lot12_en_fraud_1108.wav,spoof,1.0,6.0,7.0,24000,VISHGUARD
lot12_en_fraud_1108,lot12_en_fraud_1108.wav,spoof,1.0,6.5,7.5,24000,VISHGUARD
lot12_en_fraud_1108,lot12_en_fraud_1108.wav,spoof,1.0,7.0,8.0,24000,VISHGUARD
lot12_en_fraud_1108,lot12_en_fraud_1108.wav,spoof,1.0,7.5,8.5,24000,VISHGUARD
lot12_en_fraud_1108,lot12_en_fraud_1108.wav,spoof,1.0,8.0,9.0,24000,VISHGUARD
lot12_en_fraud_1108,lot12_en_fraud_1108.wav,spoof,1.0,8.5,9.5,24000,VISHGUARD
lot12_en_fraud_1108,lot12_en_fraud_1108.wav,spoof,1.0,9.0,10.0,24000,VISHGUARD
lot12_en_fraud_1108,lot12_en_fraud_1108.wav,spoof,1.0,9.5,10.5,24000,VISHGUARD
lot12_en_fraud_1108,lot12_en_fraud_1108.wav,spoof,1.0,10.0,11.0,24000,VISHGUARD
lot12_en_fraud_1108,lot12_en_fraud_1108.wav,spoof,1.0,10.5,11.5,24000,VISHGUARD
lot12_en_fraud_1108,lot12_en_fraud_1108.wav,spoof,1.0,11.0,12.0,24000,VISHGUARD
lot12_en_fraud_1108,lot12_en_fraud_1108.wav,spoof,1.0,11.5,12.5,24000,VISHGUARD
lot12_en_fraud_1108,lot12_en_fraud_1108.wav,spoof,1.0,12.0,13.0,24000,VISHGUARD
lot12_en_fraud_1108,lot12_en_fraud_1108.wav,spoof,1.0,12.5,13.5,24000,VISHGUARD
lot12_en_fraud_1108,lot12_en_fraud_1108.wav,spoof,1.0,13.0,14.0,24000,VISHGUARD
lot12_en_fraud_1108,lot12_en_fraud_1108.wav,spoof,1.0,13.5,14.5,24000,VISHGUARD
lot12_en_fraud_1108,lot12_en_fraud_1108.wav,spoof,1.0,14.0,15.0,24000,VISHGUARD
lot12_en_fraud_1108,lot12_en_fraud_1108.wav,spoof,1.0,14.5,15.5,24000,VISHGUARD
lot12_en_fraud_1108,lot12_en_fraud_1108.wav,spoof,1.0,15.0,16.0,24000,VISHGUARD
lot12_en_fraud_1108,lot12_en_fraud_1108.wav,spoof,1.0,15.5,16.5,24000,VISHGUARD
lot12_en_fraud_1108,lot12_en_fraud_1108.wav,spoof,1.0,16.0,17.0,24000,VISHGUARD
lot12_en_fraud_1108,lot12_en_fraud_1108.wav,spoof,1.0,16.5,17.5,24000,VISHGUARD
lot12_en_fraud_1108,lot12_en_fraud_1108.wav,spoof,1.0,17.0,18.0,24000,VISHGUARD
lot12_en_fraud_1108,lot12_en_fraud_1108.wav,spoof,1.0,17.5,18.5,24000,VISHGUARD
lot12_en_fraud_1108,lot12_en_fraud_1108.wav,spoof,1.0,18.0,19.0,24000,VISHGUARD
lot12_en_fraud_1108,lot12_en_fraud_1108.wav,spoof,1.0,18.5,19.5,24000,VISHGUARD
lot12_en_fraud_1108,lot12_en_fraud_1108.wav,spoof,1.0,19.0,20.0,24000,VISHGUARD
lot12_en_fraud_1108,lot12_en_fraud_1108.wav,spoof,1.0,19.5,20.5,24000,VISHGUARD
lot12_en_fraud_1108,lot12_en_fraud_1108.wav,spoof,1.0,20.0,21.0,24000,VISHGUARD
lot12_en_fraud_1108,lot12_en_fraud_1108.wav,spoof,1.0,20.5,21.5,24000,VISHGUARD
lot12_en_fraud_1108,lot12_en_fraud_1108.wav,spoof,1.0,21.0,22.0,24000,VISHGUARD
lot12_en_fraud_1108,lot12_en_fraud_1108.wav,spoof,1.0,21.5,22.5,24000,VISHGUARD
lot12_en_fraud_1108,lot12_en_fraud_1108.wav,spoof,1.0,22.0,23.0,24000,VISHGUARD
lot12_en_fraud_1108,lot12_en_fraud_1108.wav,spoof,1.0,22.5,23.5,24000,VISHGUARD
lot12_en_fraud_1108,lot12_en_fraud_1108.wav,spoof,1.0,23.0,24.0,24000,VISHGUARD
lot12_en_fraud_1108,lot12_en_fraud_1108.wav,spoof,1.0,23.5,24.5,24000,VISHGUARD
lot12_en_fraud_1108,lot12_en_fraud_1108.wav,spoof,1.0,24.0,25.0,24000,VISHGUARD
lot12_en_fraud_1108,lot12_en_fraud_1108.wav,spoof,1.0,24.5,25.5,24000,VISHGUARD
lot12_en_fraud_1108,lot12_en_fraud_1108.wav,spoof,1.0,25.0,26.0,24000,VISHGUARD
lot12_en_fraud_1108,lot12_en_fraud_1108.wav,spoof,1.0,25.5,26.5,24000,VISHGUARD
lot12_en_fraud_1108,lot12_en_fraud_1108.wav,spoof,1.0,26.0,27.0,24000,VISHGUARD
lot12_en_fraud_1108,lot12_en_fraud_1108.wav,spoof,1.0,26.5,27.5,24000,VISHGUARD
lot12_en_fraud_1108,lot12_en_fraud_1108.wav,spoof,1.0,27.0,28.0,24000,VISHGUARD
lot12_en_fraud_1108,lot12_en_fraud_1108.wav,spoof,1.0,27.5,28.5,24000,VISHGUARD
lot12_en_fraud_1159,lot12_en_fraud_1159.wav,spoof,1.0,0.0,1.0,24000,VISHGUARD
lot12_en_fraud_1159,lot12_en_fraud_1159.wav,spoof,1.0,0.5,1.5,24000,VISHGUARD
lot12_en_fraud_1159,lot12_en_fraud_1159.wav,spoof,1.0,1.0,2.0,24000,VISHGUARD
lot12_en_fraud_1159,lot12_en_fraud_1159.wav,spoof,1.0,1.5,2.5,24000,VISHGUARD
lot12_en_fraud_1159,lot12_en_fraud_1159.wav,spoof,1.0,2.0,3.0,24000,VISHGUARD
lot12_en_fraud_1159,lot12_en_fraud_1159.wav,spoof,1.0,2.5,3.5,24000,VISHGUARD
lot12_en_fraud_1159,lot12_en_fraud_1159.wav,spoof,1.0,3.0,4.0,24000,VISHGUARD
lot12_en_fraud_1159,lot12_en_fraud_1159.wav,spoof,1.0,3.5,4.5,24000,VISHGUARD
lot12_en_fraud_1159,lot12_en_fraud_1159.wav,spoof,1.0,4.0,5.0,24000,VISHGUARD
lot12_en_fraud_1159,lot12_en_fraud_1159.wav,spoof,1.0,4.5,5.5,24000,VISHGUARD
lot12_en_fraud_1159,lot12_en_fraud_1159.wav,spoof,1.0,5.0,6.0,24000,VISHGUARD
lot12_en_fraud_1159,lot12_en_fraud_1159.wav,spoof,1.0,5.5,6.5,24000,VISHGUARD
lot12_en_fraud_1159,lot12_en_fraud_1159.wav,spoof,1.0,6.0,7.0,24000,VISHGUARD
lot12_en_fraud_1159,lot12_en_fraud_1159.wav,spoof,1.0,6.5,7.5,24000,VISHGUARD
lot12_en_fraud_1159,lot12_en_fraud_1159.wav,spoof,1.0,7.0,8.0,24000,VISHGUARD
lot12_en_fraud_1159,lot12_en_fraud_1159.wav,spoof,1.0,7.5,8.5,24000,VISHGUARD
lot12_en_fraud_1159,lot12_en_fraud_1159.wav,spoof,1.0,8.0,9.0,24000,VISHGUARD
lot12_en_fraud_1159,lot12_en_fraud_1159.wav,spoof,1.0,8.5,9.5,24000,VISHGUARD
lot12_en_fraud_1159,lot12_en_fraud_1159.wav,spoof,1.0,9.0,10.0,24000,VISHGUARD
lot12_en_fraud_1159,lot12_en_fraud_1159.wav,spoof,1.0,9.5,10.5,24000,VISHGUARD
lot12_en_fraud_1159,lot12_en_fraud_1159.wav,spoof,1.0,10.0,11.0,24000,VISHGUARD
lot12_en_fraud_1159,lot12_en_fraud_1159.wav,spoof,1.0,10.5,11.5,24000,VISHGUARD
lot12_en_fraud_1159,lot12_en_fraud_1159.wav,spoof,1.0,11.0,12.0,24000,VISHGUARD
lot12_en_fraud_1159,lot12_en_fraud_1159.wav,spoof,1.0,11.5,12.5,24000,VISHGUARD
lot12_en_fraud_1159,lot12_en_fraud_1159.wav,spoof,1.0,12.0,13.0,24000,VISHGUARD
lot12_en_fraud_1159,lot12_en_fraud_1159.wav,spoof,1.0,12.5,13.5,24000,VISHGUARD
lot12_en_fraud_1159,lot12_en_fraud_1159.wav,spoof,1.0,13.0,14.0,24000,VISHGUARD
lot12_en_fraud_1159,lot12_en_fraud_1159.wav,spoof,1.0,13.5,14.5,24000,VISHGUARD
lot12_en_fraud_1159,lot12_en_fraud_1159.wav,spoof,1.0,14.0,15.0,24000,VISHGUARD
lot12_en_fraud_1159,lot12_en_fraud_1159.wav,spoof,1.0,14.5,15.5,24000,VISHGUARD
lot12_en_fraud_1159,lot12_en_fraud_1159.wav,spoof,1.0,15.0,16.0,24000,VISHGUARD
lot12_en_fraud_1159,lot12_en_fraud_1159.wav,spoof,1.0,15.5,16.5,24000,VISHGUARD
lot12_en_fraud_1159,lot12_en_fraud_1159.wav,spoof,1.0,16.0,17.0,24000,VISHGUARD
lot12_en_fraud_1159,lot12_en_fraud_1159.wav,spoof,1.0,16.5,17.5,24000,VISHGUARD
lot12_en_fraud_1159,lot12_en_fraud_1159.wav,spoof,1.0,17.0,18.0,24000,VISHGUARD
lot12_en_fraud_1159,lot12_en_fraud_1159.wav,spoof,1.0,17.5,18.5,24000,VISHGUARD
lot12_en_fraud_1159,lot12_en_fraud_1159.wav,spoof,1.0,18.0,19.0,24000,VISHGUARD
lot12_en_fraud_1159,lot12_en_fraud_1159.wav,spoof,1.0,18.5,19.5,24000,VISHGUARD
lot12_en_fraud_1159,lot12_en_fraud_1159.wav,spoof,1.0,19.0,20.0,24000,VISHGUARD
lot12_en_fraud_1159,lot12_en_fraud_1159.wav,spoof,1.0,19.5,20.5,24000,VISHGUARD
lot12_en_fraud_1159,lot12_en_fraud_1159.wav,spoof,1.0,20.0,21.0,24000,VISHGUARD
lot12_en_fraud_1159,lot12_en_fraud_1159.wav,spoof,1.0,20.5,21.5,24000,VISHGUARD
lot12_en_fraud_1159,lot12_en_fraud_1159.wav,spoof,1.0,21.0,22.0,24000,VISHGUARD
lot12_en_fraud_1159,lot12_en_fraud_1159.wav,spoof,1.0,21.5,22.5,24000,VISHGUARD
lot12_en_fraud_1159,lot12_en_fraud_1159.wav,spoof,1.0,22.0,23.0,24000,VISHGUARD
lot12_en_fraud_1159,lot12_en_fraud_1159.wav,spoof,1.0,22.5,23.5,24000,VISHGUARD
lot12_en_fraud_1159,lot12_en_fraud_1159.wav,spoof,1.0,23.0,24.0,24000,VISHGUARD
lot12_en_fraud_1159,lot12_en_fraud_1159.wav,spoof,1.0,23.5,24.5,24000,VISHGUARD
lot12_en_fraud_1159,lot12_en_fraud_1159.wav,spoof,1.0,24.0,25.0,24000,VISHGUARD
lot12_en_fraud_1159,lot12_en_fraud_1159.wav,spoof,1.0,24.5,25.5,24000,VISHGUARD
lot12_en_fraud_1159,lot12_en_fraud_1159.wav,spoof,1.0,25.0,26.0,24000,VISHGUARD
lot13_en_fraud_1208,lot13_en_fraud_1208.wav,spoof,1.0,0.0,1.0,48000,VISHGUARD
lot13_en_fraud_1208,lot13_en_fraud_1208.wav,spoof,1.0,0.5,1.5,48000,VISHGUARD
lot13_en_fraud_1208,lot13_en_fraud_1208.wav,spoof,1.0,1.0,2.0,48000,VISHGUARD
lot13_en_fraud_1208,lot13_en_fraud_1208.wav,spoof,1.0,1.5,2.5,48000,VISHGUARD
lot13_en_fraud_1208,lot13_en_fraud_1208.wav,spoof,1.0,2.0,3.0,48000,VISHGUARD
lot13_en_fraud_1208,lot13_en_fraud_1208.wav,spoof,1.0,2.5,3.5,48000,VISHGUARD
lot13_en_fraud_1208,lot13_en_fraud_1208.wav,spoof,1.0,3.0,4.0,48000,VISHGUARD
lot13_en_fraud_1208,lot13_en_fraud_1208.wav,spoof,1.0,3.5,4.5,48000,VISHGUARD
lot13_en_fraud_1208,lot13_en_fraud_1208.wav,spoof,1.0,4.0,5.0,48000,VISHGUARD
lot13_en_fraud_1208,lot13_en_fraud_1208.wav,spoof,1.0,4.5,5.5,48000,VISHGUARD
lot13_en_fraud_1208,lot13_en_fraud_1208.wav,spoof,1.0,5.0,6.0,48000,VISHGUARD
lot13_en_fraud_1208,lot13_en_fraud_1208.wav,spoof,1.0,5.5,6.5,48000,VISHGUARD
lot13_en_fraud_1208,lot13_en_fraud_1208.wav,spoof,1.0,6.0,7.0,48000,VISHGUARD
lot13_en_fraud_1208,lot13_en_fraud_1208.wav,spoof,1.0,6.5,7.5,48000,VISHGUARD
lot13_en_fraud_1208,lot13_en_fraud_1208.wav,spoof,1.0,7.0,8.0,48000,VISHGUARD
lot13_en_fraud_1208,lot13_en_fraud_1208.wav,spoof,1.0,7.5,8.5,48000,VISHGUARD
lot13_en_fraud_1208,lot13_en_fraud_1208.wav,spoof,1.0,8.0,9.0,48000,VISHGUARD
lot13_en_fraud_1208,lot13_en_fraud_1208.wav,spoof,1.0,8.5,9.5,48000,VISHGUARD
lot13_en_fraud_1208,lot13_en_fraud_1208.wav,spoof,1.0,9.0,10.0,48000,VISHGUARD
lot13_en_fraud_1208,lot13_en_fraud_1208.wav,spoof,1.0,9.5,10.5,48000,VISHGUARD
lot13_en_fraud_1208,lot13_en_fraud_1208.wav,spoof,1.0,10.0,11.0,48000,VISHGUARD
lot13_en_fraud_1208,lot13_en_fraud_1208.wav,spoof,1.0,10.5,11.5,48000,VISHGUARD
lot13_en_fraud_1208,lot13_en_fraud_1208.wav,spoof,1.0,11.0,12.0,48000,VISHGUARD
lot13_en_fraud_1208,lot13_en_fraud_1208.wav,spoof,1.0,11.5,12.5,48000,VISHGUARD
lot13_en_fraud_1208,lot13_en_fraud_1208.wav,spoof,1.0,12.0,13.0,48000,VISHGUARD
lot13_en_fraud_1208,lot13_en_fraud_1208.wav,spoof,1.0,12.5,13.5,48000,VISHGUARD
lot13_en_fraud_1208,lot13_en_fraud_1208.wav,spoof,1.0,13.0,14.0,48000,VISHGUARD
lot13_en_fraud_1208,lot13_en_fraud_1208.wav,spoof,1.0,13.5,14.5,48000,VISHGUARD
lot13_en_fraud_1208,lot13_en_fraud_1208.wav,spoof,1.0,14.0,15.0,48000,VISHGUARD
lot13_en_fraud_1208,lot13_en_fraud_1208.wav,spoof,1.0,14.5,15.5,48000,VISHGUARD
lot13_en_fraud_1208,lot13_en_fraud_1208.wav,spoof,1.0,15.0,16.0,48000,VISHGUARD
lot13_en_fraud_1208,lot13_en_fraud_1208.wav,spoof,1.0,15.5,16.5,48000,VISHGUARD
lot13_en_fraud_1208,lot13_en_fraud_1208.wav,spoof,1.0,16.0,17.0,48000,VISHGUARD
lot13_en_fraud_1208,lot13_en_fraud_1208.wav,spoof,1.0,16.5,17.5,48000,VISHGUARD
lot13_en_fraud_1208,lot13_en_fraud_1208.wav,spoof,1.0,17.0,18.0,48000,VISHGUARD
lot13_en_fraud_1208,lot13_en_fraud_1208.wav,spoof,1.0,17.5,18.5,48000,VISHGUARD
lot13_en_fraud_1208,lot13_en_fraud_1208.wav,spoof,1.0,18.0,19.0,48000,VISHGUARD
lot13_en_fraud_1208,lot13_en_fraud_1208.wav,spoof,1.0,18.5,19.5,48000,VISHGUARD
lot13_en_fraud_1208,lot13_en_fraud_1208.wav,spoof,1.0,19.0,20.0,48000,VISHGUARD
lot13_en_fraud_1208,lot13_en_fraud_1208.wav,spoof,1.0,19.5,20.5,48000,VISHGUARD
lot13_en_fraud_1208,lot13_en_fraud_1208.wav,spoof,1.0,20.0,21.0,48000,VISHGUARD
lot13_en_fraud_1208,lot13_en_fraud_1208.wav,spoof,1.0,20.5,21.5,48000,VISHGUARD
lot13_en_fraud_1208,lot13_en_fraud_1208.wav,spoof,1.0,21.0,22.0,48000,VISHGUARD
lot13_en_fraud_1208,lot13_en_fraud_1208.wav,spoof,1.0,21.5,22.5,48000,VISHGUARD
lot13_en_fraud_1208,lot13_en_fraud_1208.wav,spoof,1.0,22.0,23.0,48000,VISHGUARD
lot13_en_fraud_1208,lot13_en_fraud_1208.wav,spoof,1.0,22.5,23.5,48000,VISHGUARD
lot13_en_fraud_1208,lot13_en_fraud_1208.wav,spoof,1.0,23.0,24.0,48000,VISHGUARD
lot13_en_fraud_1208,lot13_en_fraud_1208.wav,spoof,1.0,23.5,24.5,48000,VISHGUARD
lot13_en_fraud_1208,lot13_en_fraud_1208.wav,spoof,1.0,24.0,25.0,48000,VISHGUARD
lot13_en_fraud_1208,lot13_en_fraud_1208.wav,spoof,1.0,24.5,25.5,48000,VISHGUARD
lot13_en_fraud_1208,lot13_en_fraud_1208.wav,spoof,1.0,25.0,26.0,48000,VISHGUARD
lot13_en_fraud_1208,lot13_en_fraud_1208.wav,spoof,1.0,25.5,26.5,48000,VISHGUARD
lot13_en_fraud_1208,lot13_en_fraud_1208.wav,spoof,1.0,26.0,27.0,48000,VISHGUARD
lot14_en_fraud_1308,lot14_en_fraud_1308.wav,spoof,1.0,0.0,1.0,44100,VISHGUARD
lot14_en_fraud_1308,lot14_en_fraud_1308.wav,spoof,1.0,0.5,1.5,44100,VISHGUARD
lot14_en_fraud_1308,lot14_en_fraud_1308.wav,spoof,1.0,1.0,2.0,44100,VISHGUARD
lot14_en_fraud_1308,lot14_en_fraud_1308.wav,spoof,1.0,1.5,2.5,44100,VISHGUARD
lot14_en_fraud_1308,lot14_en_fraud_1308.wav,spoof,1.0,2.0,3.0,44100,VISHGUARD
lot14_en_fraud_1308,lot14_en_fraud_1308.wav,spoof,1.0,2.5,3.5,44100,VISHGUARD
lot14_en_fraud_1308,lot14_en_fraud_1308.wav,spoof,1.0,3.0,4.0,44100,VISHGUARD
lot14_en_fraud_1308,lot14_en_fraud_1308.wav,spoof,1.0,3.5,4.5,44100,VISHGUARD
lot14_en_fraud_1308,lot14_en_fraud_1308.wav,spoof,1.0,4.0,5.0,44100,VISHGUARD
lot14_en_fraud_1308,lot14_en_fraud_1308.wav,spoof,1.0,4.5,5.5,44100,VISHGUARD
lot14_en_fraud_1308,lot14_en_fraud_1308.wav,spoof,1.0,5.0,6.0,44100,VISHGUARD
lot14_en_fraud_1308,lot14_en_fraud_1308.wav,spoof,1.0,5.5,6.5,44100,VISHGUARD
lot14_en_fraud_1308,lot14_en_fraud_1308.wav,spoof,1.0,6.0,7.0,44100,VISHGUARD
lot14_en_fraud_1308,lot14_en_fraud_1308.wav,spoof,1.0,6.5,7.5,44100,VISHGUARD
lot14_en_fraud_1308,lot14_en_fraud_1308.wav,spoof,1.0,7.0,8.0,44100,VISHGUARD
lot14_en_fraud_1308,lot14_en_fraud_1308.wav,spoof,1.0,7.5,8.5,44100,VISHGUARD
lot14_en_fraud_1308,lot14_en_fraud_1308.wav,spoof,1.0,8.0,9.0,44100,VISHGUARD
lot14_en_fraud_1308,lot14_en_fraud_1308.wav,spoof,1.0,8.5,9.5,44100,VISHGUARD
lot14_en_fraud_1308,lot14_en_fraud_1308.wav,spoof,1.0,9.0,10.0,44100,VISHGUARD
lot14_en_fraud_1308,lot14_en_fraud_1308.wav,spoof,1.0,9.5,10.5,44100,VISHGUARD
lot14_en_fraud_1308,lot14_en_fraud_1308.wav,spoof,1.0,10.0,11.0,44100,VISHGUARD
lot14_en_fraud_1308,lot14_en_fraud_1308.wav,spoof,1.0,10.5,11.5,44100,VISHGUARD
lot14_en_fraud_1308,lot14_en_fraud_1308.wav,spoof,1.0,11.0,12.0,44100,VISHGUARD
lot14_en_fraud_1308,lot14_en_fraud_1308.wav,spoof,1.0,11.5,12.5,44100,VISHGUARD
lot14_en_fraud_1308,lot14_en_fraud_1308.wav,spoof,1.0,12.0,13.0,44100,VISHGUARD
lot14_en_fraud_1308,lot14_en_fraud_1308.wav,spoof,1.0,12.5,13.5,44100,VISHGUARD
lot14_en_fraud_1308,lot14_en_fraud_1308.wav,spoof,1.0,13.0,14.0,44100,VISHGUARD
lot14_en_fraud_1308,lot14_en_fraud_1308.wav,spoof,1.0,13.5,14.5,44100,VISHGUARD
lot14_en_fraud_1308,lot14_en_fraud_1308.wav,spoof,1.0,14.0,15.0,44100,VISHGUARD
lot14_en_fraud_1308,lot14_en_fraud_1308.wav,spoof,1.0,14.5,15.5,44100,VISHGUARD
lot14_en_fraud_1308,lot14_en_fraud_1308.wav,spoof,1.0,15.0,16.0,44100,VISHGUARD
lot14_en_fraud_1308,lot14_en_fraud_1308.wav,spoof,1.0,15.5,16.5,44100,VISHGUARD
lot14_en_fraud_1308,lot14_en_fraud_1308.wav,spoof,1.0,16.0,17.0,44100,VISHGUARD
lot14_en_fraud_1308,lot14_en_fraud_1308.wav,spoof,1.0,16.5,17.5,44100,VISHGUARD
lot14_en_fraud_1308,lot14_en_fraud_1308.wav,spoof,1.0,17.0,18.0,44100,VISHGUARD
lot14_en_fraud_1308,lot14_en_fraud_1308.wav,spoof,1.0,17.5,18.5,44100,VISHGUARD
lot14_en_fraud_1308,lot14_en_fraud_1308.wav,spoof,1.0,18.0,19.0,44100,VISHGUARD
lot14_en_fraud_1308,lot14_en_fraud_1308.wav,spoof,1.0,18.5,19.5,44100,VISHGUARD
lot14_en_fraud_1308,lot14_en_fraud_1308.wav,spoof,1.0,19.0,20.0,44100,VISHGUARD
lot14_en_fraud_1308,lot14_en_fraud_1308.wav,spoof,1.0,19.5,20.5,44100,VISHGUARD
lot14_en_fraud_1308,lot14_en_fraud_1308.wav,spoof,1.0,20.0,21.0,44100,VISHGUARD
lot14_en_fraud_1308,lot14_en_fraud_1308.wav,spoof,1.0,20.5,21.5,44100,VISHGUARD
lot14_en_fraud_1308,lot14_en_fraud_1308.wav,spoof,1.0,21.0,22.0,44100,VISHGUARD
lot14_en_fraud_1308,lot14_en_fraud_1308.wav,spoof,1.0,21.5,22.5,44100,VISHGUARD
lot14_en_fraud_1308,lot14_en_fraud_1308.wav,spoof,1.0,22.0,23.0,44100,VISHGUARD
lot14_en_fraud_1308,lot14_en_fraud_1308.wav,spoof,1.0,22.5,23.5,44100,VISHGUARD
lot14_en_fraud_1308,lot14_en_fraud_1308.wav,spoof,1.0,23.0,24.0,44100,VISHGUARD
lot14_en_fraud_1308,lot14_en_fraud_1308.wav,spoof,1.0,23.5,24.5,44100,VISHGUARD
lot14_en_fraud_1308,lot14_en_fraud_1308.wav,spoof,1.0,24.0,25.0,44100,VISHGUARD
lot14_en_fraud_1308,lot14_en_fraud_1308.wav,spoof,1.0,24.5,25.5,44100,VISHGUARD
lot14_en_fraud_1308,lot14_en_fraud_1308.wav,spoof,1.0,25.0,26.0,44100,VISHGUARD
lot14_en_fraud_1308,lot14_en_fraud_1308.wav,spoof,1.0,25.5,26.5,44100,VISHGUARD
lot14_en_fraud_1308,lot14_en_fraud_1308.wav,spoof,1.0,26.0,27.0,44100,VISHGUARD
lot14_en_fraud_1308,lot14_en_fraud_1308.wav,spoof,1.0,26.5,27.5,44100,VISHGUARD
lot14_en_fraud_1308,lot14_en_fraud_1308.wav,spoof,1.0,27.0,28.0,44100,VISHGUARD
lot14_en_fraud_1346,lot14_en_fraud_1346.wav,spoof,1.0,0.0,1.0,44100,VISHGUARD
lot14_en_fraud_1346,lot14_en_fraud_1346.wav,spoof,1.0,0.5,1.5,44100,VISHGUARD
lot14_en_fraud_1346,lot14_en_fraud_1346.wav,spoof,1.0,1.0,2.0,44100,VISHGUARD
lot14_en_fraud_1346,lot14_en_fraud_1346.wav,spoof,1.0,1.5,2.5,44100,VISHGUARD
lot14_en_fraud_1346,lot14_en_fraud_1346.wav,spoof,1.0,2.0,3.0,44100,VISHGUARD
lot14_en_fraud_1346,lot14_en_fraud_1346.wav,spoof,1.0,2.5,3.5,44100,VISHGUARD
lot14_en_fraud_1346,lot14_en_fraud_1346.wav,spoof,1.0,3.0,4.0,44100,VISHGUARD
lot14_en_fraud_1346,lot14_en_fraud_1346.wav,spoof,1.0,3.5,4.5,44100,VISHGUARD
lot14_en_fraud_1346,lot14_en_fraud_1346.wav,spoof,1.0,4.0,5.0,44100,VISHGUARD
lot14_en_fraud_1346,lot14_en_fraud_1346.wav,spoof,1.0,4.5,5.5,44100,VISHGUARD
lot14_en_fraud_1346,lot14_en_fraud_1346.wav,spoof,1.0,5.0,6.0,44100,VISHGUARD
lot14_en_fraud_1346,lot14_en_fraud_1346.wav,spoof,1.0,5.5,6.5,44100,VISHGUARD
lot14_en_fraud_1346,lot14_en_fraud_1346.wav,spoof,1.0,6.0,7.0,44100,VISHGUARD
lot14_en_fraud_1346,lot14_en_fraud_1346.wav,spoof,1.0,6.5,7.5,44100,VISHGUARD
lot14_en_fraud_1346,lot14_en_fraud_1346.wav,spoof,1.0,7.0,8.0,44100,VISHGUARD
lot14_en_fraud_1346,lot14_en_fraud_1346.wav,spoof,1.0,7.5,8.5,44100,VISHGUARD
lot14_en_fraud_1346,lot14_en_fraud_1346.wav,spoof,1.0,8.0,9.0,44100,VISHGUARD
lot14_en_fraud_1346,lot14_en_fraud_1346.wav,spoof,1.0,8.5,9.5,44100,VISHGUARD
lot14_en_fraud_1346,lot14_en_fraud_1346.wav,spoof,1.0,9.0,10.0,44100,VISHGUARD
lot14_en_fraud_1346,lot14_en_fraud_1346.wav,spoof,1.0,9.5,10.5,44100,VISHGUARD
lot14_en_fraud_1346,lot14_en_fraud_1346.wav,spoof,1.0,10.0,11.0,44100,VISHGUARD
lot14_en_fraud_1346,lot14_en_fraud_1346.wav,spoof,1.0,10.5,11.5,44100,VISHGUARD
lot14_en_fraud_1346,lot14_en_fraud_1346.wav,spoof,1.0,11.0,12.0,44100,VISHGUARD
lot14_en_fraud_1346,lot14_en_fraud_1346.wav,spoof,1.0,11.5,12.5,44100,VISHGUARD
lot14_en_fraud_1346,lot14_en_fraud_1346.wav,spoof,1.0,12.0,13.0,44100,VISHGUARD
lot14_en_fraud_1346,lot14_en_fraud_1346.wav,spoof,1.0,12.5,13.5,44100,VISHGUARD
lot14_en_fraud_1346,lot14_en_fraud_1346.wav,spoof,1.0,13.0,14.0,44100,VISHGUARD
lot14_en_fraud_1346,lot14_en_fraud_1346.wav,spoof,1.0,13.5,14.5,44100,VISHGUARD
lot14_en_fraud_1346,lot14_en_fraud_1346.wav,spoof,1.0,14.0,15.0,44100,VISHGUARD
lot14_en_fraud_1346,lot14_en_fraud_1346.wav,spoof,1.0,14.5,15.5,44100,VISHGUARD
lot14_en_fraud_1346,lot14_en_fraud_1346.wav,spoof,1.0,15.0,16.0,44100,VISHGUARD
lot14_en_fraud_1346,lot14_en_fraud_1346.wav,spoof,1.0,15.5,16.5,44100,VISHGUARD
lot14_en_fraud_1346,lot14_en_fraud_1346.wav,spoof,1.0,16.0,17.0,44100,VISHGUARD
lot14_en_fraud_1346,lot14_en_fraud_1346.wav,spoof,1.0,16.5,17.5,44100,VISHGUARD
lot14_en_fraud_1346,lot14_en_fraud_1346.wav,spoof,1.0,17.0,18.0,44100,VISHGUARD
lot14_en_fraud_1346,lot14_en_fraud_1346.wav,spoof,1.0,17.5,18.5,44100,VISHGUARD
lot14_en_fraud_1346,lot14_en_fraud_1346.wav,spoof,1.0,18.0,19.0,44100,VISHGUARD
lot14_en_fraud_1346,lot14_en_fraud_1346.wav,spoof,1.0,18.5,19.5,44100,VISHGUARD
lot14_en_fraud_1346,lot14_en_fraud_1346.wav,spoof,1.0,19.0,20.0,44100,VISHGUARD
lot14_en_fraud_1346,lot14_en_fraud_1346.wav,spoof,1.0,19.5,20.5,44100,VISHGUARD
lot14_en_fraud_1346,lot14_en_fraud_1346.wav,spoof,1.0,20.0,21.0,44100,VISHGUARD
lot14_en_fraud_1346,lot14_en_fraud_1346.wav,spoof,1.0,20.5,21.5,44100,VISHGUARD
lot14_en_fraud_1346,lot14_en_fraud_1346.wav,spoof,1.0,21.0,22.0,44100,VISHGUARD
lot14_en_fraud_1346,lot14_en_fraud_1346.wav,spoof,1.0,21.5,22.5,44100,VISHGUARD
lot14_en_fraud_1346,lot14_en_fraud_1346.wav,spoof,1.0,22.0,23.0,44100,VISHGUARD
lot14_en_fraud_1346,lot14_en_fraud_1346.wav,spoof,1.0,22.5,23.5,44100,VISHGUARD
lot14_en_fraud_1346,lot14_en_fraud_1346.wav,spoof,1.0,23.0,24.0,44100,VISHGUARD
lot14_en_fraud_1346,lot14_en_fraud_1346.wav,spoof,1.0,23.5,24.5,44100,VISHGUARD
lot14_en_fraud_1346,lot14_en_fraud_1346.wav,spoof,1.0,24.0,25.0,44100,VISHGUARD
lot14_en_fraud_1346,lot14_en_fraud_1346.wav,spoof,1.0,24.5,25.5,44100,VISHGUARD
lot17_en_fraud_1602,lot17_en_fraud_1602.wav,spoof,1.0,0.0,1.0,24000,VISHGUARD
lot17_en_fraud_1602,lot17_en_fraud_1602.wav,spoof,1.0,0.5,1.5,24000,VISHGUARD
lot17_en_fraud_1602,lot17_en_fraud_1602.wav,spoof,1.0,1.0,2.0,24000,VISHGUARD
lot17_en_fraud_1602,lot17_en_fraud_1602.wav,spoof,1.0,1.5,2.5,24000,VISHGUARD
lot17_en_fraud_1602,lot17_en_fraud_1602.wav,spoof,1.0,2.0,3.0,24000,VISHGUARD
lot17_en_fraud_1602,lot17_en_fraud_1602.wav,spoof,1.0,2.5,3.5,24000,VISHGUARD
lot17_en_fraud_1602,lot17_en_fraud_1602.wav,spoof,1.0,3.0,4.0,24000,VISHGUARD
lot17_en_fraud_1602,lot17_en_fraud_1602.wav,spoof,1.0,3.5,4.5,24000,VISHGUARD
lot17_en_fraud_1602,lot17_en_fraud_1602.wav,spoof,1.0,4.0,5.0,24000,VISHGUARD
lot17_en_fraud_1602,lot17_en_fraud_1602.wav,spoof,1.0,4.5,5.5,24000,VISHGUARD
lot17_en_fraud_1602,lot17_en_fraud_1602.wav,spoof,1.0,5.0,6.0,24000,VISHGUARD
lot17_en_fraud_1602,lot17_en_fraud_1602.wav,spoof,1.0,5.5,6.5,24000,VISHGUARD
lot17_en_fraud_1602,lot17_en_fraud_1602.wav,spoof,1.0,6.0,7.0,24000,VISHGUARD
lot17_en_fraud_1602,lot17_en_fraud_1602.wav,spoof,1.0,6.5,7.5,24000,VISHGUARD
lot17_en_fraud_1602,lot17_en_fraud_1602.wav,spoof,1.0,7.0,8.0,24000,VISHGUARD
lot17_en_fraud_1602,lot17_en_fraud_1602.wav,spoof,1.0,7.5,8.5,24000,VISHGUARD
lot17_en_fraud_1602,lot17_en_fraud_1602.wav,spoof,1.0,8.0,9.0,24000,VISHGUARD
lot17_en_fraud_1602,lot17_en_fraud_1602.wav,spoof,1.0,8.5,9.5,24000,VISHGUARD
lot17_en_fraud_1602,lot17_en_fraud_1602.wav,spoof,1.0,9.0,10.0,24000,VISHGUARD
lot17_en_fraud_1602,lot17_en_fraud_1602.wav,spoof,1.0,9.5,10.5,24000,VISHGUARD
lot17_en_fraud_1602,lot17_en_fraud_1602.wav,spoof,1.0,10.0,11.0,24000,VISHGUARD
lot17_en_fraud_1602,lot17_en_fraud_1602.wav,spoof,1.0,10.5,11.5,24000,VISHGUARD
lot17_en_fraud_1602,lot17_en_fraud_1602.wav,spoof,1.0,11.0,12.0,24000,VISHGUARD
lot17_en_fraud_1602,lot17_en_fraud_1602.wav,spoof,1.0,11.5,12.5,24000,VISHGUARD
lot17_en_fraud_1602,lot17_en_fraud_1602.wav,spoof,1.0,12.0,13.0,24000,VISHGUARD
lot17_en_fraud_1602,lot17_en_fraud_1602.wav,spoof,1.0,12.5,13.5,24000,VISHGUARD
lot17_en_fraud_1602,lot17_en_fraud_1602.wav,spoof,1.0,13.0,14.0,24000,VISHGUARD
lot17_en_fraud_1602,lot17_en_fraud_1602.wav,spoof,1.0,13.5,14.5,24000,VISHGUARD
lot17_en_fraud_1602,lot17_en_fraud_1602.wav,spoof,1.0,14.0,15.0,24000,VISHGUARD
lot17_en_fraud_1602,lot17_en_fraud_1602.wav,spoof,1.0,14.5,15.5,24000,VISHGUARD
lot17_en_fraud_1602,lot17_en_fraud_1602.wav,spoof,1.0,15.0,16.0,24000,VISHGUARD
lot17_en_fraud_1602,lot17_en_fraud_1602.wav,spoof,1.0,15.5,16.5,24000,VISHGUARD
lot17_en_fraud_1602,lot17_en_fraud_1602.wav,spoof,1.0,16.0,17.0,24000,VISHGUARD
lot17_en_fraud_1602,lot17_en_fraud_1602.wav,spoof,1.0,16.5,17.5,24000,VISHGUARD
lot17_en_fraud_1602,lot17_en_fraud_1602.wav,spoof,1.0,17.0,18.0,24000,VISHGUARD
lot17_en_fraud_1602,lot17_en_fraud_1602.wav,spoof,1.0,17.5,18.5,24000,VISHGUARD
lot17_en_fraud_1602,lot17_en_fraud_1602.wav,spoof,1.0,18.0,19.0,24000,VISHGUARD
lot17_en_fraud_1602,lot17_en_fraud_1602.wav,spoof,1.0,18.5,19.5,24000,VISHGUARD
lot17_en_fraud_1602,lot17_en_fraud_1602.wav,spoof,1.0,19.0,20.0,24000,VISHGUARD
lot17_en_fraud_1602,lot17_en_fraud_1602.wav,spoof,1.0,19.5,20.5,24000,VISHGUARD
lot17_en_fraud_1602,lot17_en_fraud_1602.wav,spoof,1.0,20.0,21.0,24000,VISHGUARD
lot17_en_fraud_1602,lot17_en_fraud_1602.wav,spoof,1.0,20.5,21.5,24000,VISHGUARD
lot17_en_fraud_1602,lot17_en_fraud_1602.wav,spoof,1.0,21.0,22.0,24000,VISHGUARD
lot17_en_fraud_1602,lot17_en_fraud_1602.wav,spoof,1.0,21.5,22.5,24000,VISHGUARD
lot17_en_fraud_1602,lot17_en_fraud_1602.wav,spoof,1.0,22.0,23.0,24000,VISHGUARD
lot17_en_fraud_1602,lot17_en_fraud_1602.wav,spoof,1.0,22.5,23.5,24000,VISHGUARD
lot17_en_fraud_1602,lot17_en_fraud_1602.wav,spoof,1.0,23.0,24.0,24000,VISHGUARD
lot17_en_fraud_1602,lot17_en_fraud_1602.wav,spoof,1.0,23.5,24.5,24000,VISHGUARD
lot17_en_fraud_1602,lot17_en_fraud_1602.wav,spoof,1.0,24.0,25.0,24000,VISHGUARD
lot17_en_fraud_1602,lot17_en_fraud_1602.wav,spoof,1.0,24.5,25.5,24000,VISHGUARD
lot17_en_fraud_1602,lot17_en_fraud_1602.wav,spoof,1.0,25.0,26.0,24000,VISHGUARD
lot18_en_fraud_1785,lot18_en_fraud_1785.wav,spoof,1.0,0.0,1.0,44100,VISHGUARD
lot18_en_fraud_1785,lot18_en_fraud_1785.wav,spoof,1.0,0.5,1.5,44100,VISHGUARD
lot18_en_fraud_1785,lot18_en_fraud_1785.wav,spoof,1.0,1.0,2.0,44100,VISHGUARD
lot18_en_fraud_1785,lot18_en_fraud_1785.wav,spoof,1.0,1.5,2.5,44100,VISHGUARD
lot18_en_fraud_1785,lot18_en_fraud_1785.wav,spoof,1.0,2.0,3.0,44100,VISHGUARD
lot18_en_fraud_1785,lot18_en_fraud_1785.wav,spoof,1.0,2.5,3.5,44100,VISHGUARD
lot18_en_fraud_1785,lot18_en_fraud_1785.wav,spoof,1.0,3.0,4.0,44100,VISHGUARD
lot18_en_fraud_1785,lot18_en_fraud_1785.wav,spoof,1.0,3.5,4.5,44100,VISHGUARD
lot18_en_fraud_1785,lot18_en_fraud_1785.wav,spoof,1.0,4.0,5.0,44100,VISHGUARD
lot18_en_fraud_1785,lot18_en_fraud_1785.wav,spoof,1.0,4.5,5.5,44100,VISHGUARD
lot18_en_fraud_1785,lot18_en_fraud_1785.wav,spoof,1.0,5.0,6.0,44100,VISHGUARD
lot18_en_fraud_1785,lot18_en_fraud_1785.wav,spoof,1.0,5.5,6.5,44100,VISHGUARD
lot18_en_fraud_1785,lot18_en_fraud_1785.wav,spoof,1.0,6.0,7.0,44100,VISHGUARD
lot18_en_fraud_1785,lot18_en_fraud_1785.wav,spoof,1.0,6.5,7.5,44100,VISHGUARD
lot18_en_fraud_1785,lot18_en_fraud_1785.wav,spoof,1.0,7.0,8.0,44100,VISHGUARD
lot18_en_fraud_1785,lot18_en_fraud_1785.wav,spoof,1.0,7.5,8.5,44100,VISHGUARD
lot18_en_fraud_1785,lot18_en_fraud_1785.wav,spoof,1.0,8.0,9.0,44100,VISHGUARD
lot18_en_fraud_1785,lot18_en_fraud_1785.wav,spoof,1.0,8.5,9.5,44100,VISHGUARD
lot18_en_fraud_1785,lot18_en_fraud_1785.wav,spoof,1.0,9.0,10.0,44100,VISHGUARD
lot18_en_fraud_1785,lot18_en_fraud_1785.wav,spoof,1.0,9.5,10.5,44100,VISHGUARD
lot18_en_fraud_1785,lot18_en_fraud_1785.wav,spoof,1.0,10.0,11.0,44100,VISHGUARD
lot18_en_fraud_1785,lot18_en_fraud_1785.wav,spoof,1.0,10.5,11.5,44100,VISHGUARD
lot18_en_fraud_1785,lot18_en_fraud_1785.wav,spoof,1.0,11.0,12.0,44100,VISHGUARD
lot18_en_fraud_1785,lot18_en_fraud_1785.wav,spoof,1.0,11.5,12.5,44100,VISHGUARD
lot18_en_fraud_1785,lot18_en_fraud_1785.wav,spoof,1.0,12.0,13.0,44100,VISHGUARD
lot18_en_fraud_1785,lot18_en_fraud_1785.wav,spoof,1.0,12.5,13.5,44100,VISHGUARD
lot18_en_fraud_1785,lot18_en_fraud_1785.wav,spoof,1.0,13.0,14.0,44100,VISHGUARD
lot18_en_fraud_1785,lot18_en_fraud_1785.wav,spoof,1.0,13.5,14.5,44100,VISHGUARD
lot18_en_fraud_1785,lot18_en_fraud_1785.wav,spoof,1.0,14.0,15.0,44100,VISHGUARD
lot18_en_fraud_1785,lot18_en_fraud_1785.wav,spoof,1.0,14.5,15.5,44100,VISHGUARD
lot18_en_fraud_1785,lot18_en_fraud_1785.wav,spoof,1.0,15.0,16.0,44100,VISHGUARD
lot18_en_fraud_1785,lot18_en_fraud_1785.wav,spoof,1.0,15.5,16.5,44100,VISHGUARD
lot18_en_fraud_1785,lot18_en_fraud_1785.wav,spoof,1.0,16.0,17.0,44100,VISHGUARD
lot18_en_fraud_1785,lot18_en_fraud_1785.wav,spoof,1.0,16.5,17.5,44100,VISHGUARD
lot18_en_fraud_1785,lot18_en_fraud_1785.wav,spoof,1.0,17.0,18.0,44100,VISHGUARD
lot18_en_fraud_1785,lot18_en_fraud_1785.wav,spoof,1.0,17.5,18.5,44100,VISHGUARD
lot18_en_fraud_1785,lot18_en_fraud_1785.wav,spoof,1.0,18.0,19.0,44100,VISHGUARD
lot18_en_fraud_1785,lot18_en_fraud_1785.wav,spoof,1.0,18.5,19.5,44100,VISHGUARD
lot18_en_fraud_1785,lot18_en_fraud_1785.wav,spoof,1.0,19.0,20.0,44100,VISHGUARD
lot18_en_fraud_1785,lot18_en_fraud_1785.wav,spoof,1.0,19.5,20.5,44100,VISHGUARD
lot18_en_fraud_1785,lot18_en_fraud_1785.wav,spoof,1.0,20.0,21.0,44100,VISHGUARD
lot18_en_fraud_1785,lot18_en_fraud_1785.wav,spoof,1.0,20.5,21.5,44100,VISHGUARD
lot18_en_fraud_1785,lot18_en_fraud_1785.wav,spoof,1.0,21.0,22.0,44100,VISHGUARD
lot18_en_fraud_1785,lot18_en_fraud_1785.wav,spoof,1.0,21.5,22.5,44100,VISHGUARD
lot18_en_fraud_1785,lot18_en_fraud_1785.wav,spoof,1.0,22.0,23.0,44100,VISHGUARD
lot18_en_fraud_1785,lot18_en_fraud_1785.wav,spoof,1.0,22.5,23.5,44100,VISHGUARD
lot18_en_fraud_1785,lot18_en_fraud_1785.wav,spoof,1.0,23.0,24.0,44100,VISHGUARD
lot18_en_fraud_1785,lot18_en_fraud_1785.wav,spoof,1.0,23.5,24.5,44100,VISHGUARD
lot18_en_fraud_1785,lot18_en_fraud_1785.wav,spoof,1.0,24.0,25.0,44100,VISHGUARD
lot18_en_fraud_1785,lot18_en_fraud_1785.wav,spoof,1.0,24.5,25.5,44100,VISHGUARD
lot18_en_fraud_1785,lot18_en_fraud_1785.wav,spoof,1.0,25.0,26.0,44100,VISHGUARD
lot19_en_fraud_1892,lot19_en_fraud_1892.wav,spoof,1.0,0.0,1.0,24000,VISHGUARD
lot19_en_fraud_1892,lot19_en_fraud_1892.wav,spoof,1.0,0.5,1.5,24000,VISHGUARD
lot19_en_fraud_1892,lot19_en_fraud_1892.wav,spoof,1.0,1.0,2.0,24000,VISHGUARD
lot19_en_fraud_1892,lot19_en_fraud_1892.wav,spoof,1.0,1.5,2.5,24000,VISHGUARD
lot19_en_fraud_1892,lot19_en_fraud_1892.wav,spoof,1.0,2.0,3.0,24000,VISHGUARD
lot19_en_fraud_1892,lot19_en_fraud_1892.wav,spoof,1.0,2.5,3.5,24000,VISHGUARD
lot19_en_fraud_1892,lot19_en_fraud_1892.wav,spoof,1.0,3.0,4.0,24000,VISHGUARD
lot19_en_fraud_1892,lot19_en_fraud_1892.wav,spoof,1.0,3.5,4.5,24000,VISHGUARD
lot19_en_fraud_1892,lot19_en_fraud_1892.wav,spoof,1.0,4.0,5.0,24000,VISHGUARD
lot19_en_fraud_1892,lot19_en_fraud_1892.wav,spoof,1.0,4.5,5.5,24000,VISHGUARD
lot19_en_fraud_1892,lot19_en_fraud_1892.wav,spoof,1.0,5.0,6.0,24000,VISHGUARD
lot19_en_fraud_1892,lot19_en_fraud_1892.wav,spoof,1.0,5.5,6.5,24000,VISHGUARD
lot19_en_fraud_1892,lot19_en_fraud_1892.wav,spoof,1.0,6.0,7.0,24000,VISHGUARD
lot19_en_fraud_1892,lot19_en_fraud_1892.wav,spoof,1.0,6.5,7.5,24000,VISHGUARD
lot19_en_fraud_1892,lot19_en_fraud_1892.wav,spoof,1.0,7.0,8.0,24000,VISHGUARD
lot19_en_fraud_1892,lot19_en_fraud_1892.wav,spoof,1.0,7.5,8.5,24000,VISHGUARD
lot19_en_fraud_1892,lot19_en_fraud_1892.wav,spoof,1.0,8.0,9.0,24000,VISHGUARD
lot19_en_fraud_1892,lot19_en_fraud_1892.wav,spoof,1.0,8.5,9.5,24000,VISHGUARD
lot19_en_fraud_1892,lot19_en_fraud_1892.wav,spoof,1.0,9.0,10.0,24000,VISHGUARD
lot19_en_fraud_1892,lot19_en_fraud_1892.wav,spoof,1.0,9.5,10.5,24000,VISHGUARD
lot19_en_fraud_1892,lot19_en_fraud_1892.wav,spoof,1.0,10.0,11.0,24000,VISHGUARD
lot19_en_fraud_1892,lot19_en_fraud_1892.wav,spoof,1.0,10.5,11.5,24000,VISHGUARD
lot19_en_fraud_1892,lot19_en_fraud_1892.wav,spoof,1.0,11.0,12.0,24000,VISHGUARD
lot19_en_fraud_1892,lot19_en_fraud_1892.wav,spoof,1.0,11.5,12.5,24000,VISHGUARD
lot19_en_fraud_1892,lot19_en_fraud_1892.wav,spoof,1.0,12.0,13.0,24000,VISHGUARD
lot19_en_fraud_1892,lot19_en_fraud_1892.wav,spoof,1.0,12.5,13.5,24000,VISHGUARD
lot19_en_fraud_1892,lot19_en_fraud_1892.wav,spoof,1.0,13.0,14.0,24000,VISHGUARD
lot19_en_fraud_1892,lot19_en_fraud_1892.wav,spoof,1.0,13.5,14.5,24000,VISHGUARD
lot19_en_fraud_1892,lot19_en_fraud_1892.wav,spoof,1.0,14.0,15.0,24000,VISHGUARD
lot19_en_fraud_1892,lot19_en_fraud_1892.wav,spoof,1.0,14.5,15.5,24000,VISHGUARD
lot19_en_fraud_1892,lot19_en_fraud_1892.wav,spoof,1.0,15.0,16.0,24000,VISHGUARD
lot19_en_fraud_1892,lot19_en_fraud_1892.wav,spoof,1.0,15.5,16.5,24000,VISHGUARD
lot19_en_fraud_1892,lot19_en_fraud_1892.wav,spoof,1.0,16.0,17.0,24000,VISHGUARD
lot19_en_fraud_1892,lot19_en_fraud_1892.wav,spoof,1.0,16.5,17.5,24000,VISHGUARD
lot19_en_fraud_1892,lot19_en_fraud_1892.wav,spoof,1.0,17.0,18.0,24000,VISHGUARD
lot19_en_fraud_1892,lot19_en_fraud_1892.wav,spoof,1.0,17.5,18.5,24000,VISHGUARD
lot19_en_fraud_1892,lot19_en_fraud_1892.wav,spoof,1.0,18.0,19.0,24000,VISHGUARD
lot19_en_fraud_1892,lot19_en_fraud_1892.wav,spoof,1.0,18.5,19.5,24000,VISHGUARD
lot19_en_fraud_1892,lot19_en_fraud_1892.wav,spoof,1.0,19.0,20.0,24000,VISHGUARD
lot19_en_fraud_1892,lot19_en_fraud_1892.wav,spoof,1.0,19.5,20.5,24000,VISHGUARD
lot19_en_fraud_1892,lot19_en_fraud_1892.wav,spoof,1.0,20.0,21.0,24000,VISHGUARD
lot19_en_fraud_1892,lot19_en_fraud_1892.wav,spoof,1.0,20.5,21.5,24000,VISHGUARD
lot19_en_fraud_1892,lot19_en_fraud_1892.wav,spoof,1.0,21.0,22.0,24000,VISHGUARD
lot19_en_fraud_1892,lot19_en_fraud_1892.wav,spoof,1.0,21.5,22.5,24000,VISHGUARD
lot19_en_fraud_1892,lot19_en_fraud_1892.wav,spoof,1.0,22.0,23.0,24000,VISHGUARD
lot19_en_fraud_1892,lot19_en_fraud_1892.wav,spoof,1.0,22.5,23.5,24000,VISHGUARD
lot19_en_fraud_1892,lot19_en_fraud_1892.wav,spoof,1.0,23.0,24.0,24000,VISHGUARD
lot19_en_fraud_1892,lot19_en_fraud_1892.wav,spoof,1.0,23.5,24.5,24000,VISHGUARD
lot19_en_fraud_1892,lot19_en_fraud_1892.wav,spoof,1.0,24.0,25.0,24000,VISHGUARD
lot1_en_fraud_001,lot1_en_fraud_001.wav,spoof,1.0,0.0,1.0,44100,VISHGUARD
lot1_en_fraud_001,lot1_en_fraud_001.wav,spoof,1.0,0.5,1.5,44100,VISHGUARD
lot1_en_fraud_001,lot1_en_fraud_001.wav,spoof,1.0,1.0,2.0,44100,VISHGUARD
lot1_en_fraud_001,lot1_en_fraud_001.wav,spoof,1.0,1.5,2.5,44100,VISHGUARD
lot1_en_fraud_001,lot1_en_fraud_001.wav,spoof,1.0,2.0,3.0,44100,VISHGUARD
lot1_en_fraud_001,lot1_en_fraud_001.wav,spoof,1.0,2.5,3.5,44100,VISHGUARD
lot1_en_fraud_001,lot1_en_fraud_001.wav,spoof,1.0,3.0,4.0,44100,VISHGUARD
lot1_en_fraud_001,lot1_en_fraud_001.wav,spoof,1.0,3.5,4.5,44100,VISHGUARD
lot1_en_fraud_001,lot1_en_fraud_001.wav,spoof,1.0,4.0,5.0,44100,VISHGUARD
lot1_en_fraud_001,lot1_en_fraud_001.wav,spoof,1.0,4.5,5.5,44100,VISHGUARD
lot1_en_fraud_001,lot1_en_fraud_001.wav,spoof,1.0,5.0,6.0,44100,VISHGUARD
lot1_en_fraud_001,lot1_en_fraud_001.wav,spoof,1.0,5.5,6.5,44100,VISHGUARD
lot1_en_fraud_001,lot1_en_fraud_001.wav,spoof,1.0,6.0,7.0,44100,VISHGUARD
lot1_en_fraud_001,lot1_en_fraud_001.wav,spoof,1.0,6.5,7.5,44100,VISHGUARD
lot1_en_fraud_001,lot1_en_fraud_001.wav,spoof,1.0,7.0,8.0,44100,VISHGUARD
lot1_en_fraud_001,lot1_en_fraud_001.wav,spoof,1.0,7.5,8.5,44100,VISHGUARD
lot1_en_fraud_001,lot1_en_fraud_001.wav,spoof,1.0,8.0,9.0,44100,VISHGUARD
lot1_en_fraud_001,lot1_en_fraud_001.wav,spoof,1.0,8.5,9.5,44100,VISHGUARD
lot1_en_fraud_001,lot1_en_fraud_001.wav,spoof,1.0,9.0,10.0,44100,VISHGUARD
lot1_en_fraud_001,lot1_en_fraud_001.wav,spoof,1.0,9.5,10.5,44100,VISHGUARD
lot1_en_fraud_001,lot1_en_fraud_001.wav,spoof,1.0,10.0,11.0,44100,VISHGUARD
lot1_en_fraud_001,lot1_en_fraud_001.wav,spoof,1.0,10.5,11.5,44100,VISHGUARD
lot1_en_fraud_001,lot1_en_fraud_001.wav,spoof,1.0,11.0,12.0,44100,VISHGUARD
lot1_en_fraud_001,lot1_en_fraud_001.wav,spoof,1.0,11.5,12.5,44100,VISHGUARD
lot1_en_fraud_001,lot1_en_fraud_001.wav,spoof,1.0,12.0,13.0,44100,VISHGUARD
lot1_en_fraud_001,lot1_en_fraud_001.wav,spoof,1.0,12.5,13.5,44100,VISHGUARD
lot1_en_fraud_001,lot1_en_fraud_001.wav,spoof,1.0,13.0,14.0,44100,VISHGUARD
lot1_en_fraud_001,lot1_en_fraud_001.wav,spoof,1.0,13.5,14.5,44100,VISHGUARD
lot1_en_fraud_001,lot1_en_fraud_001.wav,spoof,1.0,14.0,15.0,44100,VISHGUARD
lot1_en_fraud_001,lot1_en_fraud_001.wav,spoof,1.0,14.5,15.5,44100,VISHGUARD
lot1_en_fraud_001,lot1_en_fraud_001.wav,spoof,1.0,15.0,16.0,44100,VISHGUARD
lot1_en_fraud_001,lot1_en_fraud_001.wav,spoof,1.0,15.5,16.5,44100,VISHGUARD
lot1_en_fraud_001,lot1_en_fraud_001.wav,spoof,1.0,16.0,17.0,44100,VISHGUARD
lot1_en_fraud_001,lot1_en_fraud_001.wav,spoof,1.0,16.5,17.5,44100,VISHGUARD
lot1_en_fraud_001,lot1_en_fraud_001.wav,spoof,1.0,17.0,18.0,44100,VISHGUARD
lot1_en_fraud_001,lot1_en_fraud_001.wav,spoof,1.0,17.5,18.5,44100,VISHGUARD
lot1_en_fraud_001,lot1_en_fraud_001.wav,spoof,1.0,18.0,19.0,44100,VISHGUARD
lot1_en_fraud_001,lot1_en_fraud_001.wav,spoof,1.0,18.5,19.5,44100,VISHGUARD
lot1_en_fraud_001,lot1_en_fraud_001.wav,spoof,1.0,19.0,20.0,44100,VISHGUARD
lot1_en_fraud_001,lot1_en_fraud_001.wav,spoof,1.0,19.5,20.5,44100,VISHGUARD
lot1_en_fraud_001,lot1_en_fraud_001.wav,spoof,1.0,20.0,21.0,44100,VISHGUARD
lot20_en_fraud_1938,lot20_en_fraud_1938.wav,spoof,1.0,0.0,1.0,24000,VISHGUARD
lot20_en_fraud_1938,lot20_en_fraud_1938.wav,spoof,1.0,0.5,1.5,24000,VISHGUARD
lot20_en_fraud_1938,lot20_en_fraud_1938.wav,spoof,1.0,1.0,2.0,24000,VISHGUARD
lot20_en_fraud_1938,lot20_en_fraud_1938.wav,spoof,1.0,1.5,2.5,24000,VISHGUARD
lot20_en_fraud_1938,lot20_en_fraud_1938.wav,spoof,1.0,2.0,3.0,24000,VISHGUARD
lot20_en_fraud_1938,lot20_en_fraud_1938.wav,spoof,1.0,2.5,3.5,24000,VISHGUARD
lot20_en_fraud_1938,lot20_en_fraud_1938.wav,spoof,1.0,3.0,4.0,24000,VISHGUARD
lot20_en_fraud_1938,lot20_en_fraud_1938.wav,spoof,1.0,3.5,4.5,24000,VISHGUARD
lot20_en_fraud_1938,lot20_en_fraud_1938.wav,spoof,1.0,4.0,5.0,24000,VISHGUARD
lot20_en_fraud_1938,lot20_en_fraud_1938.wav,spoof,1.0,4.5,5.5,24000,VISHGUARD
lot20_en_fraud_1938,lot20_en_fraud_1938.wav,spoof,1.0,5.0,6.0,24000,VISHGUARD
lot20_en_fraud_1938,lot20_en_fraud_1938.wav,spoof,1.0,5.5,6.5,24000,VISHGUARD
lot20_en_fraud_1938,lot20_en_fraud_1938.wav,spoof,1.0,6.0,7.0,24000,VISHGUARD
lot20_en_fraud_1938,lot20_en_fraud_1938.wav,spoof,1.0,6.5,7.5,24000,VISHGUARD
lot20_en_fraud_1938,lot20_en_fraud_1938.wav,spoof,1.0,7.0,8.0,24000,VISHGUARD
lot20_en_fraud_1938,lot20_en_fraud_1938.wav,spoof,1.0,7.5,8.5,24000,VISHGUARD
lot20_en_fraud_1938,lot20_en_fraud_1938.wav,spoof,1.0,8.0,9.0,24000,VISHGUARD
lot20_en_fraud_1938,lot20_en_fraud_1938.wav,spoof,1.0,8.5,9.5,24000,VISHGUARD
lot20_en_fraud_1938,lot20_en_fraud_1938.wav,spoof,1.0,9.0,10.0,24000,VISHGUARD
lot20_en_fraud_1938,lot20_en_fraud_1938.wav,spoof,1.0,9.5,10.5,24000,VISHGUARD
lot20_en_fraud_1938,lot20_en_fraud_1938.wav,spoof,1.0,10.0,11.0,24000,VISHGUARD
lot20_en_fraud_1938,lot20_en_fraud_1938.wav,spoof,1.0,10.5,11.5,24000,VISHGUARD
lot20_en_fraud_1938,lot20_en_fraud_1938.wav,spoof,1.0,11.0,12.0,24000,VISHGUARD
lot20_en_fraud_1938,lot20_en_fraud_1938.wav,spoof,1.0,11.5,12.5,24000,VISHGUARD
lot20_en_fraud_1938,lot20_en_fraud_1938.wav,spoof,1.0,12.0,13.0,24000,VISHGUARD
lot20_en_fraud_1938,lot20_en_fraud_1938.wav,spoof,1.0,12.5,13.5,24000,VISHGUARD
lot20_en_fraud_1938,lot20_en_fraud_1938.wav,spoof,1.0,13.0,14.0,24000,VISHGUARD
lot20_en_fraud_1938,lot20_en_fraud_1938.wav,spoof,1.0,13.5,14.5,24000,VISHGUARD
lot20_en_fraud_1938,lot20_en_fraud_1938.wav,spoof,1.0,14.0,15.0,24000,VISHGUARD
lot20_en_fraud_1938,lot20_en_fraud_1938.wav,spoof,1.0,14.5,15.5,24000,VISHGUARD
lot20_en_fraud_1938,lot20_en_fraud_1938.wav,spoof,1.0,15.0,16.0,24000,VISHGUARD
lot20_en_fraud_1938,lot20_en_fraud_1938.wav,spoof,1.0,15.5,16.5,24000,VISHGUARD
lot20_en_fraud_1938,lot20_en_fraud_1938.wav,spoof,1.0,16.0,17.0,24000,VISHGUARD
lot20_en_fraud_1938,lot20_en_fraud_1938.wav,spoof,1.0,16.5,17.5,24000,VISHGUARD
lot20_en_fraud_1938,lot20_en_fraud_1938.wav,spoof,1.0,17.0,18.0,24000,VISHGUARD
lot20_en_fraud_1938,lot20_en_fraud_1938.wav,spoof,1.0,17.5,18.5,24000,VISHGUARD
lot20_en_fraud_1938,lot20_en_fraud_1938.wav,spoof,1.0,18.0,19.0,24000,VISHGUARD
lot20_en_fraud_1938,lot20_en_fraud_1938.wav,spoof,1.0,18.5,19.5,24000,VISHGUARD
lot20_en_fraud_1938,lot20_en_fraud_1938.wav,spoof,1.0,19.0,20.0,24000,VISHGUARD
lot20_en_fraud_1938,lot20_en_fraud_1938.wav,spoof,1.0,19.5,20.5,24000,VISHGUARD
lot20_en_fraud_1938,lot20_en_fraud_1938.wav,spoof,1.0,20.0,21.0,24000,VISHGUARD
lot20_en_fraud_1938,lot20_en_fraud_1938.wav,spoof,1.0,20.5,21.5,24000,VISHGUARD
lot20_en_fraud_1938,lot20_en_fraud_1938.wav,spoof,1.0,21.0,22.0,24000,VISHGUARD
lot20_en_fraud_1938,lot20_en_fraud_1938.wav,spoof,1.0,21.5,22.5,24000,VISHGUARD
lot20_en_fraud_1938,lot20_en_fraud_1938.wav,spoof,1.0,22.0,23.0,24000,VISHGUARD
lot20_en_fraud_1938,lot20_en_fraud_1938.wav,spoof,1.0,22.5,23.5,24000,VISHGUARD
lot20_en_fraud_1938,lot20_en_fraud_1938.wav,spoof,1.0,23.0,24.0,24000,VISHGUARD
lot20_en_fraud_1938,lot20_en_fraud_1938.wav,spoof,1.0,23.5,24.5,24000,VISHGUARD
lot20_en_fraud_1986,lot20_en_fraud_1986.wav,spoof,1.0,0.0,1.0,24000,VISHGUARD
lot20_en_fraud_1986,lot20_en_fraud_1986.wav,spoof,1.0,0.5,1.5,24000,VISHGUARD
lot20_en_fraud_1986,lot20_en_fraud_1986.wav,spoof,1.0,1.0,2.0,24000,VISHGUARD
lot20_en_fraud_1986,lot20_en_fraud_1986.wav,spoof,1.0,1.5,2.5,24000,VISHGUARD
lot20_en_fraud_1986,lot20_en_fraud_1986.wav,spoof,1.0,2.0,3.0,24000,VISHGUARD
lot20_en_fraud_1986,lot20_en_fraud_1986.wav,spoof,1.0,2.5,3.5,24000,VISHGUARD
lot20_en_fraud_1986,lot20_en_fraud_1986.wav,spoof,1.0,3.0,4.0,24000,VISHGUARD
lot20_en_fraud_1986,lot20_en_fraud_1986.wav,spoof,1.0,3.5,4.5,24000,VISHGUARD
lot20_en_fraud_1986,lot20_en_fraud_1986.wav,spoof,1.0,4.0,5.0,24000,VISHGUARD
lot20_en_fraud_1986,lot20_en_fraud_1986.wav,spoof,1.0,4.5,5.5,24000,VISHGUARD
lot20_en_fraud_1986,lot20_en_fraud_1986.wav,spoof,1.0,5.0,6.0,24000,VISHGUARD
lot20_en_fraud_1986,lot20_en_fraud_1986.wav,spoof,1.0,5.5,6.5,24000,VISHGUARD
lot20_en_fraud_1986,lot20_en_fraud_1986.wav,spoof,1.0,6.0,7.0,24000,VISHGUARD
lot20_en_fraud_1986,lot20_en_fraud_1986.wav,spoof,1.0,6.5,7.5,24000,VISHGUARD
lot20_en_fraud_1986,lot20_en_fraud_1986.wav,spoof,1.0,7.0,8.0,24000,VISHGUARD
lot20_en_fraud_1986,lot20_en_fraud_1986.wav,spoof,1.0,7.5,8.5,24000,VISHGUARD
lot20_en_fraud_1986,lot20_en_fraud_1986.wav,spoof,1.0,8.0,9.0,24000,VISHGUARD
lot20_en_fraud_1986,lot20_en_fraud_1986.wav,spoof,1.0,8.5,9.5,24000,VISHGUARD
lot20_en_fraud_1986,lot20_en_fraud_1986.wav,spoof,1.0,9.0,10.0,24000,VISHGUARD
lot20_en_fraud_1986,lot20_en_fraud_1986.wav,spoof,1.0,9.5,10.5,24000,VISHGUARD
lot20_en_fraud_1986,lot20_en_fraud_1986.wav,spoof,1.0,10.0,11.0,24000,VISHGUARD
lot20_en_fraud_1986,lot20_en_fraud_1986.wav,spoof,1.0,10.5,11.5,24000,VISHGUARD
lot20_en_fraud_1986,lot20_en_fraud_1986.wav,spoof,1.0,11.0,12.0,24000,VISHGUARD
lot20_en_fraud_1986,lot20_en_fraud_1986.wav,spoof,1.0,11.5,12.5,24000,VISHGUARD
lot20_en_fraud_1986,lot20_en_fraud_1986.wav,spoof,1.0,12.0,13.0,24000,VISHGUARD
lot20_en_fraud_1986,lot20_en_fraud_1986.wav,spoof,1.0,12.5,13.5,24000,VISHGUARD
lot20_en_fraud_1986,lot20_en_fraud_1986.wav,spoof,1.0,13.0,14.0,24000,VISHGUARD
lot20_en_fraud_1986,lot20_en_fraud_1986.wav,spoof,1.0,13.5,14.5,24000,VISHGUARD
lot20_en_fraud_1986,lot20_en_fraud_1986.wav,spoof,1.0,14.0,15.0,24000,VISHGUARD
lot20_en_fraud_1986,lot20_en_fraud_1986.wav,spoof,1.0,14.5,15.5,24000,VISHGUARD
lot20_en_fraud_1986,lot20_en_fraud_1986.wav,spoof,1.0,15.0,16.0,24000,VISHGUARD
lot20_en_fraud_1986,lot20_en_fraud_1986.wav,spoof,1.0,15.5,16.5,24000,VISHGUARD
lot20_en_fraud_1986,lot20_en_fraud_1986.wav,spoof,1.0,16.0,17.0,24000,VISHGUARD
lot20_en_fraud_1986,lot20_en_fraud_1986.wav,spoof,1.0,16.5,17.5,24000,VISHGUARD
lot20_en_fraud_1986,lot20_en_fraud_1986.wav,spoof,1.0,17.0,18.0,24000,VISHGUARD
lot20_en_fraud_1986,lot20_en_fraud_1986.wav,spoof,1.0,17.5,18.5,24000,VISHGUARD
lot20_en_fraud_1986,lot20_en_fraud_1986.wav,spoof,1.0,18.0,19.0,24000,VISHGUARD
lot20_en_fraud_1986,lot20_en_fraud_1986.wav,spoof,1.0,18.5,19.5,24000,VISHGUARD
lot20_en_fraud_1986,lot20_en_fraud_1986.wav,spoof,1.0,19.0,20.0,24000,VISHGUARD
lot20_en_fraud_1986,lot20_en_fraud_1986.wav,spoof,1.0,19.5,20.5,24000,VISHGUARD
lot20_en_fraud_1986,lot20_en_fraud_1986.wav,spoof,1.0,20.0,21.0,24000,VISHGUARD
lot20_en_fraud_1986,lot20_en_fraud_1986.wav,spoof,1.0,20.5,21.5,24000,VISHGUARD
lot20_en_fraud_1986,lot20_en_fraud_1986.wav,spoof,1.0,21.0,22.0,24000,VISHGUARD
lot20_en_fraud_1986,lot20_en_fraud_1986.wav,spoof,1.0,21.5,22.5,24000,VISHGUARD
lot20_en_fraud_1986,lot20_en_fraud_1986.wav,spoof,1.0,22.0,23.0,24000,VISHGUARD
lot20_en_fraud_1986,lot20_en_fraud_1986.wav,spoof,1.0,22.5,23.5,24000,VISHGUARD
lot20_en_fraud_1986,lot20_en_fraud_1986.wav,spoof,1.0,23.0,24.0,24000,VISHGUARD
lot20_en_fraud_1986,lot20_en_fraud_1986.wav,spoof,1.0,23.5,24.5,24000,VISHGUARD
lot20_en_fraud_1986,lot20_en_fraud_1986.wav,spoof,1.0,24.0,25.0,24000,VISHGUARD
lot22_en_fraud_2138,lot22_en_fraud_2138.wav,spoof,1.0,0.0,1.0,24000,VISHGUARD
lot22_en_fraud_2138,lot22_en_fraud_2138.wav,spoof,1.0,0.5,1.5,24000,VISHGUARD
lot22_en_fraud_2138,lot22_en_fraud_2138.wav,spoof,1.0,1.0,2.0,24000,VISHGUARD
lot22_en_fraud_2138,lot22_en_fraud_2138.wav,spoof,1.0,1.5,2.5,24000,VISHGUARD
lot22_en_fraud_2138,lot22_en_fraud_2138.wav,spoof,1.0,2.0,3.0,24000,VISHGUARD
lot22_en_fraud_2138,lot22_en_fraud_2138.wav,spoof,1.0,2.5,3.5,24000,VISHGUARD
lot22_en_fraud_2138,lot22_en_fraud_2138.wav,spoof,1.0,3.0,4.0,24000,VISHGUARD
lot22_en_fraud_2138,lot22_en_fraud_2138.wav,spoof,1.0,3.5,4.5,24000,VISHGUARD
lot22_en_fraud_2138,lot22_en_fraud_2138.wav,spoof,1.0,4.0,5.0,24000,VISHGUARD
lot22_en_fraud_2138,lot22_en_fraud_2138.wav,spoof,1.0,4.5,5.5,24000,VISHGUARD
lot22_en_fraud_2138,lot22_en_fraud_2138.wav,spoof,1.0,5.0,6.0,24000,VISHGUARD
lot22_en_fraud_2138,lot22_en_fraud_2138.wav,spoof,1.0,5.5,6.5,24000,VISHGUARD
lot22_en_fraud_2138,lot22_en_fraud_2138.wav,spoof,1.0,6.0,7.0,24000,VISHGUARD
lot22_en_fraud_2138,lot22_en_fraud_2138.wav,spoof,1.0,6.5,7.5,24000,VISHGUARD
lot22_en_fraud_2138,lot22_en_fraud_2138.wav,spoof,1.0,7.0,8.0,24000,VISHGUARD
lot22_en_fraud_2138,lot22_en_fraud_2138.wav,spoof,1.0,7.5,8.5,24000,VISHGUARD
lot22_en_fraud_2138,lot22_en_fraud_2138.wav,spoof,1.0,8.0,9.0,24000,VISHGUARD
lot22_en_fraud_2138,lot22_en_fraud_2138.wav,spoof,1.0,8.5,9.5,24000,VISHGUARD
lot22_en_fraud_2138,lot22_en_fraud_2138.wav,spoof,1.0,9.0,10.0,24000,VISHGUARD
lot22_en_fraud_2138,lot22_en_fraud_2138.wav,spoof,1.0,9.5,10.5,24000,VISHGUARD
lot22_en_fraud_2138,lot22_en_fraud_2138.wav,spoof,1.0,10.0,11.0,24000,VISHGUARD
lot22_en_fraud_2138,lot22_en_fraud_2138.wav,spoof,1.0,10.5,11.5,24000,VISHGUARD
lot22_en_fraud_2138,lot22_en_fraud_2138.wav,spoof,1.0,11.0,12.0,24000,VISHGUARD
lot22_en_fraud_2138,lot22_en_fraud_2138.wav,spoof,1.0,11.5,12.5,24000,VISHGUARD
lot22_en_fraud_2138,lot22_en_fraud_2138.wav,spoof,1.0,12.0,13.0,24000,VISHGUARD
lot22_en_fraud_2138,lot22_en_fraud_2138.wav,spoof,1.0,12.5,13.5,24000,VISHGUARD
lot22_en_fraud_2138,lot22_en_fraud_2138.wav,spoof,1.0,13.0,14.0,24000,VISHGUARD
lot22_en_fraud_2138,lot22_en_fraud_2138.wav,spoof,1.0,13.5,14.5,24000,VISHGUARD
lot22_en_fraud_2138,lot22_en_fraud_2138.wav,spoof,1.0,14.0,15.0,24000,VISHGUARD
lot22_en_fraud_2138,lot22_en_fraud_2138.wav,spoof,1.0,14.5,15.5,24000,VISHGUARD
lot22_en_fraud_2138,lot22_en_fraud_2138.wav,spoof,1.0,15.0,16.0,24000,VISHGUARD
lot22_en_fraud_2138,lot22_en_fraud_2138.wav,spoof,1.0,15.5,16.5,24000,VISHGUARD
lot22_en_fraud_2138,lot22_en_fraud_2138.wav,spoof,1.0,16.0,17.0,24000,VISHGUARD
lot22_en_fraud_2138,lot22_en_fraud_2138.wav,spoof,1.0,16.5,17.5,24000,VISHGUARD
lot22_en_fraud_2138,lot22_en_fraud_2138.wav,spoof,1.0,17.0,18.0,24000,VISHGUARD
lot22_en_fraud_2138,lot22_en_fraud_2138.wav,spoof,1.0,17.5,18.5,24000,VISHGUARD
lot22_en_fraud_2138,lot22_en_fraud_2138.wav,spoof,1.0,18.0,19.0,24000,VISHGUARD
lot22_en_fraud_2138,lot22_en_fraud_2138.wav,spoof,1.0,18.5,19.5,24000,VISHGUARD
lot22_en_fraud_2138,lot22_en_fraud_2138.wav,spoof,1.0,19.0,20.0,24000,VISHGUARD
lot22_en_fraud_2138,lot22_en_fraud_2138.wav,spoof,1.0,19.5,20.5,24000,VISHGUARD
lot22_en_fraud_2138,lot22_en_fraud_2138.wav,spoof,1.0,20.0,21.0,24000,VISHGUARD
lot22_en_fraud_2138,lot22_en_fraud_2138.wav,spoof,1.0,20.5,21.5,24000,VISHGUARD
lot22_en_fraud_2138,lot22_en_fraud_2138.wav,spoof,1.0,21.0,22.0,24000,VISHGUARD
lot23_en_fraud_2208,lot23_en_fraud_2208.wav,spoof,1.0,0.0,1.0,44100,VISHGUARD
lot23_en_fraud_2208,lot23_en_fraud_2208.wav,spoof,1.0,0.5,1.5,44100,VISHGUARD
lot23_en_fraud_2208,lot23_en_fraud_2208.wav,spoof,1.0,1.0,2.0,44100,VISHGUARD
lot23_en_fraud_2208,lot23_en_fraud_2208.wav,spoof,1.0,1.5,2.5,44100,VISHGUARD
lot23_en_fraud_2208,lot23_en_fraud_2208.wav,spoof,1.0,2.0,3.0,44100,VISHGUARD
lot23_en_fraud_2208,lot23_en_fraud_2208.wav,spoof,1.0,2.5,3.5,44100,VISHGUARD
lot23_en_fraud_2208,lot23_en_fraud_2208.wav,spoof,1.0,3.0,4.0,44100,VISHGUARD
lot23_en_fraud_2208,lot23_en_fraud_2208.wav,spoof,1.0,3.5,4.5,44100,VISHGUARD
lot23_en_fraud_2208,lot23_en_fraud_2208.wav,spoof,1.0,4.0,5.0,44100,VISHGUARD
lot23_en_fraud_2208,lot23_en_fraud_2208.wav,spoof,1.0,4.5,5.5,44100,VISHGUARD
lot23_en_fraud_2208,lot23_en_fraud_2208.wav,spoof,1.0,5.0,6.0,44100,VISHGUARD
lot23_en_fraud_2208,lot23_en_fraud_2208.wav,spoof,1.0,5.5,6.5,44100,VISHGUARD
lot23_en_fraud_2208,lot23_en_fraud_2208.wav,spoof,1.0,6.0,7.0,44100,VISHGUARD
lot23_en_fraud_2208,lot23_en_fraud_2208.wav,spoof,1.0,6.5,7.5,44100,VISHGUARD
lot23_en_fraud_2208,lot23_en_fraud_2208.wav,spoof,1.0,7.0,8.0,44100,VISHGUARD
lot23_en_fraud_2208,lot23_en_fraud_2208.wav,spoof,1.0,7.5,8.5,44100,VISHGUARD
lot23_en_fraud_2208,lot23_en_fraud_2208.wav,spoof,1.0,8.0,9.0,44100,VISHGUARD
lot23_en_fraud_2208,lot23_en_fraud_2208.wav,spoof,1.0,8.5,9.5,44100,VISHGUARD
lot23_en_fraud_2208,lot23_en_fraud_2208.wav,spoof,1.0,9.0,10.0,44100,VISHGUARD
lot23_en_fraud_2208,lot23_en_fraud_2208.wav,spoof,1.0,9.5,10.5,44100,VISHGUARD
lot23_en_fraud_2208,lot23_en_fraud_2208.wav,spoof,1.0,10.0,11.0,44100,VISHGUARD
lot23_en_fraud_2208,lot23_en_fraud_2208.wav,spoof,1.0,10.5,11.5,44100,VISHGUARD
lot23_en_fraud_2208,lot23_en_fraud_2208.wav,spoof,1.0,11.0,12.0,44100,VISHGUARD
lot23_en_fraud_2208,lot23_en_fraud_2208.wav,spoof,1.0,11.5,12.5,44100,VISHGUARD
lot23_en_fraud_2208,lot23_en_fraud_2208.wav,spoof,1.0,12.0,13.0,44100,VISHGUARD
lot23_en_fraud_2208,lot23_en_fraud_2208.wav,spoof,1.0,12.5,13.5,44100,VISHGUARD
lot23_en_fraud_2208,lot23_en_fraud_2208.wav,spoof,1.0,13.0,14.0,44100,VISHGUARD
lot23_en_fraud_2208,lot23_en_fraud_2208.wav,spoof,1.0,13.5,14.5,44100,VISHGUARD
lot23_en_fraud_2208,lot23_en_fraud_2208.wav,spoof,1.0,14.0,15.0,44100,VISHGUARD
lot23_en_fraud_2208,lot23_en_fraud_2208.wav,spoof,1.0,14.5,15.5,44100,VISHGUARD
lot23_en_fraud_2208,lot23_en_fraud_2208.wav,spoof,1.0,15.0,16.0,44100,VISHGUARD
lot23_en_fraud_2208,lot23_en_fraud_2208.wav,spoof,1.0,15.5,16.5,44100,VISHGUARD
lot23_en_fraud_2208,lot23_en_fraud_2208.wav,spoof,1.0,16.0,17.0,44100,VISHGUARD
lot23_en_fraud_2208,lot23_en_fraud_2208.wav,spoof,1.0,16.5,17.5,44100,VISHGUARD
lot23_en_fraud_2208,lot23_en_fraud_2208.wav,spoof,1.0,17.0,18.0,44100,VISHGUARD
lot23_en_fraud_2208,lot23_en_fraud_2208.wav,spoof,1.0,17.5,18.5,44100,VISHGUARD
lot23_en_fraud_2208,lot23_en_fraud_2208.wav,spoof,1.0,18.0,19.0,44100,VISHGUARD
lot23_en_fraud_2208,lot23_en_fraud_2208.wav,spoof,1.0,18.5,19.5,44100,VISHGUARD
lot23_en_fraud_2208,lot23_en_fraud_2208.wav,spoof,1.0,19.0,20.0,44100,VISHGUARD
lot23_en_fraud_2208,lot23_en_fraud_2208.wav,spoof,1.0,19.5,20.5,44100,VISHGUARD
lot23_en_fraud_2208,lot23_en_fraud_2208.wav,spoof,1.0,20.0,21.0,44100,VISHGUARD
lot23_en_fraud_2208,lot23_en_fraud_2208.wav,spoof,1.0,20.5,21.5,44100,VISHGUARD
lot23_en_fraud_2208,lot23_en_fraud_2208.wav,spoof,1.0,21.0,22.0,44100,VISHGUARD
lot23_en_fraud_2208,lot23_en_fraud_2208.wav,spoof,1.0,21.5,22.5,44100,VISHGUARD
lot23_en_fraud_2208,lot23_en_fraud_2208.wav,spoof,1.0,22.0,23.0,44100,VISHGUARD
lot23_en_fraud_2208,lot23_en_fraud_2208.wav,spoof,1.0,22.5,23.5,44100,VISHGUARD
lot23_en_fraud_2208,lot23_en_fraud_2208.wav,spoof,1.0,23.0,24.0,44100,VISHGUARD
lot23_en_fraud_2208,lot23_en_fraud_2208.wav,spoof,1.0,23.5,24.5,44100,VISHGUARD
lot23_en_fraud_2208,lot23_en_fraud_2208.wav,spoof,1.0,24.0,25.0,44100,VISHGUARD
lot23_en_fraud_2208,lot23_en_fraud_2208.wav,spoof,1.0,24.5,25.5,44100,VISHGUARD
lot23_en_fraud_2208,lot23_en_fraud_2208.wav,spoof,1.0,25.0,26.0,44100,VISHGUARD
lot23_en_fraud_2208,lot23_en_fraud_2208.wav,spoof,1.0,25.5,26.5,44100,VISHGUARD
lot23_en_fraud_2208,lot23_en_fraud_2208.wav,spoof,1.0,26.0,27.0,44100,VISHGUARD
lot23_en_fraud_2286,lot23_en_fraud_2286.wav,spoof,1.0,0.0,1.0,44100,VISHGUARD
lot23_en_fraud_2286,lot23_en_fraud_2286.wav,spoof,1.0,0.5,1.5,44100,VISHGUARD
lot23_en_fraud_2286,lot23_en_fraud_2286.wav,spoof,1.0,1.0,2.0,44100,VISHGUARD
lot23_en_fraud_2286,lot23_en_fraud_2286.wav,spoof,1.0,1.5,2.5,44100,VISHGUARD
lot23_en_fraud_2286,lot23_en_fraud_2286.wav,spoof,1.0,2.0,3.0,44100,VISHGUARD
lot23_en_fraud_2286,lot23_en_fraud_2286.wav,spoof,1.0,2.5,3.5,44100,VISHGUARD
lot23_en_fraud_2286,lot23_en_fraud_2286.wav,spoof,1.0,3.0,4.0,44100,VISHGUARD
lot23_en_fraud_2286,lot23_en_fraud_2286.wav,spoof,1.0,3.5,4.5,44100,VISHGUARD
lot23_en_fraud_2286,lot23_en_fraud_2286.wav,spoof,1.0,4.0,5.0,44100,VISHGUARD
lot23_en_fraud_2286,lot23_en_fraud_2286.wav,spoof,1.0,4.5,5.5,44100,VISHGUARD
lot23_en_fraud_2286,lot23_en_fraud_2286.wav,spoof,1.0,5.0,6.0,44100,VISHGUARD
lot23_en_fraud_2286,lot23_en_fraud_2286.wav,spoof,1.0,5.5,6.5,44100,VISHGUARD
lot23_en_fraud_2286,lot23_en_fraud_2286.wav,spoof,1.0,6.0,7.0,44100,VISHGUARD
lot23_en_fraud_2286,lot23_en_fraud_2286.wav,spoof,1.0,6.5,7.5,44100,VISHGUARD
lot23_en_fraud_2286,lot23_en_fraud_2286.wav,spoof,1.0,7.0,8.0,44100,VISHGUARD
lot23_en_fraud_2286,lot23_en_fraud_2286.wav,spoof,1.0,7.5,8.5,44100,VISHGUARD
lot23_en_fraud_2286,lot23_en_fraud_2286.wav,spoof,1.0,8.0,9.0,44100,VISHGUARD
lot23_en_fraud_2286,lot23_en_fraud_2286.wav,spoof,1.0,8.5,9.5,44100,VISHGUARD
lot23_en_fraud_2286,lot23_en_fraud_2286.wav,spoof,1.0,9.0,10.0,44100,VISHGUARD
lot23_en_fraud_2286,lot23_en_fraud_2286.wav,spoof,1.0,9.5,10.5,44100,VISHGUARD
lot23_en_fraud_2286,lot23_en_fraud_2286.wav,spoof,1.0,10.0,11.0,44100,VISHGUARD
lot23_en_fraud_2286,lot23_en_fraud_2286.wav,spoof,1.0,10.5,11.5,44100,VISHGUARD
lot23_en_fraud_2286,lot23_en_fraud_2286.wav,spoof,1.0,11.0,12.0,44100,VISHGUARD
lot23_en_fraud_2286,lot23_en_fraud_2286.wav,spoof,1.0,11.5,12.5,44100,VISHGUARD
lot23_en_fraud_2286,lot23_en_fraud_2286.wav,spoof,1.0,12.0,13.0,44100,VISHGUARD
lot23_en_fraud_2286,lot23_en_fraud_2286.wav,spoof,1.0,12.5,13.5,44100,VISHGUARD
lot23_en_fraud_2286,lot23_en_fraud_2286.wav,spoof,1.0,13.0,14.0,44100,VISHGUARD
lot23_en_fraud_2286,lot23_en_fraud_2286.wav,spoof,1.0,13.5,14.5,44100,VISHGUARD
lot23_en_fraud_2286,lot23_en_fraud_2286.wav,spoof,1.0,14.0,15.0,44100,VISHGUARD
lot23_en_fraud_2286,lot23_en_fraud_2286.wav,spoof,1.0,14.5,15.5,44100,VISHGUARD
lot23_en_fraud_2286,lot23_en_fraud_2286.wav,spoof,1.0,15.0,16.0,44100,VISHGUARD
lot23_en_fraud_2286,lot23_en_fraud_2286.wav,spoof,1.0,15.5,16.5,44100,VISHGUARD
lot23_en_fraud_2286,lot23_en_fraud_2286.wav,spoof,1.0,16.0,17.0,44100,VISHGUARD
lot23_en_fraud_2286,lot23_en_fraud_2286.wav,spoof,1.0,16.5,17.5,44100,VISHGUARD
lot23_en_fraud_2286,lot23_en_fraud_2286.wav,spoof,1.0,17.0,18.0,44100,VISHGUARD
lot23_en_fraud_2286,lot23_en_fraud_2286.wav,spoof,1.0,17.5,18.5,44100,VISHGUARD
lot23_en_fraud_2286,lot23_en_fraud_2286.wav,spoof,1.0,18.0,19.0,44100,VISHGUARD
lot23_en_fraud_2286,lot23_en_fraud_2286.wav,spoof,1.0,18.5,19.5,44100,VISHGUARD
lot23_en_fraud_2286,lot23_en_fraud_2286.wav,spoof,1.0,19.0,20.0,44100,VISHGUARD
lot23_en_fraud_2286,lot23_en_fraud_2286.wav,spoof,1.0,19.5,20.5,44100,VISHGUARD
lot23_en_fraud_2286,lot23_en_fraud_2286.wav,spoof,1.0,20.0,21.0,44100,VISHGUARD
lot23_en_fraud_2286,lot23_en_fraud_2286.wav,spoof,1.0,20.5,21.5,44100,VISHGUARD
lot23_en_fraud_2286,lot23_en_fraud_2286.wav,spoof,1.0,21.0,22.0,44100,VISHGUARD
lot23_en_fraud_2286,lot23_en_fraud_2286.wav,spoof,1.0,21.5,22.5,44100,VISHGUARD
lot23_en_fraud_2286,lot23_en_fraud_2286.wav,spoof,1.0,22.0,23.0,44100,VISHGUARD
lot23_en_fraud_2286,lot23_en_fraud_2286.wav,spoof,1.0,22.5,23.5,44100,VISHGUARD
lot23_en_fraud_2286,lot23_en_fraud_2286.wav,spoof,1.0,23.0,24.0,44100,VISHGUARD
lot23_en_fraud_2286,lot23_en_fraud_2286.wav,spoof,1.0,23.5,24.5,44100,VISHGUARD
lot23_en_fraud_2286,lot23_en_fraud_2286.wav,spoof,1.0,24.0,25.0,44100,VISHGUARD
lot23_en_fraud_2286,lot23_en_fraud_2286.wav,spoof,1.0,24.5,25.5,44100,VISHGUARD
lot23_en_fraud_2286,lot23_en_fraud_2286.wav,spoof,1.0,25.0,26.0,44100,VISHGUARD
lot23_en_fraud_2286,lot23_en_fraud_2286.wav,spoof,1.0,25.5,26.5,44100,VISHGUARD
lot2_en_fraud_145b,lot2_en_fraud_145b.wav,spoof,1.0,0.0,1.0,24000,VISHGUARD
lot2_en_fraud_145b,lot2_en_fraud_145b.wav,spoof,1.0,0.5,1.5,24000,VISHGUARD
lot2_en_fraud_145b,lot2_en_fraud_145b.wav,spoof,1.0,1.0,2.0,24000,VISHGUARD
lot2_en_fraud_145b,lot2_en_fraud_145b.wav,spoof,1.0,1.5,2.5,24000,VISHGUARD
lot2_en_fraud_145b,lot2_en_fraud_145b.wav,spoof,1.0,2.0,3.0,24000,VISHGUARD
lot2_en_fraud_145b,lot2_en_fraud_145b.wav,spoof,1.0,2.5,3.5,24000,VISHGUARD
lot2_en_fraud_145b,lot2_en_fraud_145b.wav,spoof,1.0,3.0,4.0,24000,VISHGUARD
lot2_en_fraud_145b,lot2_en_fraud_145b.wav,spoof,1.0,3.5,4.5,24000,VISHGUARD
lot2_en_fraud_145b,lot2_en_fraud_145b.wav,spoof,1.0,4.0,5.0,24000,VISHGUARD
lot2_en_fraud_145b,lot2_en_fraud_145b.wav,spoof,1.0,4.5,5.5,24000,VISHGUARD
lot2_en_fraud_145b,lot2_en_fraud_145b.wav,spoof,1.0,5.0,6.0,24000,VISHGUARD
lot2_en_fraud_145b,lot2_en_fraud_145b.wav,spoof,1.0,5.5,6.5,24000,VISHGUARD
lot2_en_fraud_145b,lot2_en_fraud_145b.wav,spoof,1.0,6.0,7.0,24000,VISHGUARD
lot2_en_fraud_145b,lot2_en_fraud_145b.wav,spoof,1.0,6.5,7.5,24000,VISHGUARD
lot2_en_fraud_145b,lot2_en_fraud_145b.wav,spoof,1.0,7.0,8.0,24000,VISHGUARD
lot2_en_fraud_145b,lot2_en_fraud_145b.wav,spoof,1.0,7.5,8.5,24000,VISHGUARD
lot2_en_fraud_145b,lot2_en_fraud_145b.wav,spoof,1.0,8.0,9.0,24000,VISHGUARD
lot2_en_fraud_145b,lot2_en_fraud_145b.wav,spoof,1.0,8.5,9.5,24000,VISHGUARD
lot2_en_fraud_145b,lot2_en_fraud_145b.wav,spoof,1.0,9.0,10.0,24000,VISHGUARD
lot2_en_fraud_145b,lot2_en_fraud_145b.wav,spoof,1.0,9.5,10.5,24000,VISHGUARD
lot2_en_fraud_145b,lot2_en_fraud_145b.wav,spoof,1.0,10.0,11.0,24000,VISHGUARD
lot2_en_fraud_145b,lot2_en_fraud_145b.wav,spoof,1.0,10.5,11.5,24000,VISHGUARD
lot2_en_fraud_145b,lot2_en_fraud_145b.wav,spoof,1.0,11.0,12.0,24000,VISHGUARD
lot2_en_fraud_145b,lot2_en_fraud_145b.wav,spoof,1.0,11.5,12.5,24000,VISHGUARD
lot2_en_fraud_145b,lot2_en_fraud_145b.wav,spoof,1.0,12.0,13.0,24000,VISHGUARD
lot2_en_fraud_145b,lot2_en_fraud_145b.wav,spoof,1.0,12.5,13.5,24000,VISHGUARD
lot2_en_fraud_145b,lot2_en_fraud_145b.wav,spoof,1.0,13.0,14.0,24000,VISHGUARD
lot2_en_fraud_145b,lot2_en_fraud_145b.wav,spoof,1.0,13.5,14.5,24000,VISHGUARD
lot2_en_fraud_145b,lot2_en_fraud_145b.wav,spoof,1.0,14.0,15.0,24000,VISHGUARD
lot2_en_fraud_145b,lot2_en_fraud_145b.wav,spoof,1.0,14.5,15.5,24000,VISHGUARD
lot2_en_fraud_145b,lot2_en_fraud_145b.wav,spoof,1.0,15.0,16.0,24000,VISHGUARD
lot2_en_fraud_145b,lot2_en_fraud_145b.wav,spoof,1.0,15.5,16.5,24000,VISHGUARD
lot2_en_fraud_145b,lot2_en_fraud_145b.wav,spoof,1.0,16.0,17.0,24000,VISHGUARD
lot2_en_fraud_145b,lot2_en_fraud_145b.wav,spoof,1.0,16.5,17.5,24000,VISHGUARD
lot2_en_fraud_145b,lot2_en_fraud_145b.wav,spoof,1.0,17.0,18.0,24000,VISHGUARD
lot2_en_fraud_145b,lot2_en_fraud_145b.wav,spoof,1.0,17.5,18.5,24000,VISHGUARD
lot2_en_fraud_145b,lot2_en_fraud_145b.wav,spoof,1.0,18.0,19.0,24000,VISHGUARD
lot2_en_fraud_145b,lot2_en_fraud_145b.wav,spoof,1.0,18.5,19.5,24000,VISHGUARD
lot2_en_fraud_145b,lot2_en_fraud_145b.wav,spoof,1.0,19.0,20.0,24000,VISHGUARD
lot2_en_fraud_145b,lot2_en_fraud_145b.wav,spoof,1.0,19.5,20.5,24000,VISHGUARD
lot2_en_fraud_145b,lot2_en_fraud_145b.wav,spoof,1.0,20.0,21.0,24000,VISHGUARD
lot2_en_fraud_145b,lot2_en_fraud_145b.wav,spoof,1.0,20.5,21.5,24000,VISHGUARD
lot2_en_fraud_145b,lot2_en_fraud_145b.wav,spoof,1.0,21.0,22.0,24000,VISHGUARD
lot2_en_fraud_145b,lot2_en_fraud_145b.wav,spoof,1.0,21.5,22.5,24000,VISHGUARD
lot2_en_fraud_145b,lot2_en_fraud_145b.wav,spoof,1.0,22.0,23.0,24000,VISHGUARD
lot2_en_fraud_145b,lot2_en_fraud_145b.wav,spoof,1.0,22.5,23.5,24000,VISHGUARD
lot2_en_fraud_158,lot2_en_fraud_158.wav,spoof,1.0,0.0,1.0,24000,VISHGUARD
lot2_en_fraud_158,lot2_en_fraud_158.wav,spoof,1.0,0.5,1.5,24000,VISHGUARD
lot2_en_fraud_158,lot2_en_fraud_158.wav,spoof,1.0,1.0,2.0,24000,VISHGUARD
lot2_en_fraud_158,lot2_en_fraud_158.wav,spoof,1.0,1.5,2.5,24000,VISHGUARD
lot2_en_fraud_158,lot2_en_fraud_158.wav,spoof,1.0,2.0,3.0,24000,VISHGUARD
lot2_en_fraud_158,lot2_en_fraud_158.wav,spoof,1.0,2.5,3.5,24000,VISHGUARD
lot2_en_fraud_158,lot2_en_fraud_158.wav,spoof,1.0,3.0,4.0,24000,VISHGUARD
lot2_en_fraud_158,lot2_en_fraud_158.wav,spoof,1.0,3.5,4.5,24000,VISHGUARD
lot2_en_fraud_158,lot2_en_fraud_158.wav,spoof,1.0,4.0,5.0,24000,VISHGUARD
lot2_en_fraud_158,lot2_en_fraud_158.wav,spoof,1.0,4.5,5.5,24000,VISHGUARD
lot2_en_fraud_158,lot2_en_fraud_158.wav,spoof,1.0,5.0,6.0,24000,VISHGUARD
lot2_en_fraud_158,lot2_en_fraud_158.wav,spoof,1.0,5.5,6.5,24000,VISHGUARD
lot2_en_fraud_158,lot2_en_fraud_158.wav,spoof,1.0,6.0,7.0,24000,VISHGUARD
lot2_en_fraud_158,lot2_en_fraud_158.wav,spoof,1.0,6.5,7.5,24000,VISHGUARD
lot2_en_fraud_158,lot2_en_fraud_158.wav,spoof,1.0,7.0,8.0,24000,VISHGUARD
lot2_en_fraud_158,lot2_en_fraud_158.wav,spoof,1.0,7.5,8.5,24000,VISHGUARD
lot2_en_fraud_158,lot2_en_fraud_158.wav,spoof,1.0,8.0,9.0,24000,VISHGUARD
lot2_en_fraud_158,lot2_en_fraud_158.wav,spoof,1.0,8.5,9.5,24000,VISHGUARD
lot2_en_fraud_158,lot2_en_fraud_158.wav,spoof,1.0,9.0,10.0,24000,VISHGUARD
lot2_en_fraud_158,lot2_en_fraud_158.wav,spoof,1.0,9.5,10.5,24000,VISHGUARD
lot2_en_fraud_158,lot2_en_fraud_158.wav,spoof,1.0,10.0,11.0,24000,VISHGUARD
lot2_en_fraud_158,lot2_en_fraud_158.wav,spoof,1.0,10.5,11.5,24000,VISHGUARD
lot2_en_fraud_158,lot2_en_fraud_158.wav,spoof,1.0,11.0,12.0,24000,VISHGUARD
lot2_en_fraud_158,lot2_en_fraud_158.wav,spoof,1.0,11.5,12.5,24000,VISHGUARD
lot2_en_fraud_158,lot2_en_fraud_158.wav,spoof,1.0,12.0,13.0,24000,VISHGUARD
lot2_en_fraud_158,lot2_en_fraud_158.wav,spoof,1.0,12.5,13.5,24000,VISHGUARD
lot2_en_fraud_158,lot2_en_fraud_158.wav,spoof,1.0,13.0,14.0,24000,VISHGUARD
lot2_en_fraud_158,lot2_en_fraud_158.wav,spoof,1.0,13.5,14.5,24000,VISHGUARD
lot2_en_fraud_158,lot2_en_fraud_158.wav,spoof,1.0,14.0,15.0,24000,VISHGUARD
lot2_en_fraud_158,lot2_en_fraud_158.wav,spoof,1.0,14.5,15.5,24000,VISHGUARD
lot2_en_fraud_158,lot2_en_fraud_158.wav,spoof,1.0,15.0,16.0,24000,VISHGUARD
lot2_en_fraud_158,lot2_en_fraud_158.wav,spoof,1.0,15.5,16.5,24000,VISHGUARD
lot2_en_fraud_158,lot2_en_fraud_158.wav,spoof,1.0,16.0,17.0,24000,VISHGUARD
lot2_en_fraud_158,lot2_en_fraud_158.wav,spoof,1.0,16.5,17.5,24000,VISHGUARD
lot2_en_fraud_158,lot2_en_fraud_158.wav,spoof,1.0,17.0,18.0,24000,VISHGUARD
lot2_en_fraud_158,lot2_en_fraud_158.wav,spoof,1.0,17.5,18.5,24000,VISHGUARD
lot2_en_fraud_158,lot2_en_fraud_158.wav,spoof,1.0,18.0,19.0,24000,VISHGUARD
lot2_en_fraud_158,lot2_en_fraud_158.wav,spoof,1.0,18.5,19.5,24000,VISHGUARD
lot2_en_fraud_158,lot2_en_fraud_158.wav,spoof,1.0,19.0,20.0,24000,VISHGUARD
lot2_en_fraud_158,lot2_en_fraud_158.wav,spoof,1.0,19.5,20.5,24000,VISHGUARD
lot2_en_fraud_158,lot2_en_fraud_158.wav,spoof,1.0,20.0,21.0,24000,VISHGUARD
lot2_en_fraud_158,lot2_en_fraud_158.wav,spoof,1.0,20.5,21.5,24000,VISHGUARD
lot2_en_fraud_158,lot2_en_fraud_158.wav,spoof,1.0,21.0,22.0,24000,VISHGUARD
lot2_en_fraud_158,lot2_en_fraud_158.wav,spoof,1.0,21.5,22.5,24000,VISHGUARD
lot2_en_fraud_158,lot2_en_fraud_158.wav,spoof,1.0,22.0,23.0,24000,VISHGUARD
lot2_en_fraud_158,lot2_en_fraud_158.wav,spoof,1.0,22.5,23.5,24000,VISHGUARD
lot2_en_fraud_158,lot2_en_fraud_158.wav,spoof,1.0,23.0,24.0,24000,VISHGUARD
lot2_en_fraud_158,lot2_en_fraud_158.wav,spoof,1.0,23.5,24.5,24000,VISHGUARD
lot2_en_fraud_158,lot2_en_fraud_158.wav,spoof,1.0,24.0,25.0,24000,VISHGUARD
lot2_en_fraud_158,lot2_en_fraud_158.wav,spoof,1.0,24.5,25.5,24000,VISHGUARD
lot2_en_fraud_158,lot2_en_fraud_158.wav,spoof,1.0,25.0,26.0,24000,VISHGUARD
lot2_en_fraud_158,lot2_en_fraud_158.wav,spoof,1.0,25.5,26.5,24000,VISHGUARD
lot2_en_fraud_158,lot2_en_fraud_158.wav,spoof,1.0,26.0,27.0,24000,VISHGUARD
lot2_en_fraud_158,lot2_en_fraud_158.wav,spoof,1.0,26.5,27.5,24000,VISHGUARD
lot2_en_fraud_158,lot2_en_fraud_158.wav,spoof,1.0,27.0,28.0,24000,VISHGUARD
lot2_en_fraud_159b,lot2_en_fraud_159b.wav,spoof,1.0,0.0,1.0,24000,VISHGUARD
lot2_en_fraud_159b,lot2_en_fraud_159b.wav,spoof,1.0,0.5,1.5,24000,VISHGUARD
lot2_en_fraud_159b,lot2_en_fraud_159b.wav,spoof,1.0,1.0,2.0,24000,VISHGUARD
lot2_en_fraud_159b,lot2_en_fraud_159b.wav,spoof,1.0,1.5,2.5,24000,VISHGUARD
lot2_en_fraud_159b,lot2_en_fraud_159b.wav,spoof,1.0,2.0,3.0,24000,VISHGUARD
lot2_en_fraud_159b,lot2_en_fraud_159b.wav,spoof,1.0,2.5,3.5,24000,VISHGUARD
lot2_en_fraud_159b,lot2_en_fraud_159b.wav,spoof,1.0,3.0,4.0,24000,VISHGUARD
lot2_en_fraud_159b,lot2_en_fraud_159b.wav,spoof,1.0,3.5,4.5,24000,VISHGUARD
lot2_en_fraud_159b,lot2_en_fraud_159b.wav,spoof,1.0,4.0,5.0,24000,VISHGUARD
lot2_en_fraud_159b,lot2_en_fraud_159b.wav,spoof,1.0,4.5,5.5,24000,VISHGUARD
lot2_en_fraud_159b,lot2_en_fraud_159b.wav,spoof,1.0,5.0,6.0,24000,VISHGUARD
lot2_en_fraud_159b,lot2_en_fraud_159b.wav,spoof,1.0,5.5,6.5,24000,VISHGUARD
lot2_en_fraud_159b,lot2_en_fraud_159b.wav,spoof,1.0,6.0,7.0,24000,VISHGUARD
lot2_en_fraud_159b,lot2_en_fraud_159b.wav,spoof,1.0,6.5,7.5,24000,VISHGUARD
lot2_en_fraud_159b,lot2_en_fraud_159b.wav,spoof,1.0,7.0,8.0,24000,VISHGUARD
lot2_en_fraud_159b,lot2_en_fraud_159b.wav,spoof,1.0,7.5,8.5,24000,VISHGUARD
lot2_en_fraud_159b,lot2_en_fraud_159b.wav,spoof,1.0,8.0,9.0,24000,VISHGUARD
lot2_en_fraud_159b,lot2_en_fraud_159b.wav,spoof,1.0,8.5,9.5,24000,VISHGUARD
lot2_en_fraud_159b,lot2_en_fraud_159b.wav,spoof,1.0,9.0,10.0,24000,VISHGUARD
lot2_en_fraud_159b,lot2_en_fraud_159b.wav,spoof,1.0,9.5,10.5,24000,VISHGUARD
lot2_en_fraud_159b,lot2_en_fraud_159b.wav,spoof,1.0,10.0,11.0,24000,VISHGUARD
lot2_en_fraud_159b,lot2_en_fraud_159b.wav,spoof,1.0,10.5,11.5,24000,VISHGUARD
lot2_en_fraud_159b,lot2_en_fraud_159b.wav,spoof,1.0,11.0,12.0,24000,VISHGUARD
lot2_en_fraud_159b,lot2_en_fraud_159b.wav,spoof,1.0,11.5,12.5,24000,VISHGUARD
lot2_en_fraud_159b,lot2_en_fraud_159b.wav,spoof,1.0,12.0,13.0,24000,VISHGUARD
lot2_en_fraud_159b,lot2_en_fraud_159b.wav,spoof,1.0,12.5,13.5,24000,VISHGUARD
lot2_en_fraud_159b,lot2_en_fraud_159b.wav,spoof,1.0,13.0,14.0,24000,VISHGUARD
lot2_en_fraud_159b,lot2_en_fraud_159b.wav,spoof,1.0,13.5,14.5,24000,VISHGUARD
lot2_en_fraud_159b,lot2_en_fraud_159b.wav,spoof,1.0,14.0,15.0,24000,VISHGUARD
lot2_en_fraud_159b,lot2_en_fraud_159b.wav,spoof,1.0,14.5,15.5,24000,VISHGUARD
lot2_en_fraud_159b,lot2_en_fraud_159b.wav,spoof,1.0,15.0,16.0,24000,VISHGUARD
lot2_en_fraud_159b,lot2_en_fraud_159b.wav,spoof,1.0,15.5,16.5,24000,VISHGUARD
lot2_en_fraud_159b,lot2_en_fraud_159b.wav,spoof,1.0,16.0,17.0,24000,VISHGUARD
lot2_en_fraud_159b,lot2_en_fraud_159b.wav,spoof,1.0,16.5,17.5,24000,VISHGUARD
lot2_en_fraud_159b,lot2_en_fraud_159b.wav,spoof,1.0,17.0,18.0,24000,VISHGUARD
lot2_en_fraud_159b,lot2_en_fraud_159b.wav,spoof,1.0,17.5,18.5,24000,VISHGUARD
lot2_en_fraud_159b,lot2_en_fraud_159b.wav,spoof,1.0,18.0,19.0,24000,VISHGUARD
lot2_en_fraud_159b,lot2_en_fraud_159b.wav,spoof,1.0,18.5,19.5,24000,VISHGUARD
lot2_en_fraud_159b,lot2_en_fraud_159b.wav,spoof,1.0,19.0,20.0,24000,VISHGUARD
lot2_en_fraud_159b,lot2_en_fraud_159b.wav,spoof,1.0,19.5,20.5,24000,VISHGUARD
lot2_en_fraud_159b,lot2_en_fraud_159b.wav,spoof,1.0,20.0,21.0,24000,VISHGUARD
lot2_en_fraud_159b,lot2_en_fraud_159b.wav,spoof,1.0,20.5,21.5,24000,VISHGUARD
lot2_en_fraud_159b,lot2_en_fraud_159b.wav,spoof,1.0,21.0,22.0,24000,VISHGUARD
lot2_en_fraud_159b,lot2_en_fraud_159b.wav,spoof,1.0,21.5,22.5,24000,VISHGUARD
lot2_en_fraud_159b,lot2_en_fraud_159b.wav,spoof,1.0,22.0,23.0,24000,VISHGUARD
lot3_en_fraud_234,lot3_en_fraud_234.wav,spoof,1.0,0.0,1.0,44100,VISHGUARD
lot3_en_fraud_234,lot3_en_fraud_234.wav,spoof,1.0,0.5,1.5,44100,VISHGUARD
lot3_en_fraud_234,lot3_en_fraud_234.wav,spoof,1.0,1.0,2.0,44100,VISHGUARD
lot3_en_fraud_234,lot3_en_fraud_234.wav,spoof,1.0,1.5,2.5,44100,VISHGUARD
lot3_en_fraud_234,lot3_en_fraud_234.wav,spoof,1.0,2.0,3.0,44100,VISHGUARD
lot3_en_fraud_234,lot3_en_fraud_234.wav,spoof,1.0,2.5,3.5,44100,VISHGUARD
lot3_en_fraud_234,lot3_en_fraud_234.wav,spoof,1.0,3.0,4.0,44100,VISHGUARD
lot3_en_fraud_234,lot3_en_fraud_234.wav,spoof,1.0,3.5,4.5,44100,VISHGUARD
lot3_en_fraud_234,lot3_en_fraud_234.wav,spoof,1.0,4.0,5.0,44100,VISHGUARD
lot3_en_fraud_234,lot3_en_fraud_234.wav,spoof,1.0,4.5,5.5,44100,VISHGUARD
lot3_en_fraud_234,lot3_en_fraud_234.wav,spoof,1.0,5.0,6.0,44100,VISHGUARD
lot3_en_fraud_234,lot3_en_fraud_234.wav,spoof,1.0,5.5,6.5,44100,VISHGUARD
lot3_en_fraud_234,lot3_en_fraud_234.wav,spoof,1.0,6.0,7.0,44100,VISHGUARD
lot3_en_fraud_234,lot3_en_fraud_234.wav,spoof,1.0,6.5,7.5,44100,VISHGUARD
lot3_en_fraud_234,lot3_en_fraud_234.wav,spoof,1.0,7.0,8.0,44100,VISHGUARD
lot3_en_fraud_234,lot3_en_fraud_234.wav,spoof,1.0,7.5,8.5,44100,VISHGUARD
lot3_en_fraud_234,lot3_en_fraud_234.wav,spoof,1.0,8.0,9.0,44100,VISHGUARD
lot3_en_fraud_234,lot3_en_fraud_234.wav,spoof,1.0,8.5,9.5,44100,VISHGUARD
lot3_en_fraud_234,lot3_en_fraud_234.wav,spoof,1.0,9.0,10.0,44100,VISHGUARD
lot3_en_fraud_234,lot3_en_fraud_234.wav,spoof,1.0,9.5,10.5,44100,VISHGUARD
lot3_en_fraud_234,lot3_en_fraud_234.wav,spoof,1.0,10.0,11.0,44100,VISHGUARD
lot3_en_fraud_234,lot3_en_fraud_234.wav,spoof,1.0,10.5,11.5,44100,VISHGUARD
lot3_en_fraud_234,lot3_en_fraud_234.wav,spoof,1.0,11.0,12.0,44100,VISHGUARD
lot3_en_fraud_234,lot3_en_fraud_234.wav,spoof,1.0,11.5,12.5,44100,VISHGUARD
lot3_en_fraud_234,lot3_en_fraud_234.wav,spoof,1.0,12.0,13.0,44100,VISHGUARD
lot3_en_fraud_234,lot3_en_fraud_234.wav,spoof,1.0,12.5,13.5,44100,VISHGUARD
lot3_en_fraud_234,lot3_en_fraud_234.wav,spoof,1.0,13.0,14.0,44100,VISHGUARD
lot3_en_fraud_234,lot3_en_fraud_234.wav,spoof,1.0,13.5,14.5,44100,VISHGUARD
lot3_en_fraud_234,lot3_en_fraud_234.wav,spoof,1.0,14.0,15.0,44100,VISHGUARD
lot3_en_fraud_234,lot3_en_fraud_234.wav,spoof,1.0,14.5,15.5,44100,VISHGUARD
lot3_en_fraud_234,lot3_en_fraud_234.wav,spoof,1.0,15.0,16.0,44100,VISHGUARD
lot3_en_fraud_234,lot3_en_fraud_234.wav,spoof,1.0,15.5,16.5,44100,VISHGUARD
lot3_en_fraud_234,lot3_en_fraud_234.wav,spoof,1.0,16.0,17.0,44100,VISHGUARD
lot3_en_fraud_234,lot3_en_fraud_234.wav,spoof,1.0,16.5,17.5,44100,VISHGUARD
lot3_en_fraud_234,lot3_en_fraud_234.wav,spoof,1.0,17.0,18.0,44100,VISHGUARD
lot3_en_fraud_234,lot3_en_fraud_234.wav,spoof,1.0,17.5,18.5,44100,VISHGUARD
lot3_en_fraud_234,lot3_en_fraud_234.wav,spoof,1.0,18.0,19.0,44100,VISHGUARD
lot3_en_fraud_234,lot3_en_fraud_234.wav,spoof,1.0,18.5,19.5,44100,VISHGUARD
lot3_en_fraud_234,lot3_en_fraud_234.wav,spoof,1.0,19.0,20.0,44100,VISHGUARD
lot3_en_fraud_234,lot3_en_fraud_234.wav,spoof,1.0,19.5,20.5,44100,VISHGUARD
lot3_en_fraud_234,lot3_en_fraud_234.wav,spoof,1.0,20.0,21.0,44100,VISHGUARD
lot3_en_fraud_234,lot3_en_fraud_234.wav,spoof,1.0,20.5,21.5,44100,VISHGUARD
lot3_en_fraud_234,lot3_en_fraud_234.wav,spoof,1.0,21.0,22.0,44100,VISHGUARD
lot3_en_fraud_234,lot3_en_fraud_234.wav,spoof,1.0,21.5,22.5,44100,VISHGUARD
lot3_en_fraud_234,lot3_en_fraud_234.wav,spoof,1.0,22.0,23.0,44100,VISHGUARD
lot3_en_fraud_234,lot3_en_fraud_234.wav,spoof,1.0,22.5,23.5,44100,VISHGUARD
lot3_en_fraud_234,lot3_en_fraud_234.wav,spoof,1.0,23.0,24.0,44100,VISHGUARD
lot3_en_fraud_234,lot3_en_fraud_234.wav,spoof,1.0,23.5,24.5,44100,VISHGUARD
lot3_en_fraud_234,lot3_en_fraud_234.wav,spoof,1.0,24.0,25.0,44100,VISHGUARD
lot3_en_fraud_264,lot3_en_fraud_264.wav,spoof,1.0,0.0,1.0,24000,VISHGUARD
lot3_en_fraud_264,lot3_en_fraud_264.wav,spoof,1.0,0.5,1.5,24000,VISHGUARD
lot3_en_fraud_264,lot3_en_fraud_264.wav,spoof,1.0,1.0,2.0,24000,VISHGUARD
lot3_en_fraud_264,lot3_en_fraud_264.wav,spoof,1.0,1.5,2.5,24000,VISHGUARD
lot3_en_fraud_264,lot3_en_fraud_264.wav,spoof,1.0,2.0,3.0,24000,VISHGUARD
lot3_en_fraud_264,lot3_en_fraud_264.wav,spoof,1.0,2.5,3.5,24000,VISHGUARD
lot3_en_fraud_264,lot3_en_fraud_264.wav,spoof,1.0,3.0,4.0,24000,VISHGUARD
lot3_en_fraud_264,lot3_en_fraud_264.wav,spoof,1.0,3.5,4.5,24000,VISHGUARD
lot3_en_fraud_264,lot3_en_fraud_264.wav,spoof,1.0,4.0,5.0,24000,VISHGUARD
lot3_en_fraud_264,lot3_en_fraud_264.wav,spoof,1.0,4.5,5.5,24000,VISHGUARD
lot3_en_fraud_264,lot3_en_fraud_264.wav,spoof,1.0,5.0,6.0,24000,VISHGUARD
lot3_en_fraud_264,lot3_en_fraud_264.wav,spoof,1.0,5.5,6.5,24000,VISHGUARD
lot3_en_fraud_264,lot3_en_fraud_264.wav,spoof,1.0,6.0,7.0,24000,VISHGUARD
lot3_en_fraud_264,lot3_en_fraud_264.wav,spoof,1.0,6.5,7.5,24000,VISHGUARD
lot3_en_fraud_264,lot3_en_fraud_264.wav,spoof,1.0,7.0,8.0,24000,VISHGUARD
lot3_en_fraud_264,lot3_en_fraud_264.wav,spoof,1.0,7.5,8.5,24000,VISHGUARD
lot3_en_fraud_264,lot3_en_fraud_264.wav,spoof,1.0,8.0,9.0,24000,VISHGUARD
lot3_en_fraud_264,lot3_en_fraud_264.wav,spoof,1.0,8.5,9.5,24000,VISHGUARD
lot3_en_fraud_264,lot3_en_fraud_264.wav,spoof,1.0,9.0,10.0,24000,VISHGUARD
lot3_en_fraud_264,lot3_en_fraud_264.wav,spoof,1.0,9.5,10.5,24000,VISHGUARD
lot3_en_fraud_264,lot3_en_fraud_264.wav,spoof,1.0,10.0,11.0,24000,VISHGUARD
lot3_en_fraud_264,lot3_en_fraud_264.wav,spoof,1.0,10.5,11.5,24000,VISHGUARD
lot3_en_fraud_264,lot3_en_fraud_264.wav,spoof,1.0,11.0,12.0,24000,VISHGUARD
lot3_en_fraud_264,lot3_en_fraud_264.wav,spoof,1.0,11.5,12.5,24000,VISHGUARD
lot3_en_fraud_264,lot3_en_fraud_264.wav,spoof,1.0,12.0,13.0,24000,VISHGUARD
lot3_en_fraud_264,lot3_en_fraud_264.wav,spoof,1.0,12.5,13.5,24000,VISHGUARD
lot3_en_fraud_264,lot3_en_fraud_264.wav,spoof,1.0,13.0,14.0,24000,VISHGUARD
lot3_en_fraud_264,lot3_en_fraud_264.wav,spoof,1.0,13.5,14.5,24000,VISHGUARD
lot3_en_fraud_264,lot3_en_fraud_264.wav,spoof,1.0,14.0,15.0,24000,VISHGUARD
lot3_en_fraud_264,lot3_en_fraud_264.wav,spoof,1.0,14.5,15.5,24000,VISHGUARD
lot3_en_fraud_264,lot3_en_fraud_264.wav,spoof,1.0,15.0,16.0,24000,VISHGUARD
lot3_en_fraud_264,lot3_en_fraud_264.wav,spoof,1.0,15.5,16.5,24000,VISHGUARD
lot3_en_fraud_264,lot3_en_fraud_264.wav,spoof,1.0,16.0,17.0,24000,VISHGUARD
lot3_en_fraud_264,lot3_en_fraud_264.wav,spoof,1.0,16.5,17.5,24000,VISHGUARD
lot3_en_fraud_264,lot3_en_fraud_264.wav,spoof,1.0,17.0,18.0,24000,VISHGUARD
lot3_en_fraud_264,lot3_en_fraud_264.wav,spoof,1.0,17.5,18.5,24000,VISHGUARD
lot3_en_fraud_264,lot3_en_fraud_264.wav,spoof,1.0,18.0,19.0,24000,VISHGUARD
lot3_en_fraud_264,lot3_en_fraud_264.wav,spoof,1.0,18.5,19.5,24000,VISHGUARD
lot3_en_fraud_264,lot3_en_fraud_264.wav,spoof,1.0,19.0,20.0,24000,VISHGUARD
lot3_en_fraud_264,lot3_en_fraud_264.wav,spoof,1.0,19.5,20.5,24000,VISHGUARD
lot3_en_fraud_264,lot3_en_fraud_264.wav,spoof,1.0,20.0,21.0,24000,VISHGUARD
lot3_en_fraud_264,lot3_en_fraud_264.wav,spoof,1.0,20.5,21.5,24000,VISHGUARD
lot3_en_fraud_264,lot3_en_fraud_264.wav,spoof,1.0,21.0,22.0,24000,VISHGUARD
lot3_en_fraud_264,lot3_en_fraud_264.wav,spoof,1.0,21.5,22.5,24000,VISHGUARD
lot3_en_fraud_264,lot3_en_fraud_264.wav,spoof,1.0,22.0,23.0,24000,VISHGUARD
lot3_en_fraud_264,lot3_en_fraud_264.wav,spoof,1.0,22.5,23.5,24000,VISHGUARD
lot3_en_fraud_264,lot3_en_fraud_264.wav,spoof,1.0,23.0,24.0,24000,VISHGUARD
lot3_en_fraud_264,lot3_en_fraud_264.wav,spoof,1.0,23.5,24.5,24000,VISHGUARD
lot3_en_fraud_264,lot3_en_fraud_264.wav,spoof,1.0,24.0,25.0,24000,VISHGUARD
lot3_en_fraud_264,lot3_en_fraud_264.wav,spoof,1.0,24.5,25.5,24000,VISHGUARD
lot11_en_legit_1034,lot11_en_legit_1034.wav,bonafide,1.0,0.0,1.0,24000,VISHGUARD
lot11_en_legit_1034,lot11_en_legit_1034.wav,bonafide,1.0,0.5,1.5,24000,VISHGUARD
lot11_en_legit_1034,lot11_en_legit_1034.wav,bonafide,1.0,1.0,2.0,24000,VISHGUARD
lot11_en_legit_1034,lot11_en_legit_1034.wav,bonafide,1.0,1.5,2.5,24000,VISHGUARD
lot11_en_legit_1034,lot11_en_legit_1034.wav,bonafide,1.0,2.0,3.0,24000,VISHGUARD
lot11_en_legit_1034,lot11_en_legit_1034.wav,bonafide,1.0,2.5,3.5,24000,VISHGUARD
lot11_en_legit_1034,lot11_en_legit_1034.wav,bonafide,1.0,3.0,4.0,24000,VISHGUARD
lot11_en_legit_1034,lot11_en_legit_1034.wav,bonafide,1.0,3.5,4.5,24000,VISHGUARD
lot11_en_legit_1034,lot11_en_legit_1034.wav,bonafide,1.0,4.0,5.0,24000,VISHGUARD
lot11_en_legit_1034,lot11_en_legit_1034.wav,bonafide,1.0,4.5,5.5,24000,VISHGUARD
lot11_en_legit_1034,lot11_en_legit_1034.wav,bonafide,1.0,5.0,6.0,24000,VISHGUARD
lot11_en_legit_1034,lot11_en_legit_1034.wav,bonafide,1.0,5.5,6.5,24000,VISHGUARD
lot11_en_legit_1034,lot11_en_legit_1034.wav,bonafide,1.0,6.0,7.0,24000,VISHGUARD
lot11_en_legit_1034,lot11_en_legit_1034.wav,bonafide,1.0,6.5,7.5,24000,VISHGUARD
lot11_en_legit_1034,lot11_en_legit_1034.wav,bonafide,1.0,7.0,8.0,24000,VISHGUARD
lot11_en_legit_1034,lot11_en_legit_1034.wav,bonafide,1.0,7.5,8.5,24000,VISHGUARD
lot11_en_legit_1034,lot11_en_legit_1034.wav,bonafide,1.0,8.0,9.0,24000,VISHGUARD
lot11_en_legit_1034,lot11_en_legit_1034.wav,bonafide,1.0,8.5,9.5,24000,VISHGUARD
lot11_en_legit_1034,lot11_en_legit_1034.wav,bonafide,1.0,9.0,10.0,24000,VISHGUARD
lot11_en_legit_1034,lot11_en_legit_1034.wav,bonafide,1.0,9.5,10.5,24000,VISHGUARD
lot11_en_legit_1034,lot11_en_legit_1034.wav,bonafide,1.0,10.0,11.0,24000,VISHGUARD
lot11_en_legit_1034,lot11_en_legit_1034.wav,bonafide,1.0,10.5,11.5,24000,VISHGUARD
lot11_en_legit_1034,lot11_en_legit_1034.wav,bonafide,1.0,11.0,12.0,24000,VISHGUARD
lot11_en_legit_1034,lot11_en_legit_1034.wav,bonafide,1.0,11.5,12.5,24000,VISHGUARD
lot11_en_legit_1034,lot11_en_legit_1034.wav,bonafide,1.0,12.0,13.0,24000,VISHGUARD
lot11_en_legit_1034,lot11_en_legit_1034.wav,bonafide,1.0,12.5,13.5,24000,VISHGUARD
lot11_en_legit_1034,lot11_en_legit_1034.wav,bonafide,1.0,13.0,14.0,24000,VISHGUARD
lot11_en_legit_1034,lot11_en_legit_1034.wav,bonafide,1.0,13.5,14.5,24000,VISHGUARD
lot11_en_legit_1034,lot11_en_legit_1034.wav,bonafide,1.0,14.0,15.0,24000,VISHGUARD
lot11_en_legit_1034,lot11_en_legit_1034.wav,bonafide,1.0,14.5,15.5,24000,VISHGUARD
lot11_en_legit_1034,lot11_en_legit_1034.wav,bonafide,1.0,15.0,16.0,24000,VISHGUARD
lot11_en_legit_1034,lot11_en_legit_1034.wav,bonafide,1.0,15.5,16.5,24000,VISHGUARD
lot12_en_legit_1119,lot12_en_legit_1119.wav,bonafide,1.0,0.0,1.0,24000,VISHGUARD
lot12_en_legit_1119,lot12_en_legit_1119.wav,bonafide,1.0,0.5,1.5,24000,VISHGUARD
lot12_en_legit_1119,lot12_en_legit_1119.wav,bonafide,1.0,1.0,2.0,24000,VISHGUARD
lot12_en_legit_1119,lot12_en_legit_1119.wav,bonafide,1.0,1.5,2.5,24000,VISHGUARD
lot12_en_legit_1119,lot12_en_legit_1119.wav,bonafide,1.0,2.0,3.0,24000,VISHGUARD
lot12_en_legit_1119,lot12_en_legit_1119.wav,bonafide,1.0,2.5,3.5,24000,VISHGUARD
lot12_en_legit_1119,lot12_en_legit_1119.wav,bonafide,1.0,3.0,4.0,24000,VISHGUARD
lot12_en_legit_1119,lot12_en_legit_1119.wav,bonafide,1.0,3.5,4.5,24000,VISHGUARD
lot12_en_legit_1119,lot12_en_legit_1119.wav,bonafide,1.0,4.0,5.0,24000,VISHGUARD
lot12_en_legit_1119,lot12_en_legit_1119.wav,bonafide,1.0,4.5,5.5,24000,VISHGUARD
lot12_en_legit_1119,lot12_en_legit_1119.wav,bonafide,1.0,5.0,6.0,24000,VISHGUARD
lot12_en_legit_1119,lot12_en_legit_1119.wav,bonafide,1.0,5.5,6.5,24000,VISHGUARD
lot12_en_legit_1119,lot12_en_legit_1119.wav,bonafide,1.0,6.0,7.0,24000,VISHGUARD
lot12_en_legit_1119,lot12_en_legit_1119.wav,bonafide,1.0,6.5,7.5,24000,VISHGUARD
lot12_en_legit_1119,lot12_en_legit_1119.wav,bonafide,1.0,7.0,8.0,24000,VISHGUARD
lot12_en_legit_1119,lot12_en_legit_1119.wav,bonafide,1.0,7.5,8.5,24000,VISHGUARD
lot12_en_legit_1119,lot12_en_legit_1119.wav,bonafide,1.0,8.0,9.0,24000,VISHGUARD
lot12_en_legit_1119,lot12_en_legit_1119.wav,bonafide,1.0,8.5,9.5,24000,VISHGUARD
lot12_en_legit_1119,lot12_en_legit_1119.wav,bonafide,1.0,9.0,10.0,24000,VISHGUARD
lot12_en_legit_1119,lot12_en_legit_1119.wav,bonafide,1.0,9.5,10.5,24000,VISHGUARD
lot12_en_legit_1119,lot12_en_legit_1119.wav,bonafide,1.0,10.0,11.0,24000,VISHGUARD
lot12_en_legit_1119,lot12_en_legit_1119.wav,bonafide,1.0,10.5,11.5,24000,VISHGUARD
lot12_en_legit_1119,lot12_en_legit_1119.wav,bonafide,1.0,11.0,12.0,24000,VISHGUARD
lot12_en_legit_1119,lot12_en_legit_1119.wav,bonafide,1.0,11.5,12.5,24000,VISHGUARD
lot12_en_legit_1119,lot12_en_legit_1119.wav,bonafide,1.0,12.0,13.0,24000,VISHGUARD
lot12_en_legit_1119,lot12_en_legit_1119.wav,bonafide,1.0,12.5,13.5,24000,VISHGUARD
lot12_en_legit_1119,lot12_en_legit_1119.wav,bonafide,1.0,13.0,14.0,24000,VISHGUARD
lot12_en_legit_1119,lot12_en_legit_1119.wav,bonafide,1.0,13.5,14.5,24000,VISHGUARD
lot12_en_legit_1119,lot12_en_legit_1119.wav,bonafide,1.0,14.0,15.0,24000,VISHGUARD
lot12_en_legit_1119,lot12_en_legit_1119.wav,bonafide,1.0,14.5,15.5,24000,VISHGUARD
lot12_en_legit_1119,lot12_en_legit_1119.wav,bonafide,1.0,15.0,16.0,24000,VISHGUARD
lot12_en_legit_1119,lot12_en_legit_1119.wav,bonafide,1.0,15.5,16.5,24000,VISHGUARD
lot13_en_legit_1219,lot13_en_legit_1219.wav,bonafide,1.0,0.0,1.0,24000,VISHGUARD
lot13_en_legit_1219,lot13_en_legit_1219.wav,bonafide,1.0,0.5,1.5,24000,VISHGUARD
lot13_en_legit_1219,lot13_en_legit_1219.wav,bonafide,1.0,1.0,2.0,24000,VISHGUARD
lot13_en_legit_1219,lot13_en_legit_1219.wav,bonafide,1.0,1.5,2.5,24000,VISHGUARD
lot13_en_legit_1219,lot13_en_legit_1219.wav,bonafide,1.0,2.0,3.0,24000,VISHGUARD
lot13_en_legit_1219,lot13_en_legit_1219.wav,bonafide,1.0,2.5,3.5,24000,VISHGUARD
lot13_en_legit_1219,lot13_en_legit_1219.wav,bonafide,1.0,3.0,4.0,24000,VISHGUARD
lot13_en_legit_1219,lot13_en_legit_1219.wav,bonafide,1.0,3.5,4.5,24000,VISHGUARD
lot13_en_legit_1219,lot13_en_legit_1219.wav,bonafide,1.0,4.0,5.0,24000,VISHGUARD
lot13_en_legit_1219,lot13_en_legit_1219.wav,bonafide,1.0,4.5,5.5,24000,VISHGUARD
lot13_en_legit_1219,lot13_en_legit_1219.wav,bonafide,1.0,5.0,6.0,24000,VISHGUARD
lot13_en_legit_1219,lot13_en_legit_1219.wav,bonafide,1.0,5.5,6.5,24000,VISHGUARD
lot13_en_legit_1219,lot13_en_legit_1219.wav,bonafide,1.0,6.0,7.0,24000,VISHGUARD
lot13_en_legit_1219,lot13_en_legit_1219.wav,bonafide,1.0,6.5,7.5,24000,VISHGUARD
lot13_en_legit_1219,lot13_en_legit_1219.wav,bonafide,1.0,7.0,8.0,24000,VISHGUARD
lot13_en_legit_1219,lot13_en_legit_1219.wav,bonafide,1.0,7.5,8.5,24000,VISHGUARD
lot13_en_legit_1219,lot13_en_legit_1219.wav,bonafide,1.0,8.0,9.0,24000,VISHGUARD
lot13_en_legit_1219,lot13_en_legit_1219.wav,bonafide,1.0,8.5,9.5,24000,VISHGUARD
lot13_en_legit_1219,lot13_en_legit_1219.wav,bonafide,1.0,9.0,10.0,24000,VISHGUARD
lot13_en_legit_1219,lot13_en_legit_1219.wav,bonafide,1.0,9.5,10.5,24000,VISHGUARD
lot13_en_legit_1219,lot13_en_legit_1219.wav,bonafide,1.0,10.0,11.0,24000,VISHGUARD
lot13_en_legit_1219,lot13_en_legit_1219.wav,bonafide,1.0,10.5,11.5,24000,VISHGUARD
lot13_en_legit_1219,lot13_en_legit_1219.wav,bonafide,1.0,11.0,12.0,24000,VISHGUARD
lot13_en_legit_1219,lot13_en_legit_1219.wav,bonafide,1.0,11.5,12.5,24000,VISHGUARD
lot13_en_legit_1219,lot13_en_legit_1219.wav,bonafide,1.0,12.0,13.0,24000,VISHGUARD
lot13_en_legit_1219,lot13_en_legit_1219.wav,bonafide,1.0,12.5,13.5,24000,VISHGUARD
lot13_en_legit_1219,lot13_en_legit_1219.wav,bonafide,1.0,13.0,14.0,24000,VISHGUARD
lot13_en_legit_1219,lot13_en_legit_1219.wav,bonafide,1.0,13.5,14.5,24000,VISHGUARD
lot13_en_legit_1219,lot13_en_legit_1219.wav,bonafide,1.0,14.0,15.0,24000,VISHGUARD
lot13_en_legit_1219,lot13_en_legit_1219.wav,bonafide,1.0,14.5,15.5,24000,VISHGUARD
lot13_en_legit_1219,lot13_en_legit_1219.wav,bonafide,1.0,15.0,16.0,24000,VISHGUARD
lot13_en_legit_1219,lot13_en_legit_1219.wav,bonafide,1.0,15.5,16.5,24000,VISHGUARD
lot13_en_legit_1219,lot13_en_legit_1219.wav,bonafide,1.0,16.0,17.0,24000,VISHGUARD
lot14_en_legit_1319,lot14_en_legit_1319.wav,bonafide,1.0,0.0,1.0,48000,VISHGUARD
lot14_en_legit_1319,lot14_en_legit_1319.wav,bonafide,1.0,0.5,1.5,48000,VISHGUARD
lot14_en_legit_1319,lot14_en_legit_1319.wav,bonafide,1.0,1.0,2.0,48000,VISHGUARD
lot14_en_legit_1319,lot14_en_legit_1319.wav,bonafide,1.0,1.5,2.5,48000,VISHGUARD
lot14_en_legit_1319,lot14_en_legit_1319.wav,bonafide,1.0,2.0,3.0,48000,VISHGUARD
lot14_en_legit_1319,lot14_en_legit_1319.wav,bonafide,1.0,2.5,3.5,48000,VISHGUARD
lot14_en_legit_1319,lot14_en_legit_1319.wav,bonafide,1.0,3.0,4.0,48000,VISHGUARD
lot14_en_legit_1319,lot14_en_legit_1319.wav,bonafide,1.0,3.5,4.5,48000,VISHGUARD
lot14_en_legit_1319,lot14_en_legit_1319.wav,bonafide,1.0,4.0,5.0,48000,VISHGUARD
lot14_en_legit_1319,lot14_en_legit_1319.wav,bonafide,1.0,4.5,5.5,48000,VISHGUARD
lot14_en_legit_1319,lot14_en_legit_1319.wav,bonafide,1.0,5.0,6.0,48000,VISHGUARD
lot14_en_legit_1319,lot14_en_legit_1319.wav,bonafide,1.0,5.5,6.5,48000,VISHGUARD
lot14_en_legit_1319,lot14_en_legit_1319.wav,bonafide,1.0,6.0,7.0,48000,VISHGUARD
lot14_en_legit_1319,lot14_en_legit_1319.wav,bonafide,1.0,6.5,7.5,48000,VISHGUARD
lot14_en_legit_1319,lot14_en_legit_1319.wav,bonafide,1.0,7.0,8.0,48000,VISHGUARD
lot14_en_legit_1319,lot14_en_legit_1319.wav,bonafide,1.0,7.5,8.5,48000,VISHGUARD
lot14_en_legit_1319,lot14_en_legit_1319.wav,bonafide,1.0,8.0,9.0,48000,VISHGUARD
lot14_en_legit_1319,lot14_en_legit_1319.wav,bonafide,1.0,8.5,9.5,48000,VISHGUARD
lot14_en_legit_1319,lot14_en_legit_1319.wav,bonafide,1.0,9.0,10.0,48000,VISHGUARD
lot14_en_legit_1319,lot14_en_legit_1319.wav,bonafide,1.0,9.5,10.5,48000,VISHGUARD
lot14_en_legit_1319,lot14_en_legit_1319.wav,bonafide,1.0,10.0,11.0,48000,VISHGUARD
lot14_en_legit_1319,lot14_en_legit_1319.wav,bonafide,1.0,10.5,11.5,48000,VISHGUARD
lot14_en_legit_1319,lot14_en_legit_1319.wav,bonafide,1.0,11.0,12.0,48000,VISHGUARD
lot14_en_legit_1319,lot14_en_legit_1319.wav,bonafide,1.0,11.5,12.5,48000,VISHGUARD
lot14_en_legit_1319,lot14_en_legit_1319.wav,bonafide,1.0,12.0,13.0,48000,VISHGUARD
lot14_en_legit_1319,lot14_en_legit_1319.wav,bonafide,1.0,12.5,13.5,48000,VISHGUARD
lot14_en_legit_1319,lot14_en_legit_1319.wav,bonafide,1.0,13.0,14.0,48000,VISHGUARD
lot14_en_legit_1319,lot14_en_legit_1319.wav,bonafide,1.0,13.5,14.5,48000,VISHGUARD
lot14_en_legit_1319,lot14_en_legit_1319.wav,bonafide,1.0,14.0,15.0,48000,VISHGUARD
lot14_en_legit_1319,lot14_en_legit_1319.wav,bonafide,1.0,14.5,15.5,48000,VISHGUARD
lot14_en_legit_1319,lot14_en_legit_1319.wav,bonafide,1.0,15.0,16.0,48000,VISHGUARD
lot14_en_legit_1319,lot14_en_legit_1319.wav,bonafide,1.0,15.5,16.5,48000,VISHGUARD
lot14_en_legit_1319,lot14_en_legit_1319.wav,bonafide,1.0,16.0,17.0,48000,VISHGUARD
lot14_en_legit_1319,lot14_en_legit_1319.wav,bonafide,1.0,16.5,17.5,48000,VISHGUARD
lot16_en_legit_1587,lot16_en_legit_1587.wav,bonafide,1.0,0.0,1.0,44100,VISHGUARD
lot16_en_legit_1587,lot16_en_legit_1587.wav,bonafide,1.0,0.5,1.5,44100,VISHGUARD
lot16_en_legit_1587,lot16_en_legit_1587.wav,bonafide,1.0,1.0,2.0,44100,VISHGUARD
lot16_en_legit_1587,lot16_en_legit_1587.wav,bonafide,1.0,1.5,2.5,44100,VISHGUARD
lot16_en_legit_1587,lot16_en_legit_1587.wav,bonafide,1.0,2.0,3.0,44100,VISHGUARD
lot16_en_legit_1587,lot16_en_legit_1587.wav,bonafide,1.0,2.5,3.5,44100,VISHGUARD
lot16_en_legit_1587,lot16_en_legit_1587.wav,bonafide,1.0,3.0,4.0,44100,VISHGUARD
lot16_en_legit_1587,lot16_en_legit_1587.wav,bonafide,1.0,3.5,4.5,44100,VISHGUARD
lot16_en_legit_1587,lot16_en_legit_1587.wav,bonafide,1.0,4.0,5.0,44100,VISHGUARD
lot16_en_legit_1587,lot16_en_legit_1587.wav,bonafide,1.0,4.5,5.5,44100,VISHGUARD
lot16_en_legit_1587,lot16_en_legit_1587.wav,bonafide,1.0,5.0,6.0,44100,VISHGUARD
lot16_en_legit_1587,lot16_en_legit_1587.wav,bonafide,1.0,5.5,6.5,44100,VISHGUARD
lot16_en_legit_1587,lot16_en_legit_1587.wav,bonafide,1.0,6.0,7.0,44100,VISHGUARD
lot16_en_legit_1587,lot16_en_legit_1587.wav,bonafide,1.0,6.5,7.5,44100,VISHGUARD
lot16_en_legit_1587,lot16_en_legit_1587.wav,bonafide,1.0,7.0,8.0,44100,VISHGUARD
lot16_en_legit_1587,lot16_en_legit_1587.wav,bonafide,1.0,7.5,8.5,44100,VISHGUARD
lot16_en_legit_1587,lot16_en_legit_1587.wav,bonafide,1.0,8.0,9.0,44100,VISHGUARD
lot16_en_legit_1587,lot16_en_legit_1587.wav,bonafide,1.0,8.5,9.5,44100,VISHGUARD
lot16_en_legit_1587,lot16_en_legit_1587.wav,bonafide,1.0,9.0,10.0,44100,VISHGUARD
lot16_en_legit_1587,lot16_en_legit_1587.wav,bonafide,1.0,9.5,10.5,44100,VISHGUARD
lot16_en_legit_1587,lot16_en_legit_1587.wav,bonafide,1.0,10.0,11.0,44100,VISHGUARD
lot16_en_legit_1587,lot16_en_legit_1587.wav,bonafide,1.0,10.5,11.5,44100,VISHGUARD
lot16_en_legit_1587,lot16_en_legit_1587.wav,bonafide,1.0,11.0,12.0,44100,VISHGUARD
lot16_en_legit_1587,lot16_en_legit_1587.wav,bonafide,1.0,11.5,12.5,44100,VISHGUARD
lot16_en_legit_1587,lot16_en_legit_1587.wav,bonafide,1.0,12.0,13.0,44100,VISHGUARD
lot16_en_legit_1587,lot16_en_legit_1587.wav,bonafide,1.0,12.5,13.5,44100,VISHGUARD
lot16_en_legit_1587,lot16_en_legit_1587.wav,bonafide,1.0,13.0,14.0,44100,VISHGUARD
lot16_en_legit_1587,lot16_en_legit_1587.wav,bonafide,1.0,13.5,14.5,44100,VISHGUARD
lot16_en_legit_1587,lot16_en_legit_1587.wav,bonafide,1.0,14.0,15.0,44100,VISHGUARD
lot16_en_legit_1587,lot16_en_legit_1587.wav,bonafide,1.0,14.5,15.5,44100,VISHGUARD
lot16_en_legit_1587,lot16_en_legit_1587.wav,bonafide,1.0,15.0,16.0,44100,VISHGUARD
lot16_en_legit_1587,lot16_en_legit_1587.wav,bonafide,1.0,15.5,16.5,44100,VISHGUARD
lot16_en_legit_1587,lot16_en_legit_1587.wav,bonafide,1.0,16.0,17.0,44100,VISHGUARD
lot16_en_legit_1587,lot16_en_legit_1587.wav,bonafide,1.0,16.5,17.5,44100,VISHGUARD
lot1_en_legit_031,lot1_en_legit_031.wav,bonafide,1.0,0.0,1.0,24000,VISHGUARD
lot1_en_legit_031,lot1_en_legit_031.wav,bonafide,1.0,0.5,1.5,24000,VISHGUARD
lot1_en_legit_031,lot1_en_legit_031.wav,bonafide,1.0,1.0,2.0,24000,VISHGUARD
lot1_en_legit_031,lot1_en_legit_031.wav,bonafide,1.0,1.5,2.5,24000,VISHGUARD
lot1_en_legit_031,lot1_en_legit_031.wav,bonafide,1.0,2.0,3.0,24000,VISHGUARD
lot1_en_legit_031,lot1_en_legit_031.wav,bonafide,1.0,2.5,3.5,24000,VISHGUARD
lot1_en_legit_031,lot1_en_legit_031.wav,bonafide,1.0,3.0,4.0,24000,VISHGUARD
lot1_en_legit_031,lot1_en_legit_031.wav,bonafide,1.0,3.5,4.5,24000,VISHGUARD
lot1_en_legit_031,lot1_en_legit_031.wav,bonafide,1.0,4.0,5.0,24000,VISHGUARD
lot1_en_legit_031,lot1_en_legit_031.wav,bonafide,1.0,4.5,5.5,24000,VISHGUARD
lot1_en_legit_031,lot1_en_legit_031.wav,bonafide,1.0,5.0,6.0,24000,VISHGUARD
lot1_en_legit_031,lot1_en_legit_031.wav,bonafide,1.0,5.5,6.5,24000,VISHGUARD
lot1_en_legit_031,lot1_en_legit_031.wav,bonafide,1.0,6.0,7.0,24000,VISHGUARD
lot1_en_legit_031,lot1_en_legit_031.wav,bonafide,1.0,6.5,7.5,24000,VISHGUARD
lot1_en_legit_031,lot1_en_legit_031.wav,bonafide,1.0,7.0,8.0,24000,VISHGUARD
lot1_en_legit_031,lot1_en_legit_031.wav,bonafide,1.0,7.5,8.5,24000,VISHGUARD
lot1_en_legit_031,lot1_en_legit_031.wav,bonafide,1.0,8.0,9.0,24000,VISHGUARD
lot1_en_legit_031,lot1_en_legit_031.wav,bonafide,1.0,8.5,9.5,24000,VISHGUARD
lot1_en_legit_031,lot1_en_legit_031.wav,bonafide,1.0,9.0,10.0,24000,VISHGUARD
lot1_en_legit_031,lot1_en_legit_031.wav,bonafide,1.0,9.5,10.5,24000,VISHGUARD
lot1_en_legit_031,lot1_en_legit_031.wav,bonafide,1.0,10.0,11.0,24000,VISHGUARD
lot1_en_legit_031,lot1_en_legit_031.wav,bonafide,1.0,10.5,11.5,24000,VISHGUARD
lot1_en_legit_031,lot1_en_legit_031.wav,bonafide,1.0,11.0,12.0,24000,VISHGUARD
lot1_en_legit_031,lot1_en_legit_031.wav,bonafide,1.0,11.5,12.5,24000,VISHGUARD
lot1_en_legit_031,lot1_en_legit_031.wav,bonafide,1.0,12.0,13.0,24000,VISHGUARD
lot1_en_legit_031,lot1_en_legit_031.wav,bonafide,1.0,12.5,13.5,24000,VISHGUARD
lot1_en_legit_031,lot1_en_legit_031.wav,bonafide,1.0,13.0,14.0,24000,VISHGUARD
lot1_en_legit_031,lot1_en_legit_031.wav,bonafide,1.0,13.5,14.5,24000,VISHGUARD
lot1_en_legit_031,lot1_en_legit_031.wav,bonafide,1.0,14.0,15.0,24000,VISHGUARD
lot1_en_legit_031,lot1_en_legit_031.wav,bonafide,1.0,14.5,15.5,24000,VISHGUARD
lot1_en_legit_031,lot1_en_legit_031.wav,bonafide,1.0,15.0,16.0,24000,VISHGUARD
lot1_en_legit_031,lot1_en_legit_031.wav,bonafide,1.0,15.5,16.5,24000,VISHGUARD
lot1_en_legit_031,lot1_en_legit_031.wav,bonafide,1.0,16.0,17.0,24000,VISHGUARD
lot1_en_legit_031,lot1_en_legit_031.wav,bonafide,1.0,16.5,17.5,24000,VISHGUARD
lot1_en_legit_031,lot1_en_legit_031.wav,bonafide,1.0,17.0,18.0,24000,VISHGUARD
lot1_en_legit_067,lot1_en_legit_067.wav,bonafide,1.0,0.0,1.0,44100,VISHGUARD
lot1_en_legit_067,lot1_en_legit_067.wav,bonafide,1.0,0.5,1.5,44100,VISHGUARD
lot1_en_legit_067,lot1_en_legit_067.wav,bonafide,1.0,1.0,2.0,44100,VISHGUARD
lot1_en_legit_067,lot1_en_legit_067.wav,bonafide,1.0,1.5,2.5,44100,VISHGUARD
lot1_en_legit_067,lot1_en_legit_067.wav,bonafide,1.0,2.0,3.0,44100,VISHGUARD
lot1_en_legit_067,lot1_en_legit_067.wav,bonafide,1.0,2.5,3.5,44100,VISHGUARD
lot1_en_legit_067,lot1_en_legit_067.wav,bonafide,1.0,3.0,4.0,44100,VISHGUARD
lot1_en_legit_067,lot1_en_legit_067.wav,bonafide,1.0,3.5,4.5,44100,VISHGUARD
lot1_en_legit_067,lot1_en_legit_067.wav,bonafide,1.0,4.0,5.0,44100,VISHGUARD
lot1_en_legit_067,lot1_en_legit_067.wav,bonafide,1.0,4.5,5.5,44100,VISHGUARD
lot1_en_legit_067,lot1_en_legit_067.wav,bonafide,1.0,5.0,6.0,44100,VISHGUARD
lot1_en_legit_067,lot1_en_legit_067.wav,bonafide,1.0,5.5,6.5,44100,VISHGUARD
lot1_en_legit_067,lot1_en_legit_067.wav,bonafide,1.0,6.0,7.0,44100,VISHGUARD
lot1_en_legit_067,lot1_en_legit_067.wav,bonafide,1.0,6.5,7.5,44100,VISHGUARD
lot1_en_legit_067,lot1_en_legit_067.wav,bonafide,1.0,7.0,8.0,44100,VISHGUARD
lot1_en_legit_067,lot1_en_legit_067.wav,bonafide,1.0,7.5,8.5,44100,VISHGUARD
lot1_en_legit_067,lot1_en_legit_067.wav,bonafide,1.0,8.0,9.0,44100,VISHGUARD
lot1_en_legit_067,lot1_en_legit_067.wav,bonafide,1.0,8.5,9.5,44100,VISHGUARD
lot1_en_legit_067,lot1_en_legit_067.wav,bonafide,1.0,9.0,10.0,44100,VISHGUARD
lot1_en_legit_067,lot1_en_legit_067.wav,bonafide,1.0,9.5,10.5,44100,VISHGUARD
lot1_en_legit_067,lot1_en_legit_067.wav,bonafide,1.0,10.0,11.0,44100,VISHGUARD
lot1_en_legit_067,lot1_en_legit_067.wav,bonafide,1.0,10.5,11.5,44100,VISHGUARD
lot1_en_legit_067,lot1_en_legit_067.wav,bonafide,1.0,11.0,12.0,44100,VISHGUARD
lot1_en_legit_067,lot1_en_legit_067.wav,bonafide,1.0,11.5,12.5,44100,VISHGUARD
lot1_en_legit_067,lot1_en_legit_067.wav,bonafide,1.0,12.0,13.0,44100,VISHGUARD
lot1_en_legit_067,lot1_en_legit_067.wav,bonafide,1.0,12.5,13.5,44100,VISHGUARD
lot1_en_legit_067,lot1_en_legit_067.wav,bonafide,1.0,13.0,14.0,44100,VISHGUARD
lot1_en_legit_067,lot1_en_legit_067.wav,bonafide,1.0,13.5,14.5,44100,VISHGUARD
lot1_en_legit_067,lot1_en_legit_067.wav,bonafide,1.0,14.0,15.0,44100,VISHGUARD
lot1_en_legit_067,lot1_en_legit_067.wav,bonafide,1.0,14.5,15.5,44100,VISHGUARD
lot1_en_legit_067,lot1_en_legit_067.wav,bonafide,1.0,15.0,16.0,44100,VISHGUARD
lot1_en_legit_067,lot1_en_legit_067.wav,bonafide,1.0,15.5,16.5,44100,VISHGUARD
lot1_en_legit_067,lot1_en_legit_067.wav,bonafide,1.0,16.0,17.0,44100,VISHGUARD
lot1_en_legit_067,lot1_en_legit_067.wav,bonafide,1.0,16.5,17.5,44100,VISHGUARD
lot22_en_legit_2123,lot22_en_legit_2123.wav,bonafide,1.0,0.0,1.0,24000,VISHGUARD
lot22_en_legit_2123,lot22_en_legit_2123.wav,bonafide,1.0,0.5,1.5,24000,VISHGUARD
lot22_en_legit_2123,lot22_en_legit_2123.wav,bonafide,1.0,1.0,2.0,24000,VISHGUARD
lot22_en_legit_2123,lot22_en_legit_2123.wav,bonafide,1.0,1.5,2.5,24000,VISHGUARD
lot22_en_legit_2123,lot22_en_legit_2123.wav,bonafide,1.0,2.0,3.0,24000,VISHGUARD
lot22_en_legit_2123,lot22_en_legit_2123.wav,bonafide,1.0,2.5,3.5,24000,VISHGUARD
lot22_en_legit_2123,lot22_en_legit_2123.wav,bonafide,1.0,3.0,4.0,24000,VISHGUARD
lot22_en_legit_2123,lot22_en_legit_2123.wav,bonafide,1.0,3.5,4.5,24000,VISHGUARD
lot22_en_legit_2123,lot22_en_legit_2123.wav,bonafide,1.0,4.0,5.0,24000,VISHGUARD
lot22_en_legit_2123,lot22_en_legit_2123.wav,bonafide,1.0,4.5,5.5,24000,VISHGUARD
lot22_en_legit_2123,lot22_en_legit_2123.wav,bonafide,1.0,5.0,6.0,24000,VISHGUARD
lot22_en_legit_2123,lot22_en_legit_2123.wav,bonafide,1.0,5.5,6.5,24000,VISHGUARD
lot22_en_legit_2123,lot22_en_legit_2123.wav,bonafide,1.0,6.0,7.0,24000,VISHGUARD
lot22_en_legit_2123,lot22_en_legit_2123.wav,bonafide,1.0,6.5,7.5,24000,VISHGUARD
lot22_en_legit_2123,lot22_en_legit_2123.wav,bonafide,1.0,7.0,8.0,24000,VISHGUARD
lot22_en_legit_2123,lot22_en_legit_2123.wav,bonafide,1.0,7.5,8.5,24000,VISHGUARD
lot22_en_legit_2123,lot22_en_legit_2123.wav,bonafide,1.0,8.0,9.0,24000,VISHGUARD
lot22_en_legit_2123,lot22_en_legit_2123.wav,bonafide,1.0,8.5,9.5,24000,VISHGUARD
lot22_en_legit_2123,lot22_en_legit_2123.wav,bonafide,1.0,9.0,10.0,24000,VISHGUARD
lot22_en_legit_2123,lot22_en_legit_2123.wav,bonafide,1.0,9.5,10.5,24000,VISHGUARD
lot22_en_legit_2123,lot22_en_legit_2123.wav,bonafide,1.0,10.0,11.0,24000,VISHGUARD
lot22_en_legit_2123,lot22_en_legit_2123.wav,bonafide,1.0,10.5,11.5,24000,VISHGUARD
lot22_en_legit_2123,lot22_en_legit_2123.wav,bonafide,1.0,11.0,12.0,24000,VISHGUARD
lot22_en_legit_2123,lot22_en_legit_2123.wav,bonafide,1.0,11.5,12.5,24000,VISHGUARD
lot22_en_legit_2123,lot22_en_legit_2123.wav,bonafide,1.0,12.0,13.0,24000,VISHGUARD
lot22_en_legit_2123,lot22_en_legit_2123.wav,bonafide,1.0,12.5,13.5,24000,VISHGUARD
lot22_en_legit_2123,lot22_en_legit_2123.wav,bonafide,1.0,13.0,14.0,24000,VISHGUARD
lot22_en_legit_2123,lot22_en_legit_2123.wav,bonafide,1.0,13.5,14.5,24000,VISHGUARD
lot22_en_legit_2123,lot22_en_legit_2123.wav,bonafide,1.0,14.0,15.0,24000,VISHGUARD
lot22_en_legit_2123,lot22_en_legit_2123.wav,bonafide,1.0,14.5,15.5,24000,VISHGUARD
lot22_en_legit_2123,lot22_en_legit_2123.wav,bonafide,1.0,15.0,16.0,24000,VISHGUARD
lot22_en_legit_2123,lot22_en_legit_2123.wav,bonafide,1.0,15.5,16.5,24000,VISHGUARD
lot23_en_legit_2223,lot23_en_legit_2223.wav,bonafide,1.0,0.0,1.0,24000,VISHGUARD
lot23_en_legit_2223,lot23_en_legit_2223.wav,bonafide,1.0,0.5,1.5,24000,VISHGUARD
lot23_en_legit_2223,lot23_en_legit_2223.wav,bonafide,1.0,1.0,2.0,24000,VISHGUARD
lot23_en_legit_2223,lot23_en_legit_2223.wav,bonafide,1.0,1.5,2.5,24000,VISHGUARD
lot23_en_legit_2223,lot23_en_legit_2223.wav,bonafide,1.0,2.0,3.0,24000,VISHGUARD
lot23_en_legit_2223,lot23_en_legit_2223.wav,bonafide,1.0,2.5,3.5,24000,VISHGUARD
lot23_en_legit_2223,lot23_en_legit_2223.wav,bonafide,1.0,3.0,4.0,24000,VISHGUARD
lot23_en_legit_2223,lot23_en_legit_2223.wav,bonafide,1.0,3.5,4.5,24000,VISHGUARD
lot23_en_legit_2223,lot23_en_legit_2223.wav,bonafide,1.0,4.0,5.0,24000,VISHGUARD
lot23_en_legit_2223,lot23_en_legit_2223.wav,bonafide,1.0,4.5,5.5,24000,VISHGUARD
lot23_en_legit_2223,lot23_en_legit_2223.wav,bonafide,1.0,5.0,6.0,24000,VISHGUARD
lot23_en_legit_2223,lot23_en_legit_2223.wav,bonafide,1.0,5.5,6.5,24000,VISHGUARD
lot23_en_legit_2223,lot23_en_legit_2223.wav,bonafide,1.0,6.0,7.0,24000,VISHGUARD
lot23_en_legit_2223,lot23_en_legit_2223.wav,bonafide,1.0,6.5,7.5,24000,VISHGUARD
lot23_en_legit_2223,lot23_en_legit_2223.wav,bonafide,1.0,7.0,8.0,24000,VISHGUARD
lot23_en_legit_2223,lot23_en_legit_2223.wav,bonafide,1.0,7.5,8.5,24000,VISHGUARD
lot23_en_legit_2223,lot23_en_legit_2223.wav,bonafide,1.0,8.0,9.0,24000,VISHGUARD
lot23_en_legit_2223,lot23_en_legit_2223.wav,bonafide,1.0,8.5,9.5,24000,VISHGUARD
lot23_en_legit_2223,lot23_en_legit_2223.wav,bonafide,1.0,9.0,10.0,24000,VISHGUARD
lot23_en_legit_2223,lot23_en_legit_2223.wav,bonafide,1.0,9.5,10.5,24000,VISHGUARD
lot23_en_legit_2223,lot23_en_legit_2223.wav,bonafide,1.0,10.0,11.0,24000,VISHGUARD
lot23_en_legit_2223,lot23_en_legit_2223.wav,bonafide,1.0,10.5,11.5,24000,VISHGUARD
lot23_en_legit_2223,lot23_en_legit_2223.wav,bonafide,1.0,11.0,12.0,24000,VISHGUARD
lot23_en_legit_2223,lot23_en_legit_2223.wav,bonafide,1.0,11.5,12.5,24000,VISHGUARD
lot23_en_legit_2223,lot23_en_legit_2223.wav,bonafide,1.0,12.0,13.0,24000,VISHGUARD
lot23_en_legit_2223,lot23_en_legit_2223.wav,bonafide,1.0,12.5,13.5,24000,VISHGUARD
lot23_en_legit_2223,lot23_en_legit_2223.wav,bonafide,1.0,13.0,14.0,24000,VISHGUARD
lot23_en_legit_2223,lot23_en_legit_2223.wav,bonafide,1.0,13.5,14.5,24000,VISHGUARD
lot23_en_legit_2223,lot23_en_legit_2223.wav,bonafide,1.0,14.0,15.0,24000,VISHGUARD
lot23_en_legit_2223,lot23_en_legit_2223.wav,bonafide,1.0,14.5,15.5,24000,VISHGUARD
lot23_en_legit_2223,lot23_en_legit_2223.wav,bonafide,1.0,15.0,16.0,24000,VISHGUARD
lot25_en_legit_2489,lot25_en_legit_2489.wav,bonafide,1.0,0.0,1.0,44100,VISHGUARD
lot25_en_legit_2489,lot25_en_legit_2489.wav,bonafide,1.0,0.5,1.5,44100,VISHGUARD
lot25_en_legit_2489,lot25_en_legit_2489.wav,bonafide,1.0,1.0,2.0,44100,VISHGUARD
lot25_en_legit_2489,lot25_en_legit_2489.wav,bonafide,1.0,1.5,2.5,44100,VISHGUARD
lot25_en_legit_2489,lot25_en_legit_2489.wav,bonafide,1.0,2.0,3.0,44100,VISHGUARD
lot25_en_legit_2489,lot25_en_legit_2489.wav,bonafide,1.0,2.5,3.5,44100,VISHGUARD
lot25_en_legit_2489,lot25_en_legit_2489.wav,bonafide,1.0,3.0,4.0,44100,VISHGUARD
lot25_en_legit_2489,lot25_en_legit_2489.wav,bonafide,1.0,3.5,4.5,44100,VISHGUARD
lot25_en_legit_2489,lot25_en_legit_2489.wav,bonafide,1.0,4.0,5.0,44100,VISHGUARD
lot25_en_legit_2489,lot25_en_legit_2489.wav,bonafide,1.0,4.5,5.5,44100,VISHGUARD
lot25_en_legit_2489,lot25_en_legit_2489.wav,bonafide,1.0,5.0,6.0,44100,VISHGUARD
lot25_en_legit_2489,lot25_en_legit_2489.wav,bonafide,1.0,5.5,6.5,44100,VISHGUARD
lot25_en_legit_2489,lot25_en_legit_2489.wav,bonafide,1.0,6.0,7.0,44100,VISHGUARD
lot25_en_legit_2489,lot25_en_legit_2489.wav,bonafide,1.0,6.5,7.5,44100,VISHGUARD
lot25_en_legit_2489,lot25_en_legit_2489.wav,bonafide,1.0,7.0,8.0,44100,VISHGUARD
lot25_en_legit_2489,lot25_en_legit_2489.wav,bonafide,1.0,7.5,8.5,44100,VISHGUARD
lot25_en_legit_2489,lot25_en_legit_2489.wav,bonafide,1.0,8.0,9.0,44100,VISHGUARD
lot25_en_legit_2489,lot25_en_legit_2489.wav,bonafide,1.0,8.5,9.5,44100,VISHGUARD
lot25_en_legit_2489,lot25_en_legit_2489.wav,bonafide,1.0,9.0,10.0,44100,VISHGUARD
lot25_en_legit_2489,lot25_en_legit_2489.wav,bonafide,1.0,9.5,10.5,44100,VISHGUARD
lot25_en_legit_2489,lot25_en_legit_2489.wav,bonafide,1.0,10.0,11.0,44100,VISHGUARD
lot25_en_legit_2489,lot25_en_legit_2489.wav,bonafide,1.0,10.5,11.5,44100,VISHGUARD
lot26_en_legit_2553,lot26_en_legit_2553.wav,bonafide,1.0,0.0,1.0,44100,VISHGUARD
lot26_en_legit_2553,lot26_en_legit_2553.wav,bonafide,1.0,0.5,1.5,44100,VISHGUARD
lot26_en_legit_2553,lot26_en_legit_2553.wav,bonafide,1.0,1.0,2.0,44100,VISHGUARD
lot26_en_legit_2553,lot26_en_legit_2553.wav,bonafide,1.0,1.5,2.5,44100,VISHGUARD
lot26_en_legit_2553,lot26_en_legit_2553.wav,bonafide,1.0,2.0,3.0,44100,VISHGUARD
lot26_en_legit_2553,lot26_en_legit_2553.wav,bonafide,1.0,2.5,3.5,44100,VISHGUARD
lot26_en_legit_2553,lot26_en_legit_2553.wav,bonafide,1.0,3.0,4.0,44100,VISHGUARD
lot26_en_legit_2553,lot26_en_legit_2553.wav,bonafide,1.0,3.5,4.5,44100,VISHGUARD
lot26_en_legit_2553,lot26_en_legit_2553.wav,bonafide,1.0,4.0,5.0,44100,VISHGUARD
lot26_en_legit_2553,lot26_en_legit_2553.wav,bonafide,1.0,4.5,5.5,44100,VISHGUARD
lot26_en_legit_2553,lot26_en_legit_2553.wav,bonafide,1.0,5.0,6.0,44100,VISHGUARD
lot26_en_legit_2553,lot26_en_legit_2553.wav,bonafide,1.0,5.5,6.5,44100,VISHGUARD
lot26_en_legit_2553,lot26_en_legit_2553.wav,bonafide,1.0,6.0,7.0,44100,VISHGUARD
lot26_en_legit_2553,lot26_en_legit_2553.wav,bonafide,1.0,6.5,7.5,44100,VISHGUARD
lot26_en_legit_2553,lot26_en_legit_2553.wav,bonafide,1.0,7.0,8.0,44100,VISHGUARD
lot26_en_legit_2553,lot26_en_legit_2553.wav,bonafide,1.0,7.5,8.5,44100,VISHGUARD
lot26_en_legit_2553,lot26_en_legit_2553.wav,bonafide,1.0,8.0,9.0,44100,VISHGUARD
lot26_en_legit_2553,lot26_en_legit_2553.wav,bonafide,1.0,8.5,9.5,44100,VISHGUARD
lot26_en_legit_2553,lot26_en_legit_2553.wav,bonafide,1.0,9.0,10.0,44100,VISHGUARD
lot26_en_legit_2553,lot26_en_legit_2553.wav,bonafide,1.0,9.5,10.5,44100,VISHGUARD
lot26_en_legit_2553,lot26_en_legit_2553.wav,bonafide,1.0,10.0,11.0,44100,VISHGUARD
lot26_en_legit_2553,lot26_en_legit_2553.wav,bonafide,1.0,10.5,11.5,44100,VISHGUARD
lot26_en_legit_2553,lot26_en_legit_2553.wav,bonafide,1.0,11.0,12.0,44100,VISHGUARD
lot26_en_legit_2553,lot26_en_legit_2553.wav,bonafide,1.0,11.5,12.5,44100,VISHGUARD
lot26_en_legit_2553,lot26_en_legit_2553.wav,bonafide,1.0,12.0,13.0,44100,VISHGUARD
lot26_en_legit_2553,lot26_en_legit_2553.wav,bonafide,1.0,12.5,13.5,44100,VISHGUARD
lot26_en_legit_2553,lot26_en_legit_2553.wav,bonafide,1.0,13.0,14.0,44100,VISHGUARD
lot27_en_legit_2671,lot27_en_legit_2671.wav,bonafide,1.0,0.0,1.0,44100,VISHGUARD
lot27_en_legit_2671,lot27_en_legit_2671.wav,bonafide,1.0,0.5,1.5,44100,VISHGUARD
lot27_en_legit_2671,lot27_en_legit_2671.wav,bonafide,1.0,1.0,2.0,44100,VISHGUARD
lot27_en_legit_2671,lot27_en_legit_2671.wav,bonafide,1.0,1.5,2.5,44100,VISHGUARD
lot27_en_legit_2671,lot27_en_legit_2671.wav,bonafide,1.0,2.0,3.0,44100,VISHGUARD
lot27_en_legit_2671,lot27_en_legit_2671.wav,bonafide,1.0,2.5,3.5,44100,VISHGUARD
lot27_en_legit_2671,lot27_en_legit_2671.wav,bonafide,1.0,3.0,4.0,44100,VISHGUARD
lot27_en_legit_2671,lot27_en_legit_2671.wav,bonafide,1.0,3.5,4.5,44100,VISHGUARD
lot27_en_legit_2671,lot27_en_legit_2671.wav,bonafide,1.0,4.0,5.0,44100,VISHGUARD
lot27_en_legit_2671,lot27_en_legit_2671.wav,bonafide,1.0,4.5,5.5,44100,VISHGUARD
lot27_en_legit_2671,lot27_en_legit_2671.wav,bonafide,1.0,5.0,6.0,44100,VISHGUARD
lot27_en_legit_2671,lot27_en_legit_2671.wav,bonafide,1.0,5.5,6.5,44100,VISHGUARD
lot27_en_legit_2671,lot27_en_legit_2671.wav,bonafide,1.0,6.0,7.0,44100,VISHGUARD
lot27_en_legit_2671,lot27_en_legit_2671.wav,bonafide,1.0,6.5,7.5,44100,VISHGUARD
lot27_en_legit_2671,lot27_en_legit_2671.wav,bonafide,1.0,7.0,8.0,44100,VISHGUARD
lot27_en_legit_2671,lot27_en_legit_2671.wav,bonafide,1.0,7.5,8.5,44100,VISHGUARD
lot27_en_legit_2671,lot27_en_legit_2671.wav,bonafide,1.0,8.0,9.0,44100,VISHGUARD
lot27_en_legit_2671,lot27_en_legit_2671.wav,bonafide,1.0,8.5,9.5,44100,VISHGUARD
lot27_en_legit_2671,lot27_en_legit_2671.wav,bonafide,1.0,9.0,10.0,44100,VISHGUARD
lot27_en_legit_2671,lot27_en_legit_2671.wav,bonafide,1.0,9.5,10.5,44100,VISHGUARD
lot27_en_legit_2671,lot27_en_legit_2671.wav,bonafide,1.0,10.0,11.0,44100,VISHGUARD
lot27_en_legit_2671,lot27_en_legit_2671.wav,bonafide,1.0,10.5,11.5,44100,VISHGUARD
lot27_en_legit_2671,lot27_en_legit_2671.wav,bonafide,1.0,11.0,12.0,44100,VISHGUARD
lot27_en_legit_2671,lot27_en_legit_2671.wav,bonafide,1.0,11.5,12.5,44100,VISHGUARD
lot27_en_legit_2671,lot27_en_legit_2671.wav,bonafide,1.0,12.0,13.0,44100,VISHGUARD
lot28_en_legit_2705,lot28_en_legit_2705.wav,bonafide,1.0,0.0,1.0,44100,VISHGUARD
lot28_en_legit_2705,lot28_en_legit_2705.wav,bonafide,1.0,0.5,1.5,44100,VISHGUARD
lot28_en_legit_2705,lot28_en_legit_2705.wav,bonafide,1.0,1.0,2.0,44100,VISHGUARD
lot28_en_legit_2705,lot28_en_legit_2705.wav,bonafide,1.0,1.5,2.5,44100,VISHGUARD
lot28_en_legit_2705,lot28_en_legit_2705.wav,bonafide,1.0,2.0,3.0,44100,VISHGUARD
lot28_en_legit_2705,lot28_en_legit_2705.wav,bonafide,1.0,2.5,3.5,44100,VISHGUARD
lot28_en_legit_2705,lot28_en_legit_2705.wav,bonafide,1.0,3.0,4.0,44100,VISHGUARD
lot28_en_legit_2705,lot28_en_legit_2705.wav,bonafide,1.0,3.5,4.5,44100,VISHGUARD
lot28_en_legit_2705,lot28_en_legit_2705.wav,bonafide,1.0,4.0,5.0,44100,VISHGUARD
lot28_en_legit_2705,lot28_en_legit_2705.wav,bonafide,1.0,4.5,5.5,44100,VISHGUARD
lot28_en_legit_2705,lot28_en_legit_2705.wav,bonafide,1.0,5.0,6.0,44100,VISHGUARD
lot28_en_legit_2705,lot28_en_legit_2705.wav,bonafide,1.0,5.5,6.5,44100,VISHGUARD
lot28_en_legit_2705,lot28_en_legit_2705.wav,bonafide,1.0,6.0,7.0,44100,VISHGUARD
lot28_en_legit_2705,lot28_en_legit_2705.wav,bonafide,1.0,6.5,7.5,44100,VISHGUARD
lot28_en_legit_2705,lot28_en_legit_2705.wav,bonafide,1.0,7.0,8.0,44100,VISHGUARD
lot28_en_legit_2705,lot28_en_legit_2705.wav,bonafide,1.0,7.5,8.5,44100,VISHGUARD
lot28_en_legit_2705,lot28_en_legit_2705.wav,bonafide,1.0,8.0,9.0,44100,VISHGUARD
lot28_en_legit_2705,lot28_en_legit_2705.wav,bonafide,1.0,8.5,9.5,44100,VISHGUARD
lot28_en_legit_2705,lot28_en_legit_2705.wav,bonafide,1.0,9.0,10.0,44100,VISHGUARD
lot28_en_legit_2705,lot28_en_legit_2705.wav,bonafide,1.0,9.5,10.5,44100,VISHGUARD
lot28_en_legit_2705,lot28_en_legit_2705.wav,bonafide,1.0,10.0,11.0,44100,VISHGUARD
lot28_en_legit_2705,lot28_en_legit_2705.wav,bonafide,1.0,10.5,11.5,44100,VISHGUARD
lot28_en_legit_2705,lot28_en_legit_2705.wav,bonafide,1.0,11.0,12.0,44100,VISHGUARD
lot28_en_legit_2705,lot28_en_legit_2705.wav,bonafide,1.0,11.5,12.5,44100,VISHGUARD
lot28_en_legit_2705,lot28_en_legit_2705.wav,bonafide,1.0,12.0,13.0,44100,VISHGUARD
lot28_en_legit_2705,lot28_en_legit_2705.wav,bonafide,1.0,12.5,13.5,44100,VISHGUARD
lot28_en_legit_2705,lot28_en_legit_2705.wav,bonafide,1.0,13.0,14.0,44100,VISHGUARD
lot28_en_legit_2705,lot28_en_legit_2705.wav,bonafide,1.0,13.5,14.5,44100,VISHGUARD
lot28_en_legit_2705,lot28_en_legit_2705.wav,bonafide,1.0,14.0,15.0,44100,VISHGUARD
lot29_en_legit_2829,lot29_en_legit_2829.wav,bonafide,1.0,0.0,1.0,24000,VISHGUARD
lot29_en_legit_2829,lot29_en_legit_2829.wav,bonafide,1.0,0.5,1.5,24000,VISHGUARD
lot29_en_legit_2829,lot29_en_legit_2829.wav,bonafide,1.0,1.0,2.0,24000,VISHGUARD
lot29_en_legit_2829,lot29_en_legit_2829.wav,bonafide,1.0,1.5,2.5,24000,VISHGUARD
lot29_en_legit_2829,lot29_en_legit_2829.wav,bonafide,1.0,2.0,3.0,24000,VISHGUARD
lot29_en_legit_2829,lot29_en_legit_2829.wav,bonafide,1.0,2.5,3.5,24000,VISHGUARD
lot29_en_legit_2829,lot29_en_legit_2829.wav,bonafide,1.0,3.0,4.0,24000,VISHGUARD
lot29_en_legit_2829,lot29_en_legit_2829.wav,bonafide,1.0,3.5,4.5,24000,VISHGUARD
lot29_en_legit_2829,lot29_en_legit_2829.wav,bonafide,1.0,4.0,5.0,24000,VISHGUARD
lot29_en_legit_2829,lot29_en_legit_2829.wav,bonafide,1.0,4.5,5.5,24000,VISHGUARD
lot29_en_legit_2829,lot29_en_legit_2829.wav,bonafide,1.0,5.0,6.0,24000,VISHGUARD
lot29_en_legit_2829,lot29_en_legit_2829.wav,bonafide,1.0,5.5,6.5,24000,VISHGUARD
lot29_en_legit_2829,lot29_en_legit_2829.wav,bonafide,1.0,6.0,7.0,24000,VISHGUARD
lot29_en_legit_2829,lot29_en_legit_2829.wav,bonafide,1.0,6.5,7.5,24000,VISHGUARD
lot29_en_legit_2829,lot29_en_legit_2829.wav,bonafide,1.0,7.0,8.0,24000,VISHGUARD
lot29_en_legit_2829,lot29_en_legit_2829.wav,bonafide,1.0,7.5,8.5,24000,VISHGUARD
lot29_en_legit_2829,lot29_en_legit_2829.wav,bonafide,1.0,8.0,9.0,24000,VISHGUARD
lot29_en_legit_2829,lot29_en_legit_2829.wav,bonafide,1.0,8.5,9.5,24000,VISHGUARD
lot29_en_legit_2829,lot29_en_legit_2829.wav,bonafide,1.0,9.0,10.0,24000,VISHGUARD
lot29_en_legit_2829,lot29_en_legit_2829.wav,bonafide,1.0,9.5,10.5,24000,VISHGUARD
lot29_en_legit_2829,lot29_en_legit_2829.wav,bonafide,1.0,10.0,11.0,24000,VISHGUARD
lot29_en_legit_2829,lot29_en_legit_2829.wav,bonafide,1.0,10.5,11.5,24000,VISHGUARD
lot29_en_legit_2829,lot29_en_legit_2829.wav,bonafide,1.0,11.0,12.0,24000,VISHGUARD
lot29_en_legit_2829,lot29_en_legit_2829.wav,bonafide,1.0,11.5,12.5,24000,VISHGUARD
lot29_en_legit_2829,lot29_en_legit_2829.wav,bonafide,1.0,12.0,13.0,24000,VISHGUARD
lot29_en_legit_2829,lot29_en_legit_2829.wav,bonafide,1.0,12.5,13.5,24000,VISHGUARD
lot29_en_legit_2829,lot29_en_legit_2829.wav,bonafide,1.0,13.0,14.0,24000,VISHGUARD
lot29_en_legit_2829,lot29_en_legit_2829.wav,bonafide,1.0,13.5,14.5,24000,VISHGUARD
lot29_en_legit_2895,lot29_en_legit_2895.wav,bonafide,1.0,0.0,1.0,24000,VISHGUARD
lot29_en_legit_2895,lot29_en_legit_2895.wav,bonafide,1.0,0.5,1.5,24000,VISHGUARD
lot29_en_legit_2895,lot29_en_legit_2895.wav,bonafide,1.0,1.0,2.0,24000,VISHGUARD
lot29_en_legit_2895,lot29_en_legit_2895.wav,bonafide,1.0,1.5,2.5,24000,VISHGUARD
lot29_en_legit_2895,lot29_en_legit_2895.wav,bonafide,1.0,2.0,3.0,24000,VISHGUARD
lot29_en_legit_2895,lot29_en_legit_2895.wav,bonafide,1.0,2.5,3.5,24000,VISHGUARD
lot29_en_legit_2895,lot29_en_legit_2895.wav,bonafide,1.0,3.0,4.0,24000,VISHGUARD
lot29_en_legit_2895,lot29_en_legit_2895.wav,bonafide,1.0,3.5,4.5,24000,VISHGUARD
lot29_en_legit_2895,lot29_en_legit_2895.wav,bonafide,1.0,4.0,5.0,24000,VISHGUARD
lot29_en_legit_2895,lot29_en_legit_2895.wav,bonafide,1.0,4.5,5.5,24000,VISHGUARD
lot29_en_legit_2895,lot29_en_legit_2895.wav,bonafide,1.0,5.0,6.0,24000,VISHGUARD
lot29_en_legit_2895,lot29_en_legit_2895.wav,bonafide,1.0,5.5,6.5,24000,VISHGUARD
lot29_en_legit_2895,lot29_en_legit_2895.wav,bonafide,1.0,6.0,7.0,24000,VISHGUARD
lot29_en_legit_2895,lot29_en_legit_2895.wav,bonafide,1.0,6.5,7.5,24000,VISHGUARD
lot29_en_legit_2895,lot29_en_legit_2895.wav,bonafide,1.0,7.0,8.0,24000,VISHGUARD
lot29_en_legit_2895,lot29_en_legit_2895.wav,bonafide,1.0,7.5,8.5,24000,VISHGUARD
lot29_en_legit_2895,lot29_en_legit_2895.wav,bonafide,1.0,8.0,9.0,24000,VISHGUARD
lot29_en_legit_2895,lot29_en_legit_2895.wav,bonafide,1.0,8.5,9.5,24000,VISHGUARD
lot29_en_legit_2895,lot29_en_legit_2895.wav,bonafide,1.0,9.0,10.0,24000,VISHGUARD
lot29_en_legit_2895,lot29_en_legit_2895.wav,bonafide,1.0,9.5,10.5,24000,VISHGUARD
lot29_en_legit_2895,lot29_en_legit_2895.wav,bonafide,1.0,10.0,11.0,24000,VISHGUARD
lot29_en_legit_2895,lot29_en_legit_2895.wav,bonafide,1.0,10.5,11.5,24000,VISHGUARD
lot29_en_legit_2895,lot29_en_legit_2895.wav,bonafide,1.0,11.0,12.0,24000,VISHGUARD
lot29_en_legit_2895,lot29_en_legit_2895.wav,bonafide,1.0,11.5,12.5,24000,VISHGUARD
lot29_en_legit_2895,lot29_en_legit_2895.wav,bonafide,1.0,12.0,13.0,24000,VISHGUARD
lot29_en_legit_2895,lot29_en_legit_2895.wav,bonafide,1.0,12.5,13.5,24000,VISHGUARD
lot29_en_legit_2895,lot29_en_legit_2895.wav,bonafide,1.0,13.0,14.0,24000,VISHGUARD
lot29_en_legit_2895,lot29_en_legit_2895.wav,bonafide,1.0,13.5,14.5,24000,VISHGUARD
lot29_en_legit_2895,lot29_en_legit_2895.wav,bonafide,1.0,14.0,15.0,24000,VISHGUARD
lot2_en_legit_160b,lot2_en_legit_160b.wav,bonafide,1.0,0.0,1.0,24000,VISHGUARD
lot2_en_legit_160b,lot2_en_legit_160b.wav,bonafide,1.0,0.5,1.5,24000,VISHGUARD
lot2_en_legit_160b,lot2_en_legit_160b.wav,bonafide,1.0,1.0,2.0,24000,VISHGUARD
lot2_en_legit_160b,lot2_en_legit_160b.wav,bonafide,1.0,1.5,2.5,24000,VISHGUARD
lot2_en_legit_160b,lot2_en_legit_160b.wav,bonafide,1.0,2.0,3.0,24000,VISHGUARD
lot2_en_legit_160b,lot2_en_legit_160b.wav,bonafide,1.0,2.5,3.5,24000,VISHGUARD
lot2_en_legit_160b,lot2_en_legit_160b.wav,bonafide,1.0,3.0,4.0,24000,VISHGUARD
lot2_en_legit_160b,lot2_en_legit_160b.wav,bonafide,1.0,3.5,4.5,24000,VISHGUARD
lot2_en_legit_160b,lot2_en_legit_160b.wav,bonafide,1.0,4.0,5.0,24000,VISHGUARD
lot2_en_legit_160b,lot2_en_legit_160b.wav,bonafide,1.0,4.5,5.5,24000,VISHGUARD
lot2_en_legit_160b,lot2_en_legit_160b.wav,bonafide,1.0,5.0,6.0,24000,VISHGUARD
lot2_en_legit_160b,lot2_en_legit_160b.wav,bonafide,1.0,5.5,6.5,24000,VISHGUARD
lot2_en_legit_160b,lot2_en_legit_160b.wav,bonafide,1.0,6.0,7.0,24000,VISHGUARD
lot2_en_legit_160b,lot2_en_legit_160b.wav,bonafide,1.0,6.5,7.5,24000,VISHGUARD
lot2_en_legit_160b,lot2_en_legit_160b.wav,bonafide,1.0,7.0,8.0,24000,VISHGUARD
lot2_en_legit_160b,lot2_en_legit_160b.wav,bonafide,1.0,7.5,8.5,24000,VISHGUARD
lot2_en_legit_160b,lot2_en_legit_160b.wav,bonafide,1.0,8.0,9.0,24000,VISHGUARD
lot2_en_legit_160b,lot2_en_legit_160b.wav,bonafide,1.0,8.5,9.5,24000,VISHGUARD
lot2_en_legit_160b,lot2_en_legit_160b.wav,bonafide,1.0,9.0,10.0,24000,VISHGUARD
lot2_en_legit_160b,lot2_en_legit_160b.wav,bonafide,1.0,9.5,10.5,24000,VISHGUARD
lot2_en_legit_160b,lot2_en_legit_160b.wav,bonafide,1.0,10.0,11.0,24000,VISHGUARD
lot2_en_legit_160b,lot2_en_legit_160b.wav,bonafide,1.0,10.5,11.5,24000,VISHGUARD
lot2_en_legit_160b,lot2_en_legit_160b.wav,bonafide,1.0,11.0,12.0,24000,VISHGUARD
lot2_en_legit_160b,lot2_en_legit_160b.wav,bonafide,1.0,11.5,12.5,24000,VISHGUARD
lot2_en_legit_160b,lot2_en_legit_160b.wav,bonafide,1.0,12.0,13.0,24000,VISHGUARD
lot2_en_legit_160b,lot2_en_legit_160b.wav,bonafide,1.0,12.5,13.5,24000,VISHGUARD
lot2_en_legit_160b,lot2_en_legit_160b.wav,bonafide,1.0,13.0,14.0,24000,VISHGUARD
lot2_en_legit_160b,lot2_en_legit_160b.wav,bonafide,1.0,13.5,14.5,24000,VISHGUARD
lot2_en_legit_160b,lot2_en_legit_160b.wav,bonafide,1.0,14.0,15.0,24000,VISHGUARD
lot2_en_legit_160b,lot2_en_legit_160b.wav,bonafide,1.0,14.5,15.5,24000,VISHGUARD
lot2_en_legit_160b,lot2_en_legit_160b.wav,bonafide,1.0,15.0,16.0,24000,VISHGUARD
lot2_en_legit_160b,lot2_en_legit_160b.wav,bonafide,1.0,15.5,16.5,24000,VISHGUARD
lot2_en_legit_160b,lot2_en_legit_160b.wav,bonafide,1.0,16.0,17.0,24000,VISHGUARD
lot2_en_legit_160b,lot2_en_legit_160b.wav,bonafide,1.0,16.5,17.5,24000,VISHGUARD
lot30_en_legit_2995,lot30_en_legit_2995.wav,bonafide,1.0,0.0,1.0,24000,VISHGUARD
lot30_en_legit_2995,lot30_en_legit_2995.wav,bonafide,1.0,0.5,1.5,24000,VISHGUARD
lot30_en_legit_2995,lot30_en_legit_2995.wav,bonafide,1.0,1.0,2.0,24000,VISHGUARD
lot30_en_legit_2995,lot30_en_legit_2995.wav,bonafide,1.0,1.5,2.5,24000,VISHGUARD
lot30_en_legit_2995,lot30_en_legit_2995.wav,bonafide,1.0,2.0,3.0,24000,VISHGUARD
lot30_en_legit_2995,lot30_en_legit_2995.wav,bonafide,1.0,2.5,3.5,24000,VISHGUARD
lot30_en_legit_2995,lot30_en_legit_2995.wav,bonafide,1.0,3.0,4.0,24000,VISHGUARD
lot30_en_legit_2995,lot30_en_legit_2995.wav,bonafide,1.0,3.5,4.5,24000,VISHGUARD
lot30_en_legit_2995,lot30_en_legit_2995.wav,bonafide,1.0,4.0,5.0,24000,VISHGUARD
lot30_en_legit_2995,lot30_en_legit_2995.wav,bonafide,1.0,4.5,5.5,24000,VISHGUARD
lot30_en_legit_2995,lot30_en_legit_2995.wav,bonafide,1.0,5.0,6.0,24000,VISHGUARD
lot30_en_legit_2995,lot30_en_legit_2995.wav,bonafide,1.0,5.5,6.5,24000,VISHGUARD
lot30_en_legit_2995,lot30_en_legit_2995.wav,bonafide,1.0,6.0,7.0,24000,VISHGUARD
lot30_en_legit_2995,lot30_en_legit_2995.wav,bonafide,1.0,6.5,7.5,24000,VISHGUARD
lot30_en_legit_2995,lot30_en_legit_2995.wav,bonafide,1.0,7.0,8.0,24000,VISHGUARD
lot30_en_legit_2995,lot30_en_legit_2995.wav,bonafide,1.0,7.5,8.5,24000,VISHGUARD
lot30_en_legit_2995,lot30_en_legit_2995.wav,bonafide,1.0,8.0,9.0,24000,VISHGUARD
lot30_en_legit_2995,lot30_en_legit_2995.wav,bonafide,1.0,8.5,9.5,24000,VISHGUARD
lot30_en_legit_2995,lot30_en_legit_2995.wav,bonafide,1.0,9.0,10.0,24000,VISHGUARD
lot30_en_legit_2995,lot30_en_legit_2995.wav,bonafide,1.0,9.5,10.5,24000,VISHGUARD
lot30_en_legit_2995,lot30_en_legit_2995.wav,bonafide,1.0,10.0,11.0,24000,VISHGUARD
lot30_en_legit_2995,lot30_en_legit_2995.wav,bonafide,1.0,10.5,11.5,24000,VISHGUARD
lot30_en_legit_2995,lot30_en_legit_2995.wav,bonafide,1.0,11.0,12.0,24000,VISHGUARD
lot30_en_legit_2995,lot30_en_legit_2995.wav,bonafide,1.0,11.5,12.5,24000,VISHGUARD
lot30_en_legit_2995,lot30_en_legit_2995.wav,bonafide,1.0,12.0,13.0,24000,VISHGUARD
lot30_en_legit_2995,lot30_en_legit_2995.wav,bonafide,1.0,12.5,13.5,24000,VISHGUARD
lot30_en_legit_2995,lot30_en_legit_2995.wav,bonafide,1.0,13.0,14.0,24000,VISHGUARD
lot30_en_legit_2995,lot30_en_legit_2995.wav,bonafide,1.0,13.5,14.5,24000,VISHGUARD
lot30_en_legit_2995,lot30_en_legit_2995.wav,bonafide,1.0,14.0,15.0,24000,VISHGUARD
lot30_en_legit_2995,lot30_en_legit_2995.wav,bonafide,1.0,14.5,15.5,24000,VISHGUARD
lot30_en_legit_2995,lot30_en_legit_2995.wav,bonafide,1.0,15.0,16.0,24000,VISHGUARD
lot30_en_legit_2995,lot30_en_legit_2995.wav,bonafide,1.0,15.5,16.5,24000,VISHGUARD
lot30_en_legit_2995,lot30_en_legit_2995.wav,bonafide,1.0,16.0,17.0,24000,VISHGUARD
lot30_en_legit_2995,lot30_en_legit_2995.wav,bonafide,1.0,16.5,17.5,24000,VISHGUARD
lot30_en_legit_2995,lot30_en_legit_2995.wav,bonafide,1.0,17.0,18.0,24000,VISHGUARD
lot3_en_legit_225,lot3_en_legit_225.wav,bonafide,1.0,0.0,1.0,24000,VISHGUARD
lot3_en_legit_225,lot3_en_legit_225.wav,bonafide,1.0,0.5,1.5,24000,VISHGUARD
lot3_en_legit_225,lot3_en_legit_225.wav,bonafide,1.0,1.0,2.0,24000,VISHGUARD
lot3_en_legit_225,lot3_en_legit_225.wav,bonafide,1.0,1.5,2.5,24000,VISHGUARD
lot3_en_legit_225,lot3_en_legit_225.wav,bonafide,1.0,2.0,3.0,24000,VISHGUARD
lot3_en_legit_225,lot3_en_legit_225.wav,bonafide,1.0,2.5,3.5,24000,VISHGUARD
lot3_en_legit_225,lot3_en_legit_225.wav,bonafide,1.0,3.0,4.0,24000,VISHGUARD
lot3_en_legit_225,lot3_en_legit_225.wav,bonafide,1.0,3.5,4.5,24000,VISHGUARD
lot3_en_legit_225,lot3_en_legit_225.wav,bonafide,1.0,4.0,5.0,24000,VISHGUARD
lot3_en_legit_225,lot3_en_legit_225.wav,bonafide,1.0,4.5,5.5,24000,VISHGUARD
lot3_en_legit_225,lot3_en_legit_225.wav,bonafide,1.0,5.0,6.0,24000,VISHGUARD
lot3_en_legit_225,lot3_en_legit_225.wav,bonafide,1.0,5.5,6.5,24000,VISHGUARD
lot3_en_legit_225,lot3_en_legit_225.wav,bonafide,1.0,6.0,7.0,24000,VISHGUARD
lot3_en_legit_225,lot3_en_legit_225.wav,bonafide,1.0,6.5,7.5,24000,VISHGUARD
lot3_en_legit_225,lot3_en_legit_225.wav,bonafide,1.0,7.0,8.0,24000,VISHGUARD
lot3_en_legit_225,lot3_en_legit_225.wav,bonafide,1.0,7.5,8.5,24000,VISHGUARD
lot3_en_legit_225,lot3_en_legit_225.wav,bonafide,1.0,8.0,9.0,24000,VISHGUARD
lot3_en_legit_225,lot3_en_legit_225.wav,bonafide,1.0,8.5,9.5,24000,VISHGUARD
lot3_en_legit_225,lot3_en_legit_225.wav,bonafide,1.0,9.0,10.0,24000,VISHGUARD
lot3_en_legit_225,lot3_en_legit_225.wav,bonafide,1.0,9.5,10.5,24000,VISHGUARD
lot3_en_legit_225,lot3_en_legit_225.wav,bonafide,1.0,10.0,11.0,24000,VISHGUARD
lot3_en_legit_225,lot3_en_legit_225.wav,bonafide,1.0,10.5,11.5,24000,VISHGUARD
lot3_en_legit_225,lot3_en_legit_225.wav,bonafide,1.0,11.0,12.0,24000,VISHGUARD
lot3_en_legit_225,lot3_en_legit_225.wav,bonafide,1.0,11.5,12.5,24000,VISHGUARD
lot3_en_legit_225,lot3_en_legit_225.wav,bonafide,1.0,12.0,13.0,24000,VISHGUARD
lot3_en_legit_225,lot3_en_legit_225.wav,bonafide,1.0,12.5,13.5,24000,VISHGUARD
lot3_en_legit_225,lot3_en_legit_225.wav,bonafide,1.0,13.0,14.0,24000,VISHGUARD
lot3_en_legit_225,lot3_en_legit_225.wav,bonafide,1.0,13.5,14.5,24000,VISHGUARD
lot3_en_legit_225,lot3_en_legit_225.wav,bonafide,1.0,14.0,15.0,24000,VISHGUARD
lot3_en_legit_225,lot3_en_legit_225.wav,bonafide,1.0,14.5,15.5,24000,VISHGUARD
lot3_en_legit_225,lot3_en_legit_225.wav,bonafide,1.0,15.0,16.0,24000,VISHGUARD
lot3_en_legit_225,lot3_en_legit_225.wav,bonafide,1.0,15.5,16.5,24000,VISHGUARD
lot3_en_legit_225,lot3_en_legit_225.wav,bonafide,1.0,16.0,17.0,24000,VISHGUARD
lot3_en_legit_225,lot3_en_legit_225.wav,bonafide,1.0,16.5,17.5,24000,VISHGUARD
lot3_en_legit_225,lot3_en_legit_225.wav,bonafide,1.0,17.0,18.0,24000,VISHGUARD
lot4_en_legit_311,lot4_en_legit_311.wav,bonafide,1.0,0.0,1.0,44100,VISHGUARD
lot4_en_legit_311,lot4_en_legit_311.wav,bonafide,1.0,0.5,1.5,44100,VISHGUARD
lot4_en_legit_311,lot4_en_legit_311.wav,bonafide,1.0,1.0,2.0,44100,VISHGUARD
lot4_en_legit_311,lot4_en_legit_311.wav,bonafide,1.0,1.5,2.5,44100,VISHGUARD
lot4_en_legit_311,lot4_en_legit_311.wav,bonafide,1.0,2.0,3.0,44100,VISHGUARD
lot4_en_legit_311,lot4_en_legit_311.wav,bonafide,1.0,2.5,3.5,44100,VISHGUARD
lot4_en_legit_311,lot4_en_legit_311.wav,bonafide,1.0,3.0,4.0,44100,VISHGUARD
lot4_en_legit_311,lot4_en_legit_311.wav,bonafide,1.0,3.5,4.5,44100,VISHGUARD
lot4_en_legit_311,lot4_en_legit_311.wav,bonafide,1.0,4.0,5.0,44100,VISHGUARD
lot4_en_legit_311,lot4_en_legit_311.wav,bonafide,1.0,4.5,5.5,44100,VISHGUARD
lot4_en_legit_311,lot4_en_legit_311.wav,bonafide,1.0,5.0,6.0,44100,VISHGUARD
lot4_en_legit_311,lot4_en_legit_311.wav,bonafide,1.0,5.5,6.5,44100,VISHGUARD
lot4_en_legit_311,lot4_en_legit_311.wav,bonafide,1.0,6.0,7.0,44100,VISHGUARD
lot4_en_legit_311,lot4_en_legit_311.wav,bonafide,1.0,6.5,7.5,44100,VISHGUARD
lot4_en_legit_311,lot4_en_legit_311.wav,bonafide,1.0,7.0,8.0,44100,VISHGUARD
lot4_en_legit_311,lot4_en_legit_311.wav,bonafide,1.0,7.5,8.5,44100,VISHGUARD
lot4_en_legit_311,lot4_en_legit_311.wav,bonafide,1.0,8.0,9.0,44100,VISHGUARD
lot4_en_legit_311,lot4_en_legit_311.wav,bonafide,1.0,8.5,9.5,44100,VISHGUARD
lot4_en_legit_311,lot4_en_legit_311.wav,bonafide,1.0,9.0,10.0,44100,VISHGUARD
lot4_en_legit_311,lot4_en_legit_311.wav,bonafide,1.0,9.5,10.5,44100,VISHGUARD
lot4_en_legit_311,lot4_en_legit_311.wav,bonafide,1.0,10.0,11.0,44100,VISHGUARD
lot4_en_legit_311,lot4_en_legit_311.wav,bonafide,1.0,10.5,11.5,44100,VISHGUARD
lot4_en_legit_311,lot4_en_legit_311.wav,bonafide,1.0,11.0,12.0,44100,VISHGUARD
lot4_en_legit_311,lot4_en_legit_311.wav,bonafide,1.0,11.5,12.5,44100,VISHGUARD
lot4_en_legit_311,lot4_en_legit_311.wav,bonafide,1.0,12.0,13.0,44100,VISHGUARD
lot4_en_legit_311,lot4_en_legit_311.wav,bonafide,1.0,12.5,13.5,44100,VISHGUARD
lot4_en_legit_311,lot4_en_legit_311.wav,bonafide,1.0,13.0,14.0,44100,VISHGUARD
lot4_en_legit_311,lot4_en_legit_311.wav,bonafide,1.0,13.5,14.5,44100,VISHGUARD
lot7_en_legit_607,lot7_en_legit_607.wav,bonafide,1.0,0.0,1.0,24000,VISHGUARD
lot7_en_legit_607,lot7_en_legit_607.wav,bonafide,1.0,0.5,1.5,24000,VISHGUARD
lot7_en_legit_607,lot7_en_legit_607.wav,bonafide,1.0,1.0,2.0,24000,VISHGUARD
lot7_en_legit_607,lot7_en_legit_607.wav,bonafide,1.0,1.5,2.5,24000,VISHGUARD
lot7_en_legit_607,lot7_en_legit_607.wav,bonafide,1.0,2.0,3.0,24000,VISHGUARD
lot7_en_legit_607,lot7_en_legit_607.wav,bonafide,1.0,2.5,3.5,24000,VISHGUARD
lot7_en_legit_607,lot7_en_legit_607.wav,bonafide,1.0,3.0,4.0,24000,VISHGUARD
lot7_en_legit_607,lot7_en_legit_607.wav,bonafide,1.0,3.5,4.5,24000,VISHGUARD
lot7_en_legit_607,lot7_en_legit_607.wav,bonafide,1.0,4.0,5.0,24000,VISHGUARD
lot7_en_legit_607,lot7_en_legit_607.wav,bonafide,1.0,4.5,5.5,24000,VISHGUARD
lot7_en_legit_607,lot7_en_legit_607.wav,bonafide,1.0,5.0,6.0,24000,VISHGUARD
lot7_en_legit_607,lot7_en_legit_607.wav,bonafide,1.0,5.5,6.5,24000,VISHGUARD
lot7_en_legit_607,lot7_en_legit_607.wav,bonafide,1.0,6.0,7.0,24000,VISHGUARD
lot7_en_legit_607,lot7_en_legit_607.wav,bonafide,1.0,6.5,7.5,24000,VISHGUARD
lot7_en_legit_607,lot7_en_legit_607.wav,bonafide,1.0,7.0,8.0,24000,VISHGUARD
lot7_en_legit_607,lot7_en_legit_607.wav,bonafide,1.0,7.5,8.5,24000,VISHGUARD
lot7_en_legit_607,lot7_en_legit_607.wav,bonafide,1.0,8.0,9.0,24000,VISHGUARD
lot7_en_legit_607,lot7_en_legit_607.wav,bonafide,1.0,8.5,9.5,24000,VISHGUARD
lot7_en_legit_607,lot7_en_legit_607.wav,bonafide,1.0,9.0,10.0,24000,VISHGUARD
lot7_en_legit_607,lot7_en_legit_607.wav,bonafide,1.0,9.5,10.5,24000,VISHGUARD
lot7_en_legit_607,lot7_en_legit_607.wav,bonafide,1.0,10.0,11.0,24000,VISHGUARD
lot7_en_legit_607,lot7_en_legit_607.wav,bonafide,1.0,10.5,11.5,24000,VISHGUARD
lot7_en_legit_607,lot7_en_legit_607.wav,bonafide,1.0,11.0,12.0,24000,VISHGUARD
lot7_en_legit_607,lot7_en_legit_607.wav,bonafide,1.0,11.5,12.5,24000,VISHGUARD
lot7_en_legit_607,lot7_en_legit_607.wav,bonafide,1.0,12.0,13.0,24000,VISHGUARD
lot7_en_legit_607,lot7_en_legit_607.wav,bonafide,1.0,12.5,13.5,24000,VISHGUARD
lot7_en_legit_607,lot7_en_legit_607.wav,bonafide,1.0,13.0,14.0,24000,VISHGUARD
lot7_en_legit_607,lot7_en_legit_607.wav,bonafide,1.0,13.5,14.5,24000,VISHGUARD
lot7_en_legit_607,lot7_en_legit_607.wav,bonafide,1.0,14.0,15.0,24000,VISHGUARD
