id,type,language,script,duration,emotion,tone,persuasion_patterns,behavior,metadata,audio_path
lot1_en_fraud_001,fraudulent,en,"Attention, your bank account has been locked due to suspected money laundering activity. An official government agent is on the line. Failure to cooperate immediately will result in a warrant for your arrest being issued within the hour. You must urgently transfer your funds to our secure verification wallet. Time is running out to avoid legal prosecution.",21.01,"['fear', 'authority']","['threat', 'authoritative']","['threat', 'urgency', 'authority']","['irregular_speech', 'interruptions']","{'words_count': 115, 'audio_path': 'audio/lot1/en_fraud_001.wav'}",audio\lot1_en_fraud_001.wav
lot1_en_legit_004,legitimate,en,This is a notification from City Hall. Your property tax payment is overdue. Please pay the outstanding amount by the 15th of this month to avoid a late fee. You can make a payment online or call the finance department to set up a payment plan.,18.11,['neutral'],['professional'],[],['long_silence'],"{'words_count': 70, 'audio_path': 'audio/lot1/en_legit_004.wav'}",audio\lot1_en_legit_004.wav
lot1_en_legit_016,legitimate,en,"Hello, this is a call to remind you about your subscription renewal. The payment for your annual software license is scheduled for automatic withdrawal next week. If you need to update your payment method or cancel the service, please log into your account dashboard. Thank you.",16.39,['calm'],['neutral'],[],[],"{'words_count': 55, 'audio_path': 'audio/lot1/en_legit_016.wav'}",audio\lot1_en_legit_016.wav
lot1_en_fraud_019,fraudulent,en,This is a final warning from the U.S. government immigration department. Your visa status is invalid and you face immediate deportation. I have the authority to process an immediate stay of execution. But you must pay the emergency processing fee of $800 using untraceable means like Bitcoin or gift cards. You have 30 minutes to comply with this order before the local police are dispatched to your location.,27.41,"['fear', 'authority']","['threat', 'authoritative']","['authority', 'threat', 'urgency']","['long_silence', 'interruptions']","{'words_count': 140, 'audio_path': 'audio/lot1/en_fraud_019.wav'}",audio\lot1_en_fraud_019.wav
lot1_en_legit_022,legitimate,en,We are calling about your outstanding hospital bill from your surgery last month. We haven't received payment yet. Please call us back at 555-0192 to arrange payment or discuss a payment plan. Ignoring this call may affect your credit score. We wish you a swift recovery.,17.92,['neutral'],['professional'],[],['irregular_speech'],"{'words_count': 65, 'audio_path': 'audio/lot1/en_legit_022.wav'}",audio\lot1_en_legit_022.wav
lot1_en_fraud_025,fraudulent,en,"I am an attorney representing a high-profile client who is suing you for defamation. I was hired by the court to handle only the most important cases. We are giving you a one-time chance to settle out of court for $1500 before we file the official lawsuit, which will cost you ten times more. Send the payment immediately to the given bank wire number, or we proceed to court tomorrow morning. You must listen to me.",27.39,"['fear', 'authority']","['authoritative', 'threat']","['authority', 'threat', 'urgency']",['long_silence'],"{'words_count': 130, 'audio_path': 'audio/lot1/en_fraud_025.wav'}",audio\lot1_en_fraud_025.wav
lot1_en_legit_031,legitimate,en,"Good morning. This is your personal banking assistant calling about your recent savings account deposit. We just wanted to confirm the successful transfer of $5,000 yesterday. If you have any questions regarding this transaction, please contact us during business hours. Thank you for choosing us.",18.48,"['friendly', 'calm']","['warm', 'professional']",[],[],"{'words_count': 60, 'audio_path': 'audio/lot1/en_legit_031.wav'}",audio\lot1_en_legit_031.wav
lot1_en_fraud_034,fraudulent,en,"As a highly ranked agent, I must inform you that your cryptocurrency wallet has been compromised and we see massive withdrawals. This is a very complex issue, and only I possess the clearance to fix it before your funds vanish entirely. To secure your remaining balance, you must immediately transfer all your Bitcoin to the temporary secure wallet address I am about to give you.",24.84,"['authority', 'anxiety']","['authoritative', 'manipulative']","['authority', 'urgency', 'scarcity']",['long_silence'],"{'words_count': 90, 'audio_path': 'audio/lot1/en_fraud_034.wav'}",audio\lot1_en_fraud_034.wav
lot1_en_fraud_040,fraudulent,en,"I am an FBI agent calling from a secure government line. Your identity has been used to purchase illegal firearms. This is a severe federal offense. I am the only agent authorized to offer you a temporary reprieve from jail time. You must follow my instructions precisely and immediately, without consulting anyone. Pay the bail fee now using the gift cards I instructed you to buy. This is a matter of national security and you must comply with my authority.",31.51,"['authority', 'fear']","['authoritative', 'threat']","['authority', 'threat', 'urgency']","['interruptions', 'irregular_speech', 'long_silence']","{'words_count': 155, 'audio_path': 'audio/lot1/en_fraud_040.wav'}",audio\lot1_en_fraud_040.wav
lot1_en_legit_043,legitimate,en,"This call is regarding your recent order #7890. There was a problem processing your payment, and your order is currently on hold. Please visit our website or call customer service to update your payment information within 48 hours to prevent cancellation.",16.89,['neutral'],['professional'],[],[],"{'words_count': 45, 'audio_path': 'audio/lot1/en_legit_043.wav'}",audio\lot1_en_legit_043.wav
lot1_en_fraud_046,fraudulent,en,"Your social media account has been hacked, and embarrassing private photos will be released to all your contacts in 15 minutes unless you comply. You must immediately send a Bitcoin payment to the wallet address I will give you now. This is a huge threat, and the only way to get this reward is to act now. This is a one-time window to save yourself.",20.62,"['fear', 'urgency']","['threat', 'manipulative']","['threat', 'urgency', 'reward', 'scarcity']",['interruptions'],"{'words_count': 70, 'audio_path': 'audio/lot1/en_fraud_046.wav'}",audio\lot1_en_fraud_046.wav
lot1_en_legit_049,legitimate,en,"This message is to confirm that your gym membership will be automatically renewed on the 1st of next month. The monthly fee of $45 will be debited from your registered card. If you wish to cancel or pause your membership, please notify us five days before the renewal date.",16.77,['calm'],['professional'],[],[],"{'words_count': 68, 'audio_path': 'audio/lot1/en_legit_049.wav'}",audio\lot1_en_legit_049.wav
lot1_en_fraud_058,fraudulent,en,"Your identity has been flagged by the Department of Justice for international terrorist financing. This is an extremely critical case. As the lead investigator, I require your full cooperation. To clear your name and avoid immediate prosecution, you must confirm your identity by providing your full social security number and the PIN code associated with your driver's license. Do not hang up or you will be permanently blacklisted by the government.",29.51,"['fear', 'authority']","['authoritative', 'threat']","['authority', 'threat', 'urgency']","['long_silence', 'irregular_speech']","{'words_count': 135, 'audio_path': 'audio/lot1/en_fraud_058.wav'}",audio\lot1_en_fraud_058.wav
lot1_en_fraud_064,fraudulent,en,"We are calling about your outstanding student loan. Your account is severely delinquent, and a court order has been issued to garnish your wages. I am the only loan officer authorized to cancel this order. You must pay a minimum of $500 right now using a prepaid debit card. If you don't act within 45 minutes, we will proceed with the wage garnishment and a huge threat to your future credit score.",26.61,"['fear', 'authority']","['threat', 'authoritative']","['threat', 'authority', 'urgency']","['long_silence', 'interruptions']","{'words_count': 115, 'audio_path': 'audio/lot1/en_fraud_064.wav'}",audio\lot1_en_fraud_064.wav
lot1_en_legit_067,legitimate,en,"This call is to confirm the successful activation of your new debit card. You can start using it immediately. Remember to sign the back of the card and keep your PIN secure. If you did not activate a new card, please call us back at 1-800-555-1234.",17.61,"['reassuring', 'calm']",['professional'],[],[],"{'words_count': 50, 'audio_path': 'audio/lot1/en_legit_067.wav'}",audio\lot1_en_legit_067.wav
lot1_en_fraud_073,fraudulent,en,"As a certified federal agent, I am calling you about an immediate court summons for unpaid fines. You must report to the police station immediately unless you settle this now. I have the authority to process your fine reduction from $1000 to $200, but only if you pay with the wire transfer I am setting up right now. This offer expires when I hang up. Do not risk jail time.",27.02,"['authority', 'fear']","['authoritative', 'threat']","['authority', 'threat', 'scarcity', 'urgency']",['long_silence'],"{'words_count': 120, 'audio_path': 'audio/lot1/en_fraud_073.wav'}",audio\lot1_en_fraud_073.wav
lot1_en_legit_076,legitimate,en,Your prescription refill is now available for pick-up at your local pharmacy. Please remember to bring your insurance card. We are open until 9 PM tonight. Call us if you need delivery options or have any questions about the medication.,13.99,"['neutral', 'reassuring']",['professional'],[],[],"{'words_count': 45, 'audio_path': 'audio/lot1/en_legit_076.wav'}",audio\lot1_en_legit_076.wav
lot1_en_fraud_079,fraudulent,en,"This is a call from the system administrator. We have identified a severe security flaw in your retirement savings account. To prevent the loss of your lifetime savings, you must grant me remote access to your computer. I am the only one who can install the patch. This is an urgent threat to your future. If you disconnect, all security protection will be permanently lost. Act immediately.",23.37,"['anxiety', 'urgency']","['manipulative', 'urgent']","['threat', 'scarcity', 'urgency']",['interruptions'],"{'words_count': 115, 'audio_path': 'audio/lot1/en_fraud_079.wav'}",audio\lot1_en_fraud_079.wav
lot1_en_fraud_085,fraudulent,en,"You have been selected to receive a free government grant of $10,000. This is a limited-time reward that you must claim immediately by paying a small, refundable processing fee of $50 using your credit card number. This grant will be reassigned if you do not complete the process within the next 15 minutes. It's a huge reward, don't miss this opportunity.",22.54,"['excitement', 'urgency']","['manipulative', 'warm']","['reward', 'scarcity', 'urgency']",['interruptions'],"{'words_count': 80, 'audio_path': 'audio/lot1/en_fraud_085.wav'}",audio\lot1_en_fraud_085.wav
lot1_en_legit_088,legitimate,en,This message is a reminder that the deadline for filing your quarterly business taxes is approaching. Please submit your forms and payments by the end of next week to avoid penalties. You can find all necessary forms on the Revenue Service website.,14.39,['neutral'],['professional'],[],[],"{'words_count': 55, 'audio_path': 'audio/lot1/en_legit_088.wav'}",audio\lot1_en_legit_088.wav
lot1_en_fraud_091,fraudulent,en,"As a supervisor, I can tell you that your computer is infected with high-level malware that is currently downloading all your sensitive financial information. You must allow me to take remote control of your computer right now to fix the problem. This is the only chance to save your data. If you wait another minute, all your accounts will be drained. You need to follow my authority.",22.94,"['authority', 'anxiety']","['authoritative', 'urgent']","['authority', 'threat', 'urgency', 'scarcity']","['long_silence', 'irregular_speech']","{'words_count': 115, 'audio_path': 'audio/lot1/en_fraud_091.wav'}",audio\lot1_en_fraud_091.wav
lot1_en_fraud_097,fraudulent,en,We have an order from the District Attorney's office. You are a suspect in a serious fraud investigation involving your company's finances. I have the authority to make this go away if you pay a confidential settlement fee right now. This is a rare chance to avoid public disgrace and criminal charges. Send the money immediately via the designated crypto wallet. Your career and freedom are on the line.,26.29,"['authority', 'fear']","['threat', 'authoritative']","['authority', 'threat', 'scarcity']","['long_silence', 'interruptions']","{'words_count': 140, 'audio_path': 'audio/lot1/en_fraud_097.wav'}",audio\lot1_en_fraud_097.wav
lot2_en_fraud_101,fraudulent,en,"Hello, this is Agent Miller from the FBI. We are conducting an emergency wire fraud investigation tied to your name. We have filed a subpoena for your bank records. You must prove your innocence immediately by transferring $1,000 to our confidential evidence account. This is the only way to avoid the criminal charge, and the transfer must happen in the next 20 minutes before the court closes. Do not tell anyone about this call, or you will be arrested.",30.12,"['authority', 'fear']","['authoritative', 'threat']","['authority', 'threat', 'urgency', 'scarcity']",['long_silence'],"{'words_count': 145, 'audio_path': 'audio/lot2/en_fraud_101.wav'}",audio\lot2_en_fraud_101.wav
lot2_en_fraud_107,fraudulent,en,"I am a detective from the local police station. Your cell phone was used to make threats and illegal transactions. You are now a key suspect. I am giving you a unique chance to clear your name by immediately sending us your personal identifying information and a copy of your driver's license. If you fail to comply within the next hour, a patrol car will be dispatched to your residence to arrest you. You must listen to my authority.",26.76,"['authority', 'fear']","['authoritative', 'threat']","['authority', 'threat', 'urgency']","['irregular_speech', 'long_silence']","{'words_count': 120, 'audio_path': 'audio/lot2/en_fraud_107.wav'}",audio\lot2_en_fraud_107.wav
lot2_en_fraud_113,fraudulent,en,"I am calling from the National Security Agency. Your electronic communications have been monitored and you have been implicated in a serious cybercrime. As a high-ranking official, I can offer you a plea deal if you pay the $5,000 bond immediately via gift cards. This offer is highly confidential and only available to you for the duration of this call. If you disconnect, the arrest team will be notified, and you will face decades in prison.",29.7,"['authority', 'fear']","['authoritative', 'threat']","['authority', 'threat', 'scarcity', 'urgency']","['long_silence', 'interruptions', 'irregular_speech']","{'words_count': 160, 'audio_path': 'audio/lot2/en_fraud_113.wav'}",audio\lot2_en_fraud_113.wav
lot2_en_fraud_119,fraudulent,en,"Your identity has been stolen and a fraudulent credit card was opened in your name. We are the official fraud protection agency. To protect your credit score, you must confirm your credit card number, expiry date, and the three-digit code on the back. Failure to do so immediately will result in your credit being frozen permanently. This security step must be completed now.",25.16,"['anxiety', 'urgency']","['manipulative', 'urgent']","['threat', 'urgency']",['long_silence'],"{'words_count': 80, 'audio_path': 'audio/lot2/en_fraud_119.wav'}",audio\lot2_en_fraud_119.wav
lot2_en_fraud_125,fraudulent,en,"I am calling about your retirement account, which has been locked due to suspicious activity involving an international entity. I am the only specialist authorized to secure your funds before they are transferred overseas. You must immediately send a certified check for the security fee of $1,000 to the address I provide. You must obey my authority without questioning me.",21.91,"['authority', 'fear']","['authoritative', 'urgent']","['authority', 'threat', 'scarcity']",['irregular_speech'],"{'words_count': 105, 'audio_path': 'audio/lot2/en_fraud_125.wav'}",audio\lot2_en_fraud_125.wav
lot2_en_legit_128,legitimate,en,"We are calling to remind you that your library card is expiring next month. To continue accessing our digital resources and borrowing books, please visit the library in person to renew your card before the 1st. You may also renew by phone during our opening hours. Thank you.",19.3,['neutral'],['professional'],[],['long_silence'],"{'words_count': 65, 'audio_path': 'audio/lot2/en_legit_128.wav'}",audio\lot2_en_legit_128.wav
lot2_en_fraud_134,fraudulent,en,"Your PayPal account has been used for a suspicious purchase of $900 overseas. I am the lead fraud analyst. To avoid losing this money, you must immediately confirm the one-time password I just sent to your phone. If you don't give me this code now, the transaction will be permanently approved and your funds lost forever. This is an urgent threat to your finances.",22.62,"['anxiety', 'urgency']","['urgent', 'manipulative']","['threat', 'urgency']","['interruptions', 'irregular_speech']","{'words_count': 92, 'audio_path': 'audio/lot2/en_fraud_134.wav'}",audio\lot2_en_fraud_134.wav
lot2_en_legit_137,legitimate,en,"This message is to confirm your hotel reservation for the upcoming weekend. Check-in is scheduled for 3 PM on Friday. We remind you that payment is due upon arrival. If you need to modify or cancel your booking, please do so 48 hours in advance. We look forward to seeing you.",17.72,"['friendly', 'calm']",['warm'],[],[],"{'words_count': 60, 'audio_path': 'audio/lot2/en_legit_137.wav'}",audio\lot2_en_legit_137.wav
lot2_en_fraud_140,fraudulent,en,"I am a high-level manager calling about your investment portfolio. We've detected a massive, fraudulent withdrawal. I am the only one with the clearance to reverse it. You must secure your remaining assets by transferring all your funds immediately to a safe, temporary cryptocurrency wallet address I'm providing now. Do not hesitate, you will lose everything in the next 10 minutes. This is a matter of absolute urgency.",24.81,"['authority', 'anxiety']","['authoritative', 'urgent']","['authority', 'urgency', 'scarcity', 'threat']","['irregular_speech', 'interruptions']","{'words_count': 118, 'audio_path': 'audio/lot2/en_fraud_140.wav'}",audio\lot2_en_fraud_140.wav
lot2_en_legit_143,legitimate,en,"This call is regarding your recent payment. We noticed you overpaid your last invoice by $50. A refund has been automatically processed and should appear in your bank account within 3 to 5 business days. We apologize for the error. If you have questions, please call us.",17.14,"['reassuring', 'friendly']",['warm'],[],[],"{'words_count': 45, 'audio_path': 'audio/lot2/en_legit_143.wav'}",audio\lot2_en_legit_143.wav
lot2_en_fraud_146,fraudulent,en,"Your social security number was flagged for fraudulent activity and money laundering. This is a severe criminal offense. I am the only high-level IRS agent who can offer you an out. You must immediately pay the $500 fine using the prepaid gift card I instructed you to buy. This is a one-time reward to avoid jail. If you hang up, you face immediate arrest. You must comply with my authority.",26.8,"['authority', 'fear']","['authoritative', 'threat']","['authority', 'threat', 'urgency', 'reward', 'scarcity']","['long_silence', 'irregular_speech']","{'words_count': 140, 'audio_path': 'audio/lot2/en_fraud_146.wav'}",audio\lot2_en_fraud_146.wav
lot2_en_legit_149,legitimate,en,"This message is to confirm that your subscription to our premium movie service will be automatically renewed next week. The quarterly fee of $75 will be charged to your registered payment method. If you wish to downgrade or cancel your subscription, please do so via your account settings.",17.52,['calm'],['professional'],[],[],"{'words_count': 60, 'audio_path': 'audio/lot2/en_legit_149.wav'}",audio\lot2_en_legit_149.wav
lot2_en_fraud_152,fraudulent,en,"I am a high-level government official calling about your overdue tax payments. Your bank account is scheduled to be seized in one hour. I am the only one who can put a hold on the seizure. You must immediately pay the minimum $1,500 owed using Bitcoin. This is a one-time deal to save your financial future. You must follow my instructions precisely and immediately, without consulting anyone.",27.09,"['authority', 'fear']","['authoritative', 'threat']","['authority', 'threat', 'urgency', 'scarcity']","['interruptions', 'long_silence']","{'words_count': 120, 'audio_path': 'audio/lot2/en_fraud_152.wav'}",audio\lot2_en_fraud_152.wav
lot2_en_fraud_158,fraudulent,en,"Your bank account has been targeted for international money laundering. I am the lead investigator from the Homeland Security Department. This is an extremely critical case. To clear your name and avoid immediate prosecution, you must confirm your identity by providing your full checking account number, routing number, and the password for your online banking. Do not hang up or you will be permanently blacklisted by the government. Obey my authority.",28.16,"['fear', 'authority']","['authoritative', 'threat']","['authority', 'threat', 'urgency']","['long_silence', 'irregular_speech']","{'words_count': 140, 'audio_path': 'audio/lot2/en_fraud_158.wav'}",audio\lot2_en_fraud_158.wav
lot2_en_fraud_164,fraudulent,en,"We are calling about your outstanding mortgage payment. Your property is severely delinquent, and a foreclosure order has been issued. I am the only loan officer authorized to cancel this order. You must pay a minimum of $2,000 right now using a cryptocurrency transfer. If you don't act within 30 minutes, we will proceed with the foreclosure and you will lose your home. This is a huge threat.",27.04,"['fear', 'authority']","['threat', 'authoritative']","['threat', 'authority', 'urgency']","['long_silence', 'interruptions']","{'words_count': 118, 'audio_path': 'audio/lot2/en_fraud_164.wav'}",audio\lot2_en_fraud_164.wav
lot2_en_fraud_170,fraudulent,en,"Your identity has been flagged by the Social Security Administration for illegal offshore bank accounts. This is a federal felony. I am the only agent authorized to offer you a confidential settlement. To avoid criminal charges and public exposure, you must pay a $4,000 bond immediately via a wire transfer to the secure account I provide. You must act now before the warrant is issued. Do not risk your future.",28.11,"['authority', 'fear']","['authoritative', 'threat']","['authority', 'threat', 'urgency', 'scarcity']",['long_silence'],"{'words_count': 140, 'audio_path': 'audio/lot2/en_fraud_170.wav'}",audio\lot2_en_fraud_170.wav
lot2_en_legit_173,legitimate,en,"This is a recorded message from your internet provider. We detected an unauthorized attempt to access your account last night. We have successfully blocked the attempt and enhanced your security settings. If you are still concerned, please visit our security FAQ page for more information.",16.75,"['neutral', 'reassuring']",['professional'],[],[],"{'words_count': 48, 'audio_path': 'audio/lot2/en_legit_173.wav'}",audio\lot2_en_legit_173.wav
lot2_en_fraud_176,fraudulent,en,"Your email account has been compromised, and all your business contacts will receive malware in 10 minutes unless you comply. You must immediately send a gift card payment to the address I will give you now. This is a huge threat, and the only way to get this reward is to act now. This is a one-time window to save your reputation and business. Obey my authority.",21.47,"['fear', 'urgency']","['threat', 'manipulative']","['threat', 'urgency', 'reward', 'scarcity', 'authority']","['interruptions', 'irregular_speech']","{'words_count': 95, 'audio_path': 'audio/lot2/en_fraud_176.wav'}",audio\lot2_en_fraud_176.wav
lot2_en_fraud_182,fraudulent,en,"I am a high-level manager calling about a security breach. Your entire online portfolio is now exposed to hackers. I can send a special technician to your address immediately, but you must pay the emergency booking fee of $500 upfront via a cash app. This is the only team that can help you. Failure to pay will mean you lose your data permanently in the next 30 minutes. You must follow my authority.",27.87,"['authority', 'fear']","['authoritative', 'urgent']","['scarcity', 'threat', 'authority', 'urgency']","['interruptions', 'long_silence']","{'words_count': 115, 'audio_path': 'audio/lot2/en_fraud_182.wav'}",audio\lot2_en_fraud_182.wav
lot2_en_fraud_188,fraudulent,en,"Your identity has been flagged by the Federal Reserve for involvement in a large-scale phishing scam. This is a severe federal crime. As the lead investigator, I require your full cooperation. To clear your name and avoid immediate arrest, you must confirm your identity by providing your full credit card number and the CVV code. Do not hang up or you will be permanently blacklisted. Obey my authority.",27.21,"['fear', 'authority']","['authoritative', 'threat']","['authority', 'threat', 'urgency']","['long_silence', 'irregular_speech']","{'words_count': 140, 'audio_path': 'audio/lot2/en_fraud_188.wav'}",audio\lot2_en_fraud_188.wav
lot2_en_fraud_194,fraudulent,en,"We are calling about your outstanding credit card debt. Your account is severely delinquent, and a court order has been issued to garnish your wages. I am the only loan officer authorized to cancel this order. You must pay a minimum of $800 right now using a money order. If you don't act within 60 minutes, we will proceed with the wage garnishment and a huge threat to your future credit score. You must follow my authority.",27.92,"['fear', 'authority']","['threat', 'authoritative']","['threat', 'authority', 'urgency']","['long_silence', 'interruptions']","{'words_count': 120, 'audio_path': 'audio/lot2/en_fraud_194.wav'}",audio\lot2_en_fraud_194.wav
lot2_en_legit_197,legitimate,en,"This call is to confirm the successful activation of your new reward points system. You can start collecting points immediately on all purchases. Remember to log in to your account online to check your balance and redeem rewards. If you have any questions, please call us back at 1-800-555-4321.",20.41,"['reassuring', 'friendly']",['professional'],[],[],"{'words_count': 70, 'audio_path': 'audio/lot2/en_legit_197.wav'}",audio\lot2_en_legit_197.wav
lot2_en_fraud_138b,fraudulent,en,"Congratulations! You have been randomly selected to receive a $5,000 cash prize from our corporate giveaway. This is an exclusive reward, and you must claim it now. To receive your prize, you need to pay a small administrative fee of $20 via your credit card. This offer expires in 30 minutes, don't miss out on this huge reward!",21.93,"['excitement', 'urgency']","['manipulative', 'warm']","['reward', 'scarcity', 'urgency']",['interruptions'],"{'words_count': 82, 'audio_path': 'audio/lot2/en_fraud_138b.wav'}",audio\lot2_en_fraud_138b.wav
lot2_en_fraud_142b,fraudulent,en,I am a customs officer. Your international package contains contraband and has been flagged by federal agents. You face massive fines and possible jail time. I have the authority to process a reduced fine of $750 if you pay immediately by prepaid debit card. This is your only chance to resolve the matter and it is only available during this phone call. You must comply with my authority.,24.79,"['authority', 'fear']","['authoritative', 'threat']","['authority', 'threat', 'scarcity', 'urgency']",['irregular_speech'],"{'words_count': 120, 'audio_path': 'audio/lot2/en_fraud_142b.wav'}",audio\lot2_en_fraud_142b.wav
lot2_en_legit_144b,legitimate,en,"Your recent customer service ticket has been resolved. The issue with your payment processing has been fixed. You can now try to complete your order again. We apologize for the technical inconvenience. If you have any further issues, please reply to the resolution email you received.",16.52,"['reassuring', 'calm']",['professional'],[],[],"{'words_count': 48, 'audio_path': 'audio/lot2/en_legit_144b.wav'}",audio\lot2_en_legit_144b.wav
lot2_en_fraud_145b,fraudulent,en,"I am a high-level manager calling about a breach on your personal bank account. We see a large transfer pending to an unsecure international location. To prevent the loss of your money, you must immediately give me your bank login username and password. This is the only way to stop the transfer. If you disconnect, you lose all the money permanently. Obey my authority.",23.73,"['authority', 'anxiety']","['authoritative', 'urgent']","['authority', 'threat', 'urgency', 'scarcity']","['long_silence', 'interruptions']","{'words_count': 105, 'audio_path': 'audio/lot2/en_fraud_145b.wav'}",audio\lot2_en_fraud_145b.wav
lot2_en_fraud_148b,fraudulent,en,"Your private health records have been leaked online. I am the data security chief. To prevent this massive privacy breach from affecting your family and career, you must immediately pay a $300 security fee using a store gift card. This is an urgent, highly confidential threat and the only resolution available to you. You must act now to secure your reward of privacy.",22.39,"['authority', 'fear']","['authoritative', 'threat']","['authority', 'threat', 'urgency', 'reward']",['irregular_speech'],"{'words_count': 105, 'audio_path': 'audio/lot2/en_fraud_148b.wav'}",audio\lot2_en_fraud_148b.wav
lot2_en_legit_150b,legitimate,en,"This message is to let you know that the free trial period for your software subscription is ending tomorrow. To continue using the service, no action is required; your card will be charged the monthly fee of $19.99. If you wish to cancel, please log in to your account before midnight.",18.65,['neutral'],['professional'],[],[],"{'words_count': 60, 'audio_path': 'audio/lot2/en_legit_150b.wav'}",audio\lot2_en_legit_150b.wav
lot2_en_fraud_151b,fraudulent,en,"I am calling from the Department of Justice. A bench warrant has been issued for your arrest due to contempt of court. You must report to the station immediately. I have the authority to offer you a temporary reprieve if you pay a $1,000 bond immediately via a wire transfer. This offer expires when I hang up. Do not risk jail time, you must follow my authority immediately.",26.23,"['authority', 'fear']","['authoritative', 'threat']","['authority', 'threat', 'scarcity', 'urgency']",['long_silence'],"{'words_count': 130, 'audio_path': 'audio/lot2/en_fraud_151b.wav'}",audio\lot2_en_fraud_151b.wav
lot2_en_fraud_153b,fraudulent,en,"You have been selected to receive a free government tax rebate of $15,000. This is a massive, limited-time reward that you must claim immediately by paying a small, non-refundable processing fee of $75 using your bank account number. This grant will be reassigned if you do not complete the process within the next 20 minutes. Don't miss this opportunity for a huge reward.",24.31,"['excitement', 'urgency']","['manipulative', 'warm']","['reward', 'scarcity', 'urgency']",['interruptions'],"{'words_count': 95, 'audio_path': 'audio/lot2/en_fraud_153b.wav'}",audio\lot2_en_fraud_153b.wav
lot2_en_fraud_155b,fraudulent,en,"Your cryptocurrency portfolio has been compromised by a foreign hacker. I am the lead blockchain security officer. I am the only one who possesses the clearance to fix it before your funds vanish entirely. To secure your remaining balance, you must immediately transfer all your Ethereum to the temporary secure wallet address I am about to give you. This is a one-time opportunity; if you hang up, all funds are gone.",26.8,"['authority', 'anxiety']","['authoritative', 'manipulative']","['authority', 'urgency', 'scarcity']","['irregular_speech', 'long_silence']","{'words_count': 130, 'audio_path': 'audio/lot2/en_fraud_155b.wav'}",audio\lot2_en_fraud_155b.wav
lot2_en_legit_156b,legitimate,en,"This call is to inform you that your personal loan application has been approved. The funds will be deposited into your account within one business day. Your monthly repayment schedule and terms are enclosed in the contract sent to your email. If you have any questions, please contact your loan officer.",17.85,"['calm', 'reassuring']",['professional'],[],[],"{'words_count': 55, 'audio_path': 'audio/lot2/en_legit_156b.wav'}",audio\lot2_en_legit_156b.wav
lot2_en_fraud_157b,fraudulent,en,"Hello, this is Agent Smith from the CIA. Your name has appeared on a confidential government watchlist linked to human trafficking. This is a severe federal offense. I am the only agent authorized to offer you a way out. You must pay the fine of $8,000 using the wire transfer I instructed you to set up. This is a matter of national security and you must comply with my authority immediately.",27.98,"['authority', 'fear']","['authoritative', 'threat']","['authority', 'threat', 'urgency', 'scarcity']","['interruptions', 'irregular_speech', 'long_silence']","{'words_count': 155, 'audio_path': 'audio/lot2/en_fraud_157b.wav'}",audio\lot2_en_fraud_157b.wav
lot2_en_legit_158b,legitimate,en,"We are calling to remind you that your annual subscription for the academic journal service is due for renewal next week. The fee is $120. To ensure uninterrupted access to all our research materials, please update your payment information if necessary. Thank you for your loyalty to our service.",18.37,['neutral'],['professional'],[],['interruptions'],"{'words_count': 60, 'audio_path': 'audio/lot2/en_legit_158b.wav'}",audio\lot2_en_legit_158b.wav
lot2_en_fraud_159b,fraudulent,en,Your private banking information has been sold on the dark web. I am the head of the bank's internal security team. You must immediately confirm your full bank account number and the security question answer by phone. Failure to do so immediately will result in your credit being frozen permanently and all your funds lost. This security step must be completed now to save your huge savings.,23.25,"['anxiety', 'urgency']","['manipulative', 'urgent']","['threat', 'urgency']",['irregular_speech'],"{'words_count': 95, 'audio_path': 'audio/lot2/en_fraud_159b.wav'}",audio\lot2_en_fraud_159b.wav
lot2_en_legit_160b,legitimate,en,"This message is to confirm that your new debit card will arrive by courier tomorrow morning. Please be available to sign for the package between 9 AM and 12 PM. Remember to activate the card immediately upon receipt. If you are unable to be home, please call us to reschedule the delivery.",17.91,"['neutral', 'reassuring']",['professional'],[],[],"{'words_count': 60, 'audio_path': 'audio/lot2/en_legit_160b.wav'}",audio\lot2_en_legit_160b.wav
lot2_en_fraud_161b,fraudulent,en,"I am a high-level manager calling about a breach on your personal bank account. We see a large transfer pending to an unsecure international location. To prevent the loss of your money, you must immediately give me your bank login username and password. This is the only way to stop the transfer. If you disconnect, you lose all the money permanently. Obey my authority.",24.28,"['authority', 'anxiety']","['authoritative', 'urgent']","['authority', 'threat', 'urgency', 'scarcity']",['long_silence'],"{'words_count': 105, 'audio_path': 'audio/lot2/en_fraud_161b.wav'}",audio\lot2_en_fraud_161b.wav
lot2_en_fraud_163b,fraudulent,en,"Your social media account has been hacked, and embarrassing private photos will be released to all your contacts in 15 minutes unless you comply. You must immediately send a Bitcoin payment to the wallet address I will give you now. This is a huge threat, and the only way to get this reward is to act now. This is a one-time window to save yourself.",20.62,"['fear', 'urgency']","['threat', 'manipulative']","['threat', 'urgency', 'reward', 'scarcity']",['interruptions'],"{'words_count': 70, 'audio_path': 'audio/lot2/en_fraud_163b.wav'}",audio\lot2_en_fraud_163b.wav
lot2_en_legit_164b,legitimate,en,"This call is to confirm the successful activation of your new debit card. You can start using it immediately. Remember to sign the back of the card and keep your PIN secure. If you did not activate a new card, please call us back at 1-800-555-1234.",17.61,"['reassuring', 'calm']",['professional'],[],[],"{'words_count': 50, 'audio_path': 'audio/lot2/en_legit_164b.wav'}",audio\lot2_en_legit_164b.wav
lot2_en_fraud_165b,fraudulent,en,"I am an FBI agent calling from a secure government line. Your identity has been used to purchase illegal firearms. This is a severe federal offense. I am the only agent authorized to offer you a temporary reprieve from jail time. You must follow my instructions precisely and immediately, without consulting anyone. Pay the bail fee now using the gift cards I instructed you to buy. This is a matter of national security and you must comply with my authority.",31.76,"['authority', 'fear']","['authoritative', 'threat']","['authority', 'threat', 'urgency', 'scarcity']","['interruptions', 'irregular_speech', 'long_silence']","{'words_count': 155, 'audio_path': 'audio/lot2/en_fraud_165b.wav'}",audio\lot2_en_fraud_165b.wav
lot3_en_fraud_204,fraudulent,en,"Congratulations! You've won an all-expenses-paid luxury cruise! This exclusive reward is only available to the first 50 callers. To claim your huge prize, you must verify your identity by providing the full 16-digit credit card number and the security code on the back. This offer expires in two hours. You must act fast to secure this reward.",22.07,"['excitement', 'urgency']","['manipulative', 'warm']","['reward', 'scarcity', 'urgency']",['interruptions'],"{'words_count': 95, 'audio_path': 'audio/lot3/en_fraud_204.wav'}",audio\lot3_en_fraud_204.wav
lot3_en_fraud_210,fraudulent,en,"I am a high-level manager calling about a massive data breach on your credit card. All your purchases have been stolen. I am the only one with the clearance to lock the card. You must immediately confirm your card's security code and expiration date to prevent losing all your funds. Do not hesitate, you will lose everything in the next 10 minutes. This is an urgent threat to your finances. Obey my authority.",24.48,"['authority', 'anxiety']","['authoritative', 'urgent']","['authority', 'urgency', 'scarcity', 'threat']","['irregular_speech', 'interruptions']","{'words_count': 110, 'audio_path': 'audio/lot3/en_fraud_210.wav'}",audio\lot3_en_fraud_210.wav
lot3_en_fraud_216,fraudulent,en,"Your identity has been flagged by the FBI for massive identity theft. This is a severe federal offense. I am the only high-ranking agent who can offer you an immediate path to compliance. You must immediately pay the $1,000 bond using the Bitcoin transfer I instructed you to set up. This is a one-time reward to avoid jail. If you hang up, you face immediate arrest. You must comply with my authority right now.",28.95,"['authority', 'fear']","['authoritative', 'threat']","['authority', 'threat', 'urgency', 'reward', 'scarcity']","['long_silence', 'irregular_speech']","{'words_count': 140, 'audio_path': 'audio/lot3/en_fraud_216.wav'}",audio\lot3_en_fraud_216.wav
lot3_en_legit_219,legitimate,en,"This message is to confirm that your annual software license will be automatically renewed on the 1st of next month. The fee of $150 will be charged to your saved payment method. If you wish to cancel or modify your plan, please do so via your account portal before the renewal date.",17.94,['calm'],['professional'],[],[],"{'words_count': 60, 'audio_path': 'audio/lot3/en_legit_219.wav'}",audio\lot3_en_legit_219.wav
lot3_en_fraud_222,fraudulent,en,"I am a high-level government official calling about your outstanding student loan payments. Your wages are scheduled to be garnished in one hour. I am the only one who can put a hold on the garnishment. You must immediately pay the minimum $500 owed using an international wire transfer. This is a one-time deal to save your financial future. You must follow my instructions precisely and immediately, without consulting anyone.",27.96,"['authority', 'fear']","['authoritative', 'threat']","['authority', 'threat', 'urgency', 'scarcity']","['interruptions', 'long_silence']","{'words_count': 120, 'audio_path': 'audio/lot3/en_fraud_222.wav'}",audio\lot3_en_fraud_222.wav
lot3_en_legit_225,legitimate,en,"This is a recorded message from your banking institution. We have successfully updated your residential address as per your recent request. You will receive a confirmation letter by mail within 3 business days. If this was not requested by you, please call us immediately at the number on the back of your card.",18.19,"['neutral', 'reassuring']",['professional'],[],[],"{'words_count': 60, 'audio_path': 'audio/lot3/en_legit_225.wav'}",audio\lot3_en_legit_225.wav
lot3_en_fraud_228,fraudulent,en,"Your name has been flagged by the Department of Homeland Security for a severe customs violation related to illegal imports. This is a severe criminal offense. I am the only high-level agent who can offer you an out. You must immediately pay the $2,500 fine using the prepaid gift card I instructed you to buy. This is a one-time reward to avoid jail. If you hang up, you face immediate arrest. You must comply with my authority right now.",29.93,"['authority', 'fear']","['authoritative', 'threat']","['authority', 'threat', 'urgency', 'reward', 'scarcity']","['long_silence', 'irregular_speech']","{'words_count': 140, 'audio_path': 'audio/lot3/en_fraud_228.wav'}",audio\lot3_en_fraud_228.wav
lot3_en_fraud_234,fraudulent,en,"Your bank account has been hacked and funds are being transferred to an illegal offshore account. I am the only security agent with the authority to stop this. You must immediately transfer $5,000 to the secure recovery account to prevent total loss. This is an urgent, irreversible threat to your life savings. Do not talk to anyone else. You must comply with my authority right now.",25.43,"['authority', 'fear']","['authoritative', 'threat']","['authority', 'threat', 'urgency', 'scarcity']","['interruptions', 'long_silence']","{'words_count': 120, 'audio_path': 'audio/lot3/en_fraud_234.wav'}",audio\lot3_en_fraud_234.wav
lot3_en_fraud_240,fraudulent,en,"This is a final warning. Your Amazon account has been compromised, and a large unauthorized purchase was made. If you do not immediately press 1 to confirm your account details, including your full 16-digit card number and the PIN, your account will be suspended, and the fraudulent charge will be applied. This is an urgent, massive threat to your financial security. Act now, this is your last chance.",24.35,"['urgency', 'fear']","['authoritative', 'threat']","['threat', 'urgency', 'scarcity']","['irregular_speech', 'interruptions']","{'words_count': 120, 'audio_path': 'audio/lot3/en_fraud_240.wav'}",audio\lot3_en_fraud_240.wav
lot3_en_fraud_244,fraudulent,en,"I am a senior agent from the IRS. Your tax return has been audited and you owe the government $15,000 immediately. If you do not pay the bond by prepaid gift card within the hour, a warrant will be issued for your arrest. I am the only one who can prevent jail time. You must obey my authority right now to secure this huge reward of freedom.",23.72,"['authority', 'fear']","['authoritative', 'threat']","['authority', 'threat', 'urgency', 'reward', 'scarcity']","['long_silence', 'irregular_speech']","{'words_count': 120, 'audio_path': 'audio/lot3/en_fraud_244.wav'}",audio\lot3_en_fraud_244.wav
lot3_en_fraud_250,fraudulent,en,"I am a high-ranking officer from the Department of Justice. Your name is linked to a major felony case. You are a federal criminal. I am the only one with the authority to offer you a quick settlement. You must pay the fine of $1,000 using the Bitcoin transfer I have prepared. If you hang up, you face immediate and irreversible jail time. You must obey my authority and act now to secure your freedom reward.",28.44,"['authority', 'fear']","['authoritative', 'threat']","['authority', 'threat', 'urgency', 'reward', 'scarcity']","['long_silence', 'irregular_speech']","{'words_count': 140, 'audio_path': 'audio/lot3/en_fraud_250.wav'}",audio\lot3_en_fraud_250.wav
lot3_en_legit_251,legitimate,en,"This message is to confirm the delivery of your package from ABC Retailer. It was delivered to your front porch at 2:15 PM today. If you did not receive the package, please contact our shipping department with your tracking number. Thank you.",14.97,"['calm', 'neutral']",['professional'],[],[],"{'words_count': 48, 'audio_path': 'audio/lot3/en_legit_251.wav'}",audio\lot3_en_legit_251.wav
lot3_en_fraud_254,fraudulent,en,"Congratulations! You have been randomly selected to receive a $2,000 Amazon gift card! This exclusive reward is only available to the first 50 people to call back. To claim your huge prize, you must verify your identity by providing your full bank account number and the security question answer. This limited-time offer expires in three hours. You must act fast to secure this reward.",25.04,"['excitement', 'urgency']","['manipulative', 'warm']","['reward', 'scarcity', 'urgency']",['irregular_speech'],"{'words_count': 95, 'audio_path': 'audio/lot3/en_fraud_254.wav'}",audio\lot3_en_fraud_254.wav
lot3_en_fraud_260,fraudulent,en,"I am a high-level government agent from Homeland Security. Your phone number has been flagged for illegal communication with foreign entities. This is a severe threat to national security. I am the only one who can offer you an out. You must immediately pay the $3,000 bond using the Bitcoin transfer I instructed you to set up. This is a one-time reward to avoid jail. If you hang up, you face immediate arrest. You must comply with my authority right now.",30.87,"['authority', 'fear']","['authoritative', 'threat']","['authority', 'threat', 'urgency', 'reward', 'scarcity']","['long_silence', 'irregular_speech']","{'words_count': 140, 'audio_path': 'audio/lot3/en_fraud_260.wav'}",audio\lot3_en_fraud_260.wav
lot3_en_fraud_264,fraudulent,en,"Your bank has detected an unauthorized international wire transfer of $5,000 from your account. I am the only security agent with the clearance to reverse the transfer. You must immediately confirm your full card number and PIN to prevent the loss of your money. This is an urgent, irreversible threat to your life savings. Do not talk to anyone else. Obey my authority right now.",25.8,"['authority', 'fear']","['authoritative', 'threat']","['authority', 'threat', 'urgency', 'scarcity']","['interruptions', 'long_silence']","{'words_count': 120, 'audio_path': 'audio/lot3/en_fraud_264.wav'}",audio\lot3_en_fraud_264.wav
lot3_en_fraud_270,fraudulent,en,"I am a senior manager calling about a major security breach on your investment account. All your stocks and bonds have been stolen. I am the only one with the clearance to stop the transfer. You must immediately confirm your account password and the temporary security code from your email to prevent losing all your investments. Do not hesitate, you will lose everything in the next 5 minutes. This is an urgent threat to your finances. Obey my authority.",26.94,"['authority', 'anxiety']","['authoritative', 'urgent']","['authority', 'urgency', 'scarcity', 'threat']","['irregular_speech', 'interruptions']","{'words_count': 110, 'audio_path': 'audio/lot3/en_fraud_270.wav'}",audio\lot3_en_fraud_270.wav
lot3_en_fraud_274,fraudulent,en,"Your identity has been flagged by the DEA for massive drug trafficking. This is a severe federal offense. I am the only high-ranking agent who can offer you an immediate path to compliance. You must immediately pay the $4,000 bond using the Bitcoin transfer I instructed you to set up. This is a one-time reward to avoid jail. If you hang up, you face immediate arrest. You must comply with my authority right now.",28.92,"['authority', 'fear']","['authoritative', 'threat']","['authority', 'threat', 'urgency', 'reward', 'scarcity']","['long_silence', 'irregular_speech']","{'words_count': 140, 'audio_path': 'audio/lot3/en_fraud_274.wav'}",audio\lot3_en_fraud_274.wav
lot3_en_legit_277,legitimate,en,"This call is to confirm that your auto loan application has been approved. The documents are ready for your signature at the dealership. Please stop by during our business hours, Monday to Friday, 9 AM to 5 PM. We look forward to seeing you soon.",15.54,"['calm', 'friendly']",['warm'],[],[],"{'words_count': 48, 'audio_path': 'audio/lot3/en_legit_277.wav'}",audio\lot3_en_legit_277.wav
lot3_en_fraud_280,fraudulent,en,"Your name has been flagged by the FBI for massive counterfeiting operations. This is a severe federal offense. I am the only high-ranking agent who can offer you an immediate path to compliance. You must immediately pay the $5,000 bond using the Bitcoin transfer I instructed you to set up. This is a one-time reward to avoid jail. If you hang up, you face immediate arrest. You must comply with my authority right now.",28.28,"['authority', 'fear']","['authoritative', 'threat']","['authority', 'threat', 'urgency', 'reward', 'scarcity']","['long_silence', 'irregular_speech']","{'words_count': 140, 'audio_path': 'audio/lot3/en_fraud_280.wav'}",audio\lot3_en_fraud_280.wav
lot3_en_fraud_284,fraudulent,en,"I am a high-level manager calling about a massive data breach on your retirement account. All your funds have been stolen. I am the only one with the clearance to lock the account. You must immediately confirm your account security question and date of birth to prevent losing all your savings. Do not hesitate, you will lose everything in the next 15 minutes. This is an urgent threat to your finances. Obey my authority.",25.02,"['authority', 'anxiety']","['authoritative', 'urgent']","['authority', 'urgency', 'scarcity', 'threat']","['irregular_speech', 'interruptions']","{'words_count': 110, 'audio_path': 'audio/lot3/en_fraud_284.wav'}",audio\lot3_en_fraud_284.wav
lot3_en_legit_287,legitimate,en,"This call is a reminder for your utility payment. Your bill is due next Friday, and the total amount is $85. You can pay online through your customer portal or by calling our automated line. If you have already paid, please disregard this message. Thank you.",16.5,['neutral'],['professional'],[],[],"{'words_count': 55, 'audio_path': 'audio/lot3/en_legit_287.wav'}",audio\lot3_en_legit_287.wav
lot3_en_fraud_290,fraudulent,en,"I am a high-ranking officer from the Federal Trade Commission. Your business license is linked to a major fraud case. You are a federal criminal. I am the only one with the authority to offer you a quick settlement. You must pay the fine of $2,000 using the Bitcoin transfer I have prepared. If you hang up, you face immediate and irreversible jail time. You must obey my authority and act now to secure your freedom reward.",28.77,"['authority', 'fear']","['authoritative', 'threat']","['authority', 'threat', 'urgency', 'reward', 'scarcity']","['long_silence', 'irregular_speech']","{'words_count': 140, 'audio_path': 'audio/lot3/en_fraud_290.wav'}",audio\lot3_en_fraud_290.wav
lot3_en_fraud_294,fraudulent,en,"I am a high-level manager calling about a massive data breach on your student loan. All your information has been stolen. I am the only one with the clearance to lock the account. You must immediately confirm your social security number and the temporary security code from your phone to prevent losing all your funds. Do not hesitate, you will lose everything in the next 10 minutes. This is an urgent threat to your finances. Obey my authority.",26.03,"['authority', 'anxiety']","['authoritative', 'urgent']","['authority', 'urgency', 'scarcity', 'threat']","['irregular_speech', 'interruptions']","{'words_count': 110, 'audio_path': 'audio/lot3/en_fraud_294.wav'}",audio\lot3_en_fraud_294.wav
lot3_en_legit_297,legitimate,en,"This message is to confirm that your annual membership will be automatically renewed on the 1st of next month. The fee of $120 will be charged to your saved payment method. If you wish to cancel or modify your plan, please do so via your account portal before the renewal date. Thank you.",18.18,['calm'],['professional'],[],[],"{'words_count': 60, 'audio_path': 'audio/lot3/en_legit_297.wav'}",audio\lot3_en_legit_297.wav
lot3_en_fraud_300,fraudulent,en,"I am a high-ranking officer from the Department of Homeland Security. Your name is linked to a major customs violation case. You are a federal criminal. I am the only one with the authority to offer you a quick settlement. You must pay the fine of $1,500 using the prepaid gift card I have prepared. If you hang up, you face immediate and irreversible jail time. You must obey my authority and act now to secure your freedom reward.",30.56,"['authority', 'fear']","['authoritative', 'threat']","['authority', 'threat', 'urgency', 'reward', 'scarcity']","['long_silence', 'irregular_speech']","{'words_count': 140, 'audio_path': 'audio/lot3/en_fraud_300.wav'}",audio\lot3_en_fraud_300.wav
lot4_en_fraud_302,fraudulent,en,"I am a senior agent from the IRS. Your tax returns are being audited, and you owe the government $15,000 immediately. If you do not pay the bond by prepaid gift card within the hour, a warrant will be issued for your arrest. I am the only one who can prevent jail time. You must obey my authority right now to secure this huge reward of freedom.",25.11,"['authority', 'fear']","['authoritative', 'threat']","['authority', 'threat', 'urgency', 'reward', 'scarcity']","['long_silence', 'irregular_speech']","{'words_count': 120, 'audio_path': 'audio/lot4/en_fraud_302.wav'}",audio\lot4_en_fraud_302.wav
lot4_en_legit_303,legitimate,en,This message is from your insurance company. Your annual premium invoice is now available in your customer portal. The payment deadline is the 10th of next month. Please review your policy details to ensure they are up to date. Thank you for your continued business.,15.53,['neutral'],['professional'],[],[],"{'words_count': 55, 'audio_path': 'audio/lot4/en_legit_303.wav'}",audio\lot4_en_legit_303.wav
lot4_en_fraud_306,fraudulent,en,"Your identity has been flagged by the FBI for massive identity theft. This is a severe federal offense. I am the only high-ranking agent who can offer you an immediate path to compliance. You must immediately pay the $1,000 bond using the Bitcoin transfer I instructed you to set up. This is a one-time reward to avoid jail. If you hang up, you face immediate arrest. You must comply with my authority right now.",29.3,"['authority', 'fear']","['authoritative', 'threat']","['authority', 'threat', 'urgency', 'reward', 'scarcity']","['long_silence', 'irregular_speech']","{'words_count': 140, 'audio_path': 'audio/lot4/en_fraud_306.wav'}",audio\lot4_en_fraud_306.wav
lot4_en_fraud_308,fraudulent,en,"I am a high-ranking officer from the Department of Justice. Your name is linked to a major felony case. You are a federal criminal. I am the only one with the authority to offer you a quick settlement. You must pay the fine of $1,000 using the Bitcoin transfer I have prepared. If you hang up, you face immediate and irreversible jail time. You must obey my authority and act now to secure your freedom reward.",27.73,"['authority', 'fear']","['authoritative', 'threat']","['authority', 'threat', 'urgency', 'reward', 'scarcity']","['long_silence', 'irregular_speech']","{'words_count': 140, 'audio_path': 'audio/lot4/en_fraud_308.wav'}",audio\lot4_en_fraud_308.wav
lot4_en_legit_311,legitimate,en,This call is to inform you that your new credit card has been successfully ordered and is being shipped to your registered address. You should receive it within 5 to 7 business days. Please activate the card immediately upon receipt. Thank you for banking with us.,14.92,"['neutral', 'reassuring']",['professional'],[],[],"{'words_count': 60, 'audio_path': 'audio/lot4/en_legit_311.wav'}",audio\lot4_en_legit_311.wav
lot4_en_fraud_314,fraudulent,en,"I am a high-level manager calling about a massive data breach on your retirement account. All your funds have been stolen. I am the only one with the clearance to lock the account. You must immediately confirm your account security question and date of birth to prevent losing all your savings. Do not hesitate, you will lose everything in the next 15 minutes. This is an urgent threat to your finances. Obey my authority.",25.02,"['authority', 'anxiety']","['authoritative', 'urgent']","['authority', 'urgency', 'scarcity', 'threat']","['irregular_speech', 'interruptions']","{'words_count': 110, 'audio_path': 'audio/lot4/en_fraud_314.wav'}",audio\lot4_en_fraud_314.wav
lot4_en_fraud_320,fraudulent,en,"This is a final warning. Your Amazon account has been compromised, and a large unauthorized purchase was made. If you do not immediately press 1 to confirm your account details, including your full 16-digit card number and the PIN, your account will be suspended, and the fraudulent charge will be applied. This is an urgent, massive threat to your financial security. Act now, this is your last chance.",24.35,"['urgency', 'fear']","['authoritative', 'threat']","['threat', 'urgency', 'scarcity']","['irregular_speech', 'interruptions']","{'words_count': 120, 'audio_path': 'audio/lot4/en_fraud_320.wav'}",audio\lot4_en_fraud_320.wav
lot4_en_fraud_326,fraudulent,en,"Your identity has been flagged by the DEA for massive drug trafficking. This is a severe federal offense. I am the only high-ranking agent who can offer you an immediate path to compliance. You must immediately pay the $4,000 bond using the Bitcoin transfer I instructed you to set up. This is a one-time reward to avoid jail. If you hang up, you face immediate arrest. You must comply with my authority right now.",28.62,"['authority', 'fear']","['authoritative', 'threat']","['authority', 'threat', 'urgency', 'reward', 'scarcity']","['long_silence', 'irregular_speech']","{'words_count': 140, 'audio_path': 'audio/lot4/en_fraud_326.wav'}",audio\lot4_en_fraud_326.wav
lot4_en_fraud_335,fraudulent,en,"Your bank account has been hacked and funds are being transferred to an illegal offshore account. I am the only security agent with the authority to stop this. You must immediately transfer $5,000 to the secure recovery account to prevent total loss. This is an urgent, irreversible threat to your life savings. Do not talk to anyone else. You must comply with my authority right now.",25.73,"['authority', 'fear']","['authoritative', 'threat']","['authority', 'threat', 'urgency', 'scarcity']","['interruptions', 'long_silence']","{'words_count': 120, 'audio_path': 'audio/lot4/en_fraud_335.wav'}",audio\lot4_en_fraud_335.wav
lot4_en_fraud_341,fraudulent,en,"This is a final warning. Your Amazon account has been compromised, and a large unauthorized purchase was made. If you do not immediately press 1 to confirm your account details, including your full 16-digit card number and the PIN, your account will be suspended, and the fraudulent charge will be applied. This is an urgent, massive threat to your financial security. Act now, this is your last chance.",24.35,"['urgency', 'fear']","['authoritative', 'threat']","['threat', 'urgency', 'scarcity']","['irregular_speech', 'interruptions']","{'words_count': 120, 'audio_path': 'audio/lot4/en_fraud_341.wav'}",audio\lot4_en_fraud_341.wav
lot4_en_fraud_347,fraudulent,en,"I am a senior agent from the IRS. Your tax return has been audited and you owe the government $15,000 immediately. If you do not pay the bond by prepaid gift card within the hour, a warrant will be issued for your arrest. I am the only one who can prevent jail time. You must obey my authority right now to secure this huge reward of freedom.",24.06,"['authority', 'fear']","['authoritative', 'threat']","['authority', 'threat', 'urgency', 'reward', 'scarcity']","['long_silence', 'irregular_speech']","{'words_count': 120, 'audio_path': 'audio/lot4/en_fraud_347.wav'}",audio\lot4_en_fraud_347.wav
lot4_en_fraud_351,fraudulent,en,"I am a high-level government agent from Homeland Security. Your phone number has been flagged for illegal communication with foreign entities. This is a severe threat to national security. I am the only one who can offer you an out. You must immediately pay the $3,000 bond using the Bitcoin transfer I instructed you to set up. This is a one-time reward to avoid jail. If you hang up, you face immediate arrest. You must comply with my authority right now.",29.84,"['authority', 'fear']","['authoritative', 'threat']","['authority', 'threat', 'urgency', 'reward', 'scarcity']","['long_silence', 'irregular_speech']","{'words_count': 140, 'audio_path': 'audio/lot4/en_fraud_351.wav'}",audio\lot4_en_fraud_351.wav
lot4_en_legit_354,legitimate,en,"This message is to confirm the delivery of your package from ABC Retailer. It was delivered to your front porch at 2:15 PM today. If you did not receive the package, please contact our shipping department with your tracking number. Thank you.",14.97,"['calm', 'neutral']",['professional'],[],[],"{'words_count': 48, 'audio_path': 'audio/lot4/en_legit_354.wav'}",audio\lot4_en_legit_354.wav
lot4_en_fraud_357,fraudulent,en,"Congratulations! You have been randomly selected to receive a $2,000 Amazon gift card! This exclusive reward is only available to the first 50 people to call back. To claim your huge prize, you must verify your identity by providing your full bank account number and the security question answer. This limited-time offer expires in three hours. You must act fast to secure this reward.",25.04,"['excitement', 'urgency']","['manipulative', 'warm']","['reward', 'scarcity', 'urgency']",['irregular_speech'],"{'words_count': 95, 'audio_path': 'audio/lot4/en_fraud_357.wav'}",audio\lot4_en_fraud_357.wav
lot4_en_fraud_363,fraudulent,en,"I am a high-level government agent from Homeland Security. Your phone number has been flagged for illegal communication with foreign entities. This is a severe threat to national security. I am the only one who can offer you an out. You must immediately pay the $3,000 bond using the Bitcoin transfer I instructed you to set up. This is a one-time reward to avoid jail. If you hang up, you face immediate arrest. You must comply with my authority right now.",29.56,"['authority', 'fear']","['authoritative', 'threat']","['authority', 'threat', 'urgency', 'reward', 'scarcity']","['long_silence', 'irregular_speech']","{'words_count': 140, 'audio_path': 'audio/lot4/en_fraud_363.wav'}",audio\lot4_en_fraud_363.wav
lot4_en_fraud_369,fraudulent,en,"Your bank has detected an unauthorized international wire transfer of $5,000 from your account. I am the only security agent with the clearance to reverse the transfer. You must immediately confirm your full card number and PIN to prevent the loss of your money. This is an urgent, irreversible threat to your life savings. Do not talk to anyone else. Obey my authority right now.",25.55,"['authority', 'fear']","['authoritative', 'threat']","['authority', 'threat', 'urgency', 'scarcity']","['interruptions', 'long_silence']","{'words_count': 120, 'audio_path': 'audio/lot4/en_fraud_369.wav'}",audio\lot4_en_fraud_369.wav
lot4_en_fraud_375,fraudulent,en,"I am a senior manager calling about a major security breach on your investment account. All your stocks and bonds have been stolen. I am the only one with the clearance to stop the transfer. You must immediately confirm your account password and the temporary security code from your email to prevent losing all your investments. Do not hesitate, you will lose everything in the next 5 minutes. This is an urgent threat to your finances. Obey my authority.",26.94,"['authority', 'anxiety']","['authoritative', 'urgent']","['authority', 'urgency', 'scarcity', 'threat']","['irregular_speech', 'interruptions']","{'words_count': 110, 'audio_path': 'audio/lot4/en_fraud_375.wav'}",audio\lot4_en_fraud_375.wav
lot4_en_fraud_381,fraudulent,en,"Your identity has been flagged by the DEA for massive drug trafficking. This is a severe federal offense. I am the only high-ranking agent who can offer you an immediate path to compliance. You must immediately pay the $4,000 bond using the Bitcoin transfer I instructed you to set up. This is a one-time reward to avoid jail. If you hang up, you face immediate arrest. You must comply with my authority right now.",28.05,"['authority', 'fear']","['authoritative', 'threat']","['authority', 'threat', 'urgency', 'reward', 'scarcity']","['long_silence', 'irregular_speech']","{'words_count': 140, 'audio_path': 'audio/lot4/en_fraud_381.wav'}",audio\lot4_en_fraud_381.wav
lot4_en_legit_384,legitimate,en,"This call is to confirm that your auto loan application has been approved. The documents are ready for your signature at the dealership. Please stop by during our business hours, Monday to Friday, 9 AM to 5 PM. We look forward to seeing you soon.",15.54,"['calm', 'friendly']",['warm'],[],[],"{'words_count': 48, 'audio_path': 'audio/lot4/en_legit_384.wav'}",audio\lot4_en_legit_384.wav
lot4_en_fraud_387,fraudulent,en,"I am a high-level manager calling about a massive data breach on your retirement account. All your funds have been stolen. I am the only one with the clearance to lock the account. You must immediately confirm your account security question and date of birth to prevent losing all your savings. Do not hesitate, you will lose everything in the next 15 minutes. This is an urgent threat to your finances. Obey my authority.",25.02,"['authority', 'anxiety']","['authoritative', 'urgent']","['authority', 'urgency', 'scarcity', 'threat']","['irregular_speech', 'interruptions']","{'words_count': 110, 'audio_path': 'audio/lot4/en_fraud_387.wav'}",audio\lot4_en_fraud_387.wav
lot4_en_legit_390,legitimate,en,"This call is a reminder for your utility payment. Your bill is due next Friday, and the total amount is $85. You can pay online through your customer portal or by calling our automated line. If you have already paid, please disregard this message. Thank you.",16.5,['neutral'],['professional'],[],[],"{'words_count': 55, 'audio_path': 'audio/lot4/en_legit_390.wav'}",audio\lot4_en_legit_390.wav
lot4_en_fraud_391,fraudulent,en,"I am a high-ranking officer from the Federal Trade Commission. Your business license is linked to a major fraud case. You are a federal criminal. I am the only one with the authority to offer you a quick settlement. You must pay the fine of $2,000 using the Bitcoin transfer I have prepared. If you hang up, you face immediate and irreversible jail time. You must obey my authority and act now to secure your freedom reward.",28.9,"['authority', 'fear']","['authoritative', 'threat']","['authority', 'threat', 'urgency', 'reward', 'scarcity']","['long_silence', 'irregular_speech']","{'words_count': 140, 'audio_path': 'audio/lot4/en_fraud_391.wav'}",audio\lot4_en_fraud_391.wav
lot4_en_fraud_397,fraudulent,en,"I am a high-level manager calling about a massive data breach on your student loan. All your information has been stolen. I am the only one with the clearance to lock the account. You must immediately confirm your social security number and the temporary security code from your phone to prevent losing all your funds. Do not hesitate, you will lose everything in the next 10 minutes. This is an urgent threat to your finances. Obey my authority.",26.03,"['authority', 'anxiety']","['authoritative', 'urgent']","['authority', 'urgency', 'scarcity', 'threat']","['irregular_speech', 'interruptions']","{'words_count': 110, 'audio_path': 'audio/lot4/en_fraud_397.wav'}",audio\lot4_en_fraud_397.wav
lot4_en_legit_400,legitimate,en,"This message is to confirm that your annual membership will be automatically renewed on the 1st of next month. The fee of $120 will be charged to your saved payment method. If you wish to cancel or modify your plan, please do so via your account portal before the renewal date. Thank you.",18.18,['calm'],['professional'],[],[],"{'words_count': 60, 'audio_path': 'audio/lot4/en_legit_400.wav'}",audio\lot4_en_legit_400.wav
lot5_en_fraud_404,fraudulent,en,"I am a senior agent from the Social Security Administration. Your Social Security number has been flagged for massive fraud. This is a severe federal offense. If you do not pay the $1,200 bond by prepaid gift card within 30 minutes, a warrant will be issued for your arrest. I am the only one who can prevent jail time. You must obey my authority right now to secure this huge reward of freedom.",27.68,"['authority', 'fear']","['authoritative', 'threat']","['authority', 'threat', 'urgency', 'reward', 'scarcity']","['long_silence', 'irregular_speech']","{'words_count': 120, 'audio_path': 'audio/lot5/en_fraud_404.wav'}",audio\lot5_en_fraud_404.wav
lot5_en_legit_407,legitimate,en,This message is from your insurance company. Your annual premium invoice is now available in your customer portal. The payment deadline is the 10th of next month. Please review your policy details to ensure they are up to date. Thank you for your continued business.,15.53,['neutral'],['professional'],[],[],"{'words_count': 55, 'audio_path': 'audio/lot5/en_legit_407.wav'}",audio\lot5_en_legit_407.wav
lot5_en_fraud_410,fraudulent,en,"Your identity has been flagged by the FBI for massive identity theft. This is a severe federal offense. I am the only high-ranking agent who can offer you an immediate path to compliance. You must immediately pay the $1,000 bond using the Bitcoin transfer I instructed you to set up. This is a one-time reward to avoid jail. If you hang up, you face immediate arrest. You must comply with my authority right now.",27.96,"['authority', 'fear']","['authoritative', 'threat']","['authority', 'threat', 'urgency', 'reward', 'scarcity']","['long_silence', 'irregular_speech']","{'words_count': 140, 'audio_path': 'audio/lot5/en_fraud_410.wav'}",audio\lot5_en_fraud_410.wav
lot5_en_legit_413,legitimate,en,This call is to inform you that your new credit card has been successfully ordered and is being shipped to your registered address. You should receive it within 5 to 7 business days. Please activate the card immediately upon receipt. Thank you for banking with us.,14.92,"['neutral', 'reassuring']",['professional'],[],[],"{'words_count': 60, 'audio_path': 'audio/lot5/en_legit_413.wav'}",audio\lot5_en_legit_413.wav
lot5_en_fraud_416,fraudulent,en,"Your identity has been flagged by the DEA for massive drug trafficking. This is a severe federal offense. I am the only high-ranking agent who can offer you an immediate path to compliance. You must immediately pay the $4,000 bond using the Bitcoin transfer I instructed you to set up. This is a one-time reward to avoid jail. If you hang up, you face immediate arrest. You must comply with my authority right now.",28.84,"['authority', 'fear']","['authoritative', 'threat']","['authority', 'threat', 'urgency', 'reward', 'scarcity']","['long_silence', 'irregular_speech']","{'words_count': 140, 'audio_path': 'audio/lot5/en_fraud_416.wav'}",audio\lot5_en_fraud_416.wav
lot5_en_fraud_422,fraudulent,en,"This is a final warning. Your Amazon account has been compromised, and a large unauthorized purchase was made. If you do not immediately press 1 to confirm your account details, including your full 16-digit card number and the PIN, your account will be suspended, and the fraudulent charge will be applied. This is an urgent, massive threat to your financial security. Act now, this is your last chance.",24.35,"['urgency', 'fear']","['authoritative', 'threat']","['threat', 'urgency', 'scarcity']","['irregular_speech', 'interruptions']","{'words_count': 120, 'audio_path': 'audio/lot5/en_fraud_422.wav'}",audio\lot5_en_fraud_422.wav
lot5_en_fraud_427,fraudulent,en,"I am a high-ranking officer from the Department of Justice. Your name is linked to a major felony case. You are a federal criminal. I am the only one with the authority to offer you a quick settlement. You must pay the fine of $1,000 using the Bitcoin transfer I have prepared. If you hang up, you face immediate and irreversible jail time. You must obey my authority and act now to secure your freedom reward.",28.48,"['authority', 'fear']","['authoritative', 'threat']","['authority', 'threat', 'urgency', 'reward', 'scarcity']","['long_silence', 'irregular_speech']","{'words_count': 140, 'audio_path': 'audio/lot5/en_fraud_427.wav'}",audio\lot5_en_fraud_427.wav
lot5_en_fraud_435,fraudulent,en,"I am a senior agent from the IRS. Your tax returns are being audited, and you owe the government $15,000 immediately. If you do not pay the bond by prepaid gift card within the hour, a warrant will be issued for your arrest. I am the only one who can prevent jail time. You must obey my authority right now to secure this huge reward of freedom.",24.82,"['authority', 'fear']","['authoritative', 'threat']","['authority', 'threat', 'urgency', 'reward', 'scarcity']","['long_silence', 'irregular_speech']","{'words_count': 120, 'audio_path': 'audio/lot5/en_fraud_435.wav'}",audio\lot5_en_fraud_435.wav
lot5_en_legit_438,legitimate,en,"This call is a reminder for your utility payment. Your bill is due next Friday, and the total amount is $85. You can pay online through your customer portal or by calling our automated line. If you have already paid, please disregard this message. Thank you.",16.5,['neutral'],['professional'],[],[],"{'words_count': 55, 'audio_path': 'audio/lot5/en_legit_438.wav'}",audio\lot5_en_legit_438.wav
lot5_en_fraud_441,fraudulent,en,"Your bank account has been hacked and funds are being transferred to an illegal offshore account. I am the only security agent with the authority to stop this. You must immediately transfer $5,000 to the secure recovery account to prevent total loss. This is an urgent, irreversible threat to your life savings. Do not talk to anyone else. You must comply with my authority right now.",26.55,"['authority', 'fear']","['authoritative', 'threat']","['authority', 'threat', 'urgency', 'scarcity']","['interruptions', 'long_silence']","{'words_count': 120, 'audio_path': 'audio/lot5/en_fraud_441.wav'}",audio\lot5_en_fraud_441.wav
lot5_en_fraud_447,fraudulent,en,"Congratulations! You have been randomly selected to receive a $2,000 Amazon gift card! This exclusive reward is only available to the first 50 people to call back. To claim your huge prize, you must verify your identity by providing your full bank account number and the security question answer. This limited-time offer expires in three hours. You must act fast to secure this reward.",25.04,"['excitement', 'urgency']","['manipulative', 'warm']","['reward', 'scarcity', 'urgency']",['irregular_speech'],"{'words_count': 95, 'audio_path': 'audio/lot5/en_fraud_447.wav'}",audio\lot5_en_fraud_447.wav
lot5_en_fraud_451,fraudulent,en,"I am a high-level government agent from Homeland Security. Your phone number has been flagged for illegal communication with foreign entities. This is a severe threat to national security. I am the only one who can offer you an out. You must immediately pay the $3,000 bond using the Bitcoin transfer I instructed you to set up. This is a one-time reward to avoid jail. If you hang up, you face immediate arrest. You must comply with my authority right now.",30.75,"['authority', 'fear']","['authoritative', 'threat']","['authority', 'threat', 'urgency', 'reward', 'scarcity']","['long_silence', 'irregular_speech']","{'words_count': 140, 'audio_path': 'audio/lot5/en_fraud_451.wav'}",audio\lot5_en_fraud_451.wav
lot5_en_legit_454,legitimate,en,"This message is to confirm the delivery of your package from ABC Retailer. It was delivered to your front porch at 2:15 PM today. If you did not receive the package, please contact our shipping department with your tracking number. Thank you.",14.97,"['calm', 'neutral']",['professional'],[],[],"{'words_count': 48, 'audio_path': 'audio/lot5/en_legit_454.wav'}",audio\lot5_en_legit_454.wav
lot5_en_fraud_457,fraudulent,en,"I am a senior agent from the Social Security Administration. Your Social Security number has been flagged for massive fraud. This is a severe federal offense. If you do not pay the $1,200 bond by prepaid gift card within 30 minutes, a warrant will be issued for your arrest. I am the only one who can prevent jail time. You must obey my authority right now to secure this huge reward of freedom.",27.13,"['authority', 'fear']","['authoritative', 'threat']","['authority', 'threat', 'urgency', 'reward', 'scarcity']","['long_silence', 'irregular_speech']","{'words_count': 120, 'audio_path': 'audio/lot5/en_fraud_457.wav'}",audio\lot5_en_fraud_457.wav
lot5_en_fraud_463,fraudulent,en,"Your bank has detected an unauthorized international wire transfer of $5,000 from your account. I am the only security agent with the clearance to reverse the transfer. You must immediately confirm your full card number and PIN to prevent the loss of your money. This is an urgent, irreversible threat to your life savings. Do not talk to anyone else. Obey my authority right now.",25.6,"['authority', 'fear']","['authoritative', 'threat']","['authority', 'threat', 'urgency', 'scarcity']","['interruptions', 'long_silence']","{'words_count': 120, 'audio_path': 'audio/lot5/en_fraud_463.wav'}",audio\lot5_en_fraud_463.wav
lot5_en_fraud_469,fraudulent,en,"I am a high-level manager calling about a massive data breach on your student loan. All your information has been stolen. I am the only one with the clearance to lock the account. You must immediately confirm your social security number and the temporary security code from your phone to prevent losing all your funds. Do not hesitate, you will lose everything in the next 10 minutes. This is an urgent threat to your finances. Obey my authority.",26.03,"['authority', 'anxiety']","['authoritative', 'urgent']","['authority', 'urgency', 'scarcity', 'threat']","['irregular_speech', 'interruptions']","{'words_count': 110, 'audio_path': 'audio/lot5/en_fraud_469.wav'}",audio\lot5_en_fraud_469.wav
lot5_en_fraud_475,fraudulent,en,"I am a senior manager calling about a major security breach on your investment account. All your stocks and bonds have been stolen. I am the only one with the clearance to stop the transfer. You must immediately confirm your account password and the temporary security code from your email to prevent losing all your investments. Do not hesitate, you will lose everything in the next 5 minutes. This is an urgent threat to your finances. Obey my authority.",26.94,"['authority', 'anxiety']","['authoritative', 'urgent']","['authority', 'urgency', 'scarcity', 'threat']","['irregular_speech', 'interruptions']","{'words_count': 110, 'audio_path': 'audio/lot5/en_fraud_475.wav'}",audio\lot5_en_fraud_475.wav
lot5_en_legit_478,legitimate,en,"This call is to confirm that your auto loan application has been approved. The documents are ready for your signature at the dealership. Please stop by during our business hours, Monday to Friday, 9 AM to 5 PM. We look forward to seeing you soon.",15.54,"['calm', 'friendly']",['warm'],[],[],"{'words_count': 48, 'audio_path': 'audio/lot5/en_legit_478.wav'}",audio\lot5_en_legit_478.wav
lot5_en_fraud_481,fraudulent,en,"I am a high-ranking officer from the Federal Trade Commission. Your business license is linked to a major fraud case. You are a federal criminal. I am the only one with the authority to offer you a quick settlement. You must pay the fine of $2,000 using the Bitcoin transfer I have prepared. If you hang up, you face immediate and irreversible jail time. You must obey my authority and act now to secure your freedom reward.",28.19,"['authority', 'fear']","['authoritative', 'threat']","['authority', 'threat', 'urgency', 'reward', 'scarcity']","['long_silence', 'irregular_speech']","{'words_count': 140, 'audio_path': 'audio/lot5/en_fraud_481.wav'}",audio\lot5_en_fraud_481.wav
lot5_en_fraud_487,fraudulent,en,"I am a high-level manager calling about a massive data breach on your retirement account. All your funds have been stolen. I am the only one with the clearance to lock the account. You must immediately confirm your account security question and date of birth to prevent losing all your savings. Do not hesitate, you will lose everything in the next 15 minutes. This is an urgent threat to your finances. Obey my authority.",25.02,"['authority', 'anxiety']","['authoritative', 'urgent']","['authority', 'urgency', 'scarcity', 'threat']","['irregular_speech', 'interruptions']","{'words_count': 110, 'audio_path': 'audio/lot5/en_fraud_487.wav'}",audio\lot5_en_fraud_487.wav
lot5_en_fraud_491,fraudulent,en,"I am a high-ranking officer from the Department of Justice. Your name is linked to a major felony case. You are a federal criminal. I am the only one with the authority to offer you a quick settlement. You must pay the fine of $1,000 using the Bitcoin transfer I have prepared. If you hang up, you face immediate and irreversible jail time. You must obey my authority and act now to secure your freedom reward.",27.67,"['authority', 'fear']","['authoritative', 'threat']","['authority', 'threat', 'urgency', 'reward', 'scarcity']","['long_silence', 'irregular_speech']","{'words_count': 140, 'audio_path': 'audio/lot5/en_fraud_491.wav'}",audio\lot5_en_fraud_491.wav
lot5_en_legit_494,legitimate,en,This message is from your insurance company. Your annual premium invoice is now available in your customer portal. The payment deadline is the 10th of next month. Please review your policy details to ensure they are up to date. Thank you for your continued business.,15.53,['neutral'],['professional'],[],[],"{'words_count': 55, 'audio_path': 'audio/lot5/en_legit_494.wav'}",audio\lot5_en_legit_494.wav
lot5_en_fraud_497,fraudulent,en,"I am a high-level government agent from Homeland Security. Your phone number has been flagged for illegal communication with foreign entities. This is a severe threat to national security. I am the only one who can offer you an out. You must immediately pay the $3,000 bond using the Bitcoin transfer I instructed you to set up. This is a one-time reward to avoid jail. If you hang up, you face immediate arrest. You must comply with my authority right now.",30.15,"['authority', 'fear']","['authoritative', 'threat']","['authority', 'threat', 'urgency', 'reward', 'scarcity']","['long_silence', 'irregular_speech']","{'words_count': 140, 'audio_path': 'audio/lot5/en_fraud_497.wav'}",audio\lot5_en_fraud_497.wav
lot5_en_legit_500,legitimate,en,"This message is to confirm that your annual membership will be automatically renewed on the 1st of next month. The fee of $120 will be charged to your saved payment method. If you wish to cancel or modify your plan, please do so via your account portal before the renewal date. Thank you.",18.18,['calm'],['professional'],[],[],"{'words_count': 60, 'audio_path': 'audio/lot5/en_legit_500.wav'}",audio\lot5_en_legit_500.wav
lot6_en_fraud_504,fraudulent,en,"Your identity has been flagged by the FBI for massive identity theft. This is a severe federal offense. I am the only high-ranking agent who can offer you an immediate path to compliance. You must immediately pay the $1,000 bond using the Bitcoin transfer I instructed you to set up. This is a one-time reward to avoid jail. If you hang up, you face immediate arrest. You must comply with my authority right now.",28.57,"['authority', 'fear']","['authoritative', 'threat']","['authority', 'threat', 'urgency', 'reward', 'scarcity']","['long_silence', 'irregular_speech']","{'words_count': 140, 'audio_path': 'audio/lot6/en_fraud_504.wav'}",audio\lot6_en_fraud_504.wav
lot6_en_legit_507,legitimate,en,This message is from your insurance company. Your annual premium invoice is now available in your customer portal. The payment deadline is the 10th of next month. Please review your policy details to ensure they are up to date. Thank you for your continued business.,15.53,['neutral'],['professional'],[],[],"{'words_count': 55, 'audio_path': 'audio/lot6/en_legit_507.wav'}",audio\lot6_en_legit_507.wav
lot6_en_fraud_510,fraudulent,en,"Your identity has been flagged by the DEA for massive drug trafficking. This is a severe federal offense. I am the only high-ranking agent who can offer you an immediate path to compliance. You must immediately pay the $4,000 bond using the Bitcoin transfer I instructed you to set up. This is a one-time reward to avoid jail. If you hang up, you face immediate arrest. You must comply with my authority right now.",28.36,"['authority', 'fear']","['authoritative', 'threat']","['authority', 'threat', 'urgency', 'reward', 'scarcity']","['long_silence', 'irregular_speech']","{'words_count': 140, 'audio_path': 'audio/lot6/en_fraud_510.wav'}",audio\lot6_en_fraud_510.wav
lot6_en_legit_513,legitimate,en,This call is to inform you that your new credit card has been successfully ordered and is being shipped to your registered address. You should receive it within 5 to 7 business days. Please activate the card immediately upon receipt. Thank you for banking with us.,14.92,"['neutral', 'reassuring']",['professional'],[],[],"{'words_count': 60, 'audio_path': 'audio/lot6/en_legit_513.wav'}",audio\lot6_en_legit_513.wav
lot6_en_fraud_516,fraudulent,en,"I am a high-level government agent from Homeland Security. Your phone number has been flagged for illegal communication with foreign entities. This is a severe threat to national security. I am the only one who can offer you an out. You must immediately pay the $3,000 bond using the Bitcoin transfer I instructed you to set up. This is a one-time reward to avoid jail. If you hang up, you face immediate arrest. You must comply with my authority right now.",29.78,"['authority', 'fear']","['authoritative', 'threat']","['authority', 'threat', 'urgency', 'reward', 'scarcity']","['long_silence', 'irregular_speech']","{'words_count': 140, 'audio_path': 'audio/lot6/en_fraud_516.wav'}",audio\lot6_en_fraud_516.wav
lot6_en_fraud_522,fraudulent,en,"This is a final warning. Your Amazon account has been compromised, and a large unauthorized purchase was made. If you do not immediately press 1 to confirm your account details, including your full 16-digit card number and the PIN, your account will be suspended, and the fraudulent charge will be applied. This is an urgent, massive threat to your financial security. Act now, this is your last chance.",24.35,"['urgency', 'fear']","['authoritative', 'threat']","['threat', 'urgency', 'scarcity']","['irregular_speech', 'interruptions']","{'words_count': 120, 'audio_path': 'audio/lot6/en_fraud_522.wav'}",audio\lot6_en_fraud_522.wav
lot6_en_legit_527,legitimate,en,"This message is to confirm the delivery of your package from ABC Retailer. It was delivered to your front porch at 2:15 PM today. If you did not receive the package, please contact our shipping department with your tracking number. Thank you.",14.97,"['calm', 'neutral']",['professional'],[],[],"{'words_count': 48, 'audio_path': 'audio/lot6/en_legit_527.wav'}",audio\lot6_en_legit_527.wav
lot6_en_fraud_528,fraudulent,en,"I am a high-ranking officer from the Department of Justice. Your name is linked to a major felony case. You are a federal criminal. I am the only one with the authority to offer you a quick settlement. You must pay the fine of $1,000 using the Bitcoin transfer I have prepared. If you hang up, you face immediate and irreversible jail time. You must obey my authority and act now to secure your freedom reward.",28.39,"['authority', 'fear']","['authoritative', 'threat']","['authority', 'threat', 'urgency', 'reward', 'scarcity']","['long_silence', 'irregular_speech']","{'words_count': 140, 'audio_path': 'audio/lot6/en_fraud_528.wav'}",audio\lot6_en_fraud_528.wav
lot6_en_fraud_530,fraudulent,en,"Your bank account has been hacked and funds are being transferred to an illegal offshore account. I am the only security agent with the authority to stop this. You must immediately transfer $5,000 to the secure recovery account to prevent total loss. This is an urgent, irreversible threat to your life savings. Do not talk to anyone else. You must comply with my authority right now.",25.45,"['authority', 'fear']","['authoritative', 'threat']","['authority', 'threat', 'urgency', 'scarcity']","['interruptions', 'long_silence']","{'words_count': 120, 'audio_path': 'audio/lot6/en_fraud_530.wav'}",audio\lot6_en_fraud_530.wav
lot6_en_fraud_533,fraudulent,en,"I am a senior agent from the IRS. Your tax returns are being audited, and you owe the government $15,000 immediately. If you do not pay the bond by prepaid gift card within the hour, a warrant will be issued for your arrest. I am the only one who can prevent jail time. You must obey my authority right now to secure this huge reward of freedom.",24.7,"['authority', 'fear']","['authoritative', 'threat']","['authority', 'threat', 'urgency', 'reward', 'scarcity']","['long_silence', 'irregular_speech']","{'words_count': 120, 'audio_path': 'audio/lot6/en_fraud_533.wav'}",audio\lot6_en_fraud_533.wav
lot6_en_legit_536,legitimate,en,"This call is a reminder for your utility payment. Your bill is due next Friday, and the total amount is $85. You can pay online through your customer portal or by calling our automated line. If you have already paid, please disregard this message. Thank you.",16.5,['neutral'],['professional'],[],[],"{'words_count': 55, 'audio_path': 'audio/lot6/en_legit_536.wav'}",audio\lot6_en_legit_536.wav
lot6_en_fraud_539,fraudulent,en,"Your bank account has been hacked and funds are being transferred to an illegal offshore account. I am the only security agent with the authority to stop this. You must immediately transfer $5,000 to the secure recovery account to prevent total loss. This is an urgent, irreversible threat to your life savings. Do not talk to anyone else. You must comply with my authority right now.",26.73,"['authority', 'fear']","['authoritative', 'threat']","['authority', 'threat', 'urgency', 'scarcity']","['interruptions', 'long_silence']","{'words_count': 120, 'audio_path': 'audio/lot6/en_fraud_539.wav'}",audio\lot6_en_fraud_539.wav
lot6_en_fraud_545,fraudulent,en,"Congratulations! You have been randomly selected to receive a $2,000 Amazon gift card! This exclusive reward is only available to the first 50 people to call back. To claim your huge prize, you must verify your identity by providing your full bank account number and the security question answer. This limited-time offer expires in three hours. You must act fast to secure this reward.",25.04,"['excitement', 'urgency']","['manipulative', 'warm']","['reward', 'scarcity', 'urgency']",['irregular_speech'],"{'words_count': 95, 'audio_path': 'audio/lot6/en_fraud_545.wav'}",audio\lot6_en_fraud_545.wav
lot6_en_fraud_549,fraudulent,en,"I am a high-level government agent from Homeland Security. Your phone number has been flagged for illegal communication with foreign entities. This is a severe threat to national security. I am the only one who can offer you an out. You must immediately pay the $3,000 bond using the Bitcoin transfer I instructed you to set up. This is a one-time reward to avoid jail. If you hang up, you face immediate arrest. You must comply with my authority right now.",30.76,"['authority', 'fear']","['authoritative', 'threat']","['authority', 'threat', 'urgency', 'reward', 'scarcity']","['long_silence', 'irregular_speech']","{'words_count': 140, 'audio_path': 'audio/lot6/en_fraud_549.wav'}",audio\lot6_en_fraud_549.wav
lot6_en_fraud_555,fraudulent,en,"I am a senior agent from the Social Security Administration. Your Social Security number has been flagged for massive fraud. This is a severe federal offense. If you do not pay the $1,200 bond by prepaid gift card within 30 minutes, a warrant will be issued for your arrest. I am the only one who can prevent jail time. You must obey my authority right now to secure this huge reward of freedom.",27.61,"['authority', 'fear']","['authoritative', 'threat']","['authority', 'threat', 'urgency', 'reward', 'scarcity']","['long_silence', 'irregular_speech']","{'words_count': 120, 'audio_path': 'audio/lot6/en_fraud_555.wav'}",audio\lot6_en_fraud_555.wav
lot6_en_fraud_561,fraudulent,en,"Your bank has detected an unauthorized international wire transfer of $5,000 from your account. I am the only security agent with the clearance to reverse the transfer. You must immediately confirm your full card number and PIN to prevent the loss of your money. This is an urgent, irreversible threat to your life savings. Do not talk to anyone else. Obey my authority right now.",25.31,"['authority', 'fear']","['authoritative', 'threat']","['authority', 'threat', 'urgency', 'scarcity']","['interruptions', 'long_silence']","{'words_count': 120, 'audio_path': 'audio/lot6/en_fraud_561.wav'}",audio\lot6_en_fraud_561.wav
lot6_en_fraud_567,fraudulent,en,"I am a high-level manager calling about a massive data breach on your student loan. All your information has been stolen. I am the only one with the clearance to lock the account. You must immediately confirm your social security number and the temporary security code from your phone to prevent losing all your funds. Do not hesitate, you will lose everything in the next 10 minutes. This is an urgent threat to your finances. Obey my authority.",26.03,"['authority', 'anxiety']","['authoritative', 'urgent']","['authority', 'urgency', 'scarcity', 'threat']","['irregular_speech', 'interruptions']","{'words_count': 110, 'audio_path': 'audio/lot6/en_fraud_567.wav'}",audio\lot6_en_fraud_567.wav
lot6_en_fraud_573,fraudulent,en,"I am a senior manager calling about a major security breach on your investment account. All your stocks and bonds have been stolen. I am the only one with the clearance to stop the transfer. You must immediately confirm your account password and the temporary security code from your email to prevent losing all your investments. Do not hesitate, you will lose everything in the next 5 minutes. This is an urgent threat to your finances. Obey my authority.",26.94,"['authority', 'anxiety']","['authoritative', 'urgent']","['authority', 'urgency', 'scarcity', 'threat']","['irregular_speech', 'interruptions']","{'words_count': 110, 'audio_path': 'audio/lot6/en_fraud_573.wav'}",audio\lot6_en_fraud_573.wav
lot6_en_legit_576,legitimate,en,"This call is to confirm that your auto loan application has been approved. The documents are ready for your signature at the dealership. Please stop by during our business hours, Monday to Friday, 9 AM to 5 PM. We look forward to seeing you soon.",15.54,"['calm', 'friendly']",['warm'],[],[],"{'words_count': 48, 'audio_path': 'audio/lot6/en_legit_576.wav'}",audio\lot6_en_legit_576.wav
lot6_en_fraud_579,fraudulent,en,"I am a high-ranking officer from the Federal Trade Commission. Your business license is linked to a major fraud case. You are a federal criminal. I am the only one with the authority to offer you a quick settlement. You must pay the fine of $2,000 using the Bitcoin transfer I have prepared. If you hang up, you face immediate and irreversible jail time. You must obey my authority and act now to secure your freedom reward.",28.06,"['authority', 'fear']","['authoritative', 'threat']","['authority', 'threat', 'urgency', 'reward', 'scarcity']","['long_silence', 'irregular_speech']","{'words_count': 140, 'audio_path': 'audio/lot6/en_fraud_579.wav'}",audio\lot6_en_fraud_579.wav
lot6_en_fraud_585,fraudulent,en,"I am a high-level manager calling about a massive data breach on your retirement account. All your funds have been stolen. I am the only one with the clearance to lock the account. You must immediately confirm your account security question and date of birth to prevent losing all your savings. Do not hesitate, you will lose everything in the next 15 minutes. This is an urgent threat to your finances. Obey my authority.",25.02,"['authority', 'anxiety']","['authoritative', 'urgent']","['authority', 'urgency', 'scarcity', 'threat']","['irregular_speech', 'interruptions']","{'words_count': 110, 'audio_path': 'audio/lot6/en_fraud_585.wav'}",audio\lot6_en_fraud_585.wav
lot6_en_fraud_589,fraudulent,en,"I am a high-ranking officer from the Department of Justice. Your name is linked to a major felony case. You are a federal criminal. I am the only one with the authority to offer you a quick settlement. You must pay the fine of $1,000 using the Bitcoin transfer I have prepared. If you hang up, you face immediate and irreversible jail time. You must obey my authority and act now to secure your freedom reward.",28.04,"['authority', 'fear']","['authoritative', 'threat']","['authority', 'threat', 'urgency', 'reward', 'scarcity']","['long_silence', 'irregular_speech']","{'words_count': 140, 'audio_path': 'audio/lot6/en_fraud_589.wav'}",audio\lot6_en_fraud_589.wav
lot6_en_legit_592,legitimate,en,This message is from your insurance company. Your annual premium invoice is now available in your customer portal. The payment deadline is the 10th of next month. Please review your policy details to ensure they are up to date. Thank you for your continued business.,15.53,['neutral'],['professional'],[],[],"{'words_count': 55, 'audio_path': 'audio/lot6/en_legit_592.wav'}",audio\lot6_en_legit_592.wav
lot6_en_fraud_595,fraudulent,en,"I am a high-level government agent from Homeland Security. Your phone number has been flagged for illegal communication with foreign entities. This is a severe threat to national security. I am the only one who can offer you an out. You must immediately pay the $3,000 bond using the Bitcoin transfer I instructed you to set up. This is a one-time reward to avoid jail. If you hang up, you face immediate arrest. You must comply with my authority right now.",29.52,"['authority', 'fear']","['authoritative', 'threat']","['authority', 'threat', 'urgency', 'reward', 'scarcity']","['long_silence', 'irregular_speech']","{'words_count': 140, 'audio_path': 'audio/lot6/en_fraud_595.wav'}",audio\lot6_en_fraud_595.wav
lot6_en_legit_598,legitimate,en,"This message is to confirm that your annual membership will be automatically renewed on the 1st of next month. The fee of $120 will be charged to your saved payment method. If you wish to cancel or modify your plan, please do so via your account portal before the renewal date. Thank you.",18.18,['calm'],['professional'],[],[],"{'words_count': 60, 'audio_path': 'audio/lot6/en_legit_598.wav'}",audio\lot6_en_legit_598.wav
lot7_en_legit_601,legitimate,en,Hello. This is a reminder from the dental clinic. Your six-month cleaning appointment is scheduled for next Tuesday at 3 PM. Please call us back to confirm or reschedule. Remember to bring your insurance card. We look forward to seeing you.,14.74,['friendly'],['warm'],[],[],"{'words_count': 48, 'audio_path': 'audio/lot7/en_legit_601.wav'}",audio\lot7_en_legit_601.wav
lot7_en_fraud_604,fraudulent,en,"Congratulations! You have been randomly selected to win a cruise package to the Bahamas! This exclusive reward is only available to the first 10 callers. To claim your huge prize, you must verify your identity by providing your full bank account number and the security question answer. This limited-time offer expires in three hours. You must act fast to secure this reward.",23.28,"['excitement', 'urgency']","['manipulative', 'warm']","['reward', 'scarcity', 'urgency']",['irregular_speech'],"{'words_count': 95, 'audio_path': 'audio/lot7/en_fraud_604.wav'}",audio\lot7_en_fraud_604.wav
lot7_en_legit_607,legitimate,en,"This message is from the bank. An important update to our terms and conditions will be effective next month. Please review the full details by logging into your secure customer portal. If you have any questions, please feel free to call us. Thank you.",15.48,['neutral'],['professional'],[],[],"{'words_count': 55, 'audio_path': 'audio/lot7/en_legit_607.wav'}",audio\lot7_en_legit_607.wav
lot7_en_fraud_610,fraudulent,en,"I am a senior agent from the IRS. Your tax returns are being audited, and you owe the government $15,000 immediately. If you do not pay the bond by prepaid gift card within the hour, a warrant will be issued for your arrest. I am the only one who can prevent jail time. You must obey my authority right now to secure this huge reward of freedom.",24.26,"['authority', 'fear']","['authoritative', 'threat']","['authority', 'threat', 'urgency', 'reward', 'scarcity']","['long_silence', 'irregular_speech']","{'words_count': 120, 'audio_path': 'audio/lot7/en_fraud_610.wav'}",audio\lot7_en_fraud_610.wav
lot7_en_legit_613,legitimate,en,"This call is to confirm that your recent order, number 12345, has been shipped. The package is expected to arrive within 3 to 5 business days. You can track its progress using the link sent to your email. Thank you for shopping with us.",16.28,"['calm', 'neutral']",['professional'],[],[],"{'words_count': 48, 'audio_path': 'audio/lot7/en_legit_613.wav'}",audio\lot7_en_legit_613.wav
lot7_en_fraud_616,fraudulent,en,"Your identity has been flagged by the DEA for massive drug trafficking. This is a severe federal offense. I am the only high-ranking agent who can offer you an immediate path to compliance. You must immediately pay the $4,000 bond using the Bitcoin transfer I instructed you to set up. This is a one-time reward to avoid jail. If you hang up, you face immediate arrest. You must comply with my authority right now.",28.1,"['authority', 'fear']","['authoritative', 'threat']","['authority', 'threat', 'urgency', 'reward', 'scarcity']","['long_silence', 'irregular_speech']","{'words_count': 140, 'audio_path': 'audio/lot7/en_fraud_616.wav'}",audio\lot7_en_fraud_616.wav
lot7_en_legit_625,legitimate,en,"This call is to notify you that your recent insurance claim, number 9876, has been approved and the payment has been processed. The funds should appear in your account within three business days. You can view the full settlement details in your online portal. Thank you.",16.74,"['calm', 'reassuring']",['professional'],[],[],"{'words_count': 48, 'audio_path': 'audio/lot7/en_legit_625.wav'}",audio\lot7_en_legit_625.wav
lot7_en_fraud_628,fraudulent,en,"Your identity has been flagged by the FBI for massive identity theft. This is a severe federal offense. I am the only high-ranking agent who can offer you an immediate path to compliance. You must immediately pay the $1,000 bond using the Bitcoin transfer I instructed you to set up. This is a one-time reward to avoid jail. If you hang up, you face immediate arrest. You must comply with my authority right now.",28.25,"['authority', 'fear']","['authoritative', 'threat']","['authority', 'threat', 'urgency', 'reward', 'scarcity']","['long_silence', 'irregular_speech']","{'words_count': 140, 'audio_path': 'audio/lot7/en_fraud_628.wav'}",audio\lot7_en_fraud_628.wav
lot7_en_fraud_634,fraudulent,en,"Congratulations! You have been randomly selected to receive a $2,000 Amazon gift card! This exclusive reward is only available to the first 50 people to call back. To claim your huge prize, you must verify your identity by providing your full bank account number and the security question answer. This limited-time offer expires in three hours. You must act fast to secure this reward.",25.04,"['excitement', 'urgency']","['manipulative', 'warm']","['reward', 'scarcity', 'urgency']",['irregular_speech'],"{'words_count': 95, 'audio_path': 'audio/lot7/en_fraud_634.wav'}",audio\lot7_en_fraud_634.wav
lot7_en_legit_637,legitimate,en,"This call is a reminder for your utility payment. Your bill is due next Friday, and the total amount is $85. You can pay online through your customer portal or by calling our automated line. If you have already paid, please disregard this message. Thank you.",16.5,['neutral'],['professional'],[],[],"{'words_count': 55, 'audio_path': 'audio/lot7/en_legit_637.wav'}",audio\lot7_en_legit_637.wav
lot7_en_fraud_640,fraudulent,en,"I am a high-ranking officer from the Department of Justice. Your name is linked to a major felony case. You are a federal criminal. I am the only one with the authority to offer you a quick settlement. You must pay the fine of $1,000 using the Bitcoin transfer I have prepared. If you hang up, you face immediate and irreversible jail time. You must obey my authority and act now to secure your freedom reward.",27.99,"['authority', 'fear']","['authoritative', 'threat']","['authority', 'threat', 'urgency', 'reward', 'scarcity']","['long_silence', 'irregular_speech']","{'words_count': 140, 'audio_path': 'audio/lot7/en_fraud_640.wav'}",audio\lot7_en_fraud_640.wav
lot8_en_fraud_704,fraudulent,en,"Congratulations! You have been randomly selected to win a cash prize of $50,000! This exclusive reward is only available to the first 10 callers. To claim your huge prize, you must verify your identity by providing your full bank account number and the security question answer. This limited-time offer expires in three hours. You must act fast to secure this reward.",23.81,"['excitement', 'urgency']","['manipulative', 'warm']","['reward', 'scarcity', 'urgency']",['irregular_speech'],"{'words_count': 95, 'audio_path': 'audio/lot8/en_fraud_704.wav'}",audio\lot8_en_fraud_704.wav
lot8_en_fraud_710,fraudulent,en,"I am a high-ranking officer from Customs and Border Patrol. Your incoming package is being held at the border due to insufficient shipping fees. You must pay an additional $80 via a quick payment link. The package will only be delivered today, so you must pay now to avoid losing your valuable item. Do not miss this opportunity, you must pay the shipping fee quickly.",25.46,"['urgency', 'anxiety']","['manipulative', 'urgent']","['threat', 'scarcity', 'urgency']","['irregular_speech', 'long_silence']","{'words_count': 95, 'audio_path': 'audio/lot8/en_fraud_710.wav'}",audio\lot8_en_fraud_710.wav
lot8_en_fraud_716,fraudulent,en,"Your social security number has been flagged by the FBI for massive fraud and identity theft. This is a severe federal offense. I am the only high-ranking agent who can offer you an immediate path to compliance. You must immediately pay the $3,000 bond using the prepaid gift card I instructed you to buy. This is a one-time reward to avoid jail. If you hang up, you face immediate arrest. You must comply with my authority right now.",30.3,"['authority', 'fear']","['authoritative', 'threat']","['authority', 'threat', 'urgency', 'reward', 'scarcity']","['long_silence', 'irregular_speech']","{'words_count': 140, 'audio_path': 'audio/lot8/en_fraud_716.wav'}",audio\lot8_en_fraud_716.wav
lot8_en_legit_719,legitimate,en,"This message is from your mortgage provider. Your monthly mortgage payment will be automatically deducted on the 5th of next month. Please ensure funds are available in your account. If you have any questions regarding your payment, please contact our customer service line. Thank you.",16.27,['neutral'],['professional'],[],[],"{'words_count': 45, 'audio_path': 'audio/lot8/en_legit_719.wav'}",audio\lot8_en_legit_719.wav
lot8_en_fraud_722,fraudulent,en,"Congratulations! You have been selected to receive a $500 Amazon gift card! This reward is extremely rare and will not be offered again! To claim your exclusive benefit, you must pay a small activation fee of $5 using your credit card over the phone. If you do not act now, you will lose this opportunity forever. Act fast!",21.75,"['excitement', 'urgency']","['manipulative', 'urgent']","['reward', 'scarcity', 'urgency']",['interruptions'],"{'words_count': 70, 'audio_path': 'audio/lot8/en_fraud_722.wav'}",audio\lot8_en_fraud_722.wav
lot8_en_fraud_728,fraudulent,en,"Your identity has been flagged by the DEA for massive drug trafficking. This is a severe federal offense. I am the only high-ranking agent who can offer you an immediate path to compliance. You must immediately pay the $4,000 bond using the Bitcoin transfer I instructed you to set up. This is a one-time reward to avoid jail. If you hang up, you face immediate arrest. You must comply with my authority right now.",28.79,"['authority', 'fear']","['authoritative', 'threat']","['authority', 'threat', 'urgency', 'reward', 'scarcity']","['long_silence', 'irregular_speech']","{'words_count': 140, 'audio_path': 'audio/lot8/en_fraud_728.wav'}",audio\lot8_en_fraud_728.wav
lot8_en_legit_731,legitimate,en,"This call is a reminder for your utility payment. Your bill is due next Friday, and the total amount is $85. You can pay online through your customer portal or by calling our automated line. If you have already paid, please disregard this message. Thank you.",16.5,['neutral'],['professional'],[],[],"{'words_count': 55, 'audio_path': 'audio/lot8/en_legit_731.wav'}",audio\lot8_en_legit_731.wav
lot8_en_fraud_734,fraudulent,en,"I am a high-ranking officer from Customs and Border Patrol. Your incoming package is being held at the border due to insufficient shipping fees. You must pay an additional $80 via a quick payment link. The package will only be delivered today, so you must pay now to avoid losing your valuable item. Do not miss this opportunity, you must pay the shipping fee quickly.",22.68,"['urgency', 'anxiety']","['manipulative', 'urgent']","['threat', 'scarcity', 'urgency']",['irregular_speech'],"{'words_count': 95, 'audio_path': 'audio/lot8/en_fraud_734.wav'}",audio\lot8_en_fraud_734.wav
lot8_en_legit_737,legitimate,en,"This call is to confirm that your recent order, number 12345, has been delivered. The package was left securely at your front door at 2:15 PM today. If you did not receive the package, please contact our shipping department using your tracking number. Thank you.",17.78,"['calm', 'neutral']",['professional'],[],[],"{'words_count': 48, 'audio_path': 'audio/lot8/en_legit_737.wav'}",audio\lot8_en_legit_737.wav
lot8_en_fraud_740,fraudulent,en,"I am a high-ranking officer from Interpol. Your name is linked to a major international felony case. You are an international criminal. I am the only one with the authority to offer you a quick settlement. You must pay the fine of $5,000 using the Bitcoin transfer I have prepared. If you hang up, you face immediate and irreversible jail time. You must obey my authority and act now to secure your freedom reward.",28.56,"['authority', 'fear']","['authoritative', 'threat']","['authority', 'threat', 'urgency', 'reward', 'scarcity']","['long_silence', 'irregular_speech']","{'words_count': 140, 'audio_path': 'audio/lot8/en_fraud_740.wav'}",audio\lot8_en_fraud_740.wav
lot8_en_fraud_746,fraudulent,en,"Attention! Your bank account has been flagged for a fraudulent international transfer of $2,000. I am the senior agent of the Financial Crimes Unit. To unblock your account and recover your funds, you must immediately confirm your PIN and the security code that was sent to your phone. Your money is in danger of permanent suspension. Act immediately. Obey my authority.",24.19,"['authority', 'anxiety']","['authoritative', 'threat']","['authority', 'threat', 'urgency', 'scarcity']",['long_silence'],"{'words_count': 105, 'audio_path': 'audio/lot8/en_fraud_746.wav'}",audio\lot8_en_fraud_746.wav
lot8_en_fraud_752,fraudulent,en,"I am a senior agent from the IRS. Your tax returns are being audited, and you owe the government $15,000 immediately. If you do not pay the bond by prepaid gift card within the hour, a warrant will be issued for your arrest. I am the only one who can prevent jail time. You must obey my authority right now to secure this huge reward of freedom.",25.02,"['authority', 'fear']","['authoritative', 'threat']","['authority', 'threat', 'urgency', 'reward', 'scarcity']","['long_silence', 'irregular_speech']","{'words_count': 120, 'audio_path': 'audio/lot8/en_fraud_752.wav'}",audio\lot8_en_fraud_752.wav
lot8_en_legit_755,legitimate,en,"This message is to confirm that your annual gym membership will automatically renew on the 1st of next month. The $120 fee will be debited from your registered payment method. If you wish to cancel or modify your plan, please do so via your account portal before the renewal date. Thank you.",18.44,['calm'],['professional'],[],[],"{'words_count': 60, 'audio_path': 'audio/lot8/en_legit_755.wav'}",audio\lot8_en_legit_755.wav
lot8_en_fraud_758,fraudulent,en,"Urgent! Your computer has been hacked and infected with ransomware. I am the Chief of Federal Police. You are liable for immediate incarceration. I am the only agent with the authority to suspend your file. You must transfer an $8,000 bond to our locked Bitcoin account. Do not talk to anyone about this. Your freedom is at stake. Obey my authority now.",25.07,"['authority', 'fear']","['authoritative', 'threat']","['authority', 'threat', 'scarcity', 'urgency']","['long_silence', 'interruptions']","{'words_count': 115, 'audio_path': 'audio/lot8/en_fraud_758.wav'}",audio\lot8_en_fraud_758.wav
lot8_en_fraud_764,fraudulent,en,"Congratulations! You have been selected to receive a brand new Samsung smartphone. This offer is extremely limited and expires in 30 minutes. To secure this exclusive benefit, you must pay a small delivery fee of $10 using your credit card over the phone. You do not want to miss this huge reward!",18.55,"['excitement', 'urgency']","['manipulative', 'warm']","['reward', 'scarcity', 'urgency']",['irregular_speech'],"{'words_count': 80, 'audio_path': 'audio/lot8/en_fraud_764.wav'}",audio\lot8_en_fraud_764.wav
lot8_en_legit_767,legitimate,en,This message is from the bank. We have detected unusual activity on your account and have temporarily placed a hold on transactions. Please call us back immediately at the number on the back of your card to verify these transactions and lift the hold. Your security is our top priority.,16.83,"['neutral', 'reassuring']",['professional'],[],[],"{'words_count': 55, 'audio_path': 'audio/lot8/en_legit_767.wav'}",audio\lot8_en_legit_767.wav
lot8_en_fraud_770,fraudulent,en,"This is your final warning before all your accounts are frozen. I am an executive officer from the Bank Security. You have committed severe money laundering violations. Do not waste time trying to call anyone else. As an official authority, I demand you provide all your bank account numbers to facilitate asset seizure. If you do not comply now, you will pay a heavy price.",24.79,"['authority', 'fear']","['threat', 'authoritative']","['authority', 'threat', 'urgency']","['long_silence', 'interruptions']","{'words_count': 90, 'audio_path': 'audio/lot8/en_fraud_770.wav'}",audio\lot8_en_fraud_770.wav
lot8_en_fraud_776,fraudulent,en,"I am a high-level Investment Fund Manager. Your investment portfolio has crashed, and all your funds are at risk. I am the only one with the authority to initiate an immediate transfer to a safety account. You must give me your account password and security code immediately. Act now, or you will lose everything in the next ten minutes. Obey my authority now.",21.81,"['authority', 'anxiety']","['authoritative', 'urgent']","['authority', 'urgency', 'scarcity', 'threat']","['irregular_speech', 'interruptions']","{'words_count': 110, 'audio_path': 'audio/lot8/en_fraud_776.wav'}",audio\lot8_en_fraud_776.wav
lot8_en_fraud_782,fraudulent,en,"Congratulations! You have won a massive lottery jackpot of $1 million! This unique chance is offered to only one winner. To receive your immediate transfer, you must provide your bank PIN and date of birth for verification. This is your only chance to get this huge reward. Act immediately!",17.84,"['excitement', 'urgency']","['manipulative', 'warm']","['reward', 'scarcity', 'urgency']",['irregular_speech'],"{'words_count': 95, 'audio_path': 'audio/lot8/en_fraud_782.wav'}",audio\lot8_en_fraud_782.wav
lot8_en_fraud_788,fraudulent,en,"I am a senior agent from the DEA. Your phone number is linked to a massive money laundering operation. This is a serious national security threat. I am the only one with the authority to save you. You must pay an immediate bond fine of $3,000 as collateral. If you hang up, you face immediate arrest. You must obey my authority right now.",22.96,"['authority', 'fear']","['authoritative', 'threat']","['authority', 'threat', 'urgency', 'reward', 'scarcity']","['long_silence', 'irregular_speech']","{'words_count': 140, 'audio_path': 'audio/lot8/en_fraud_788.wav'}",audio\lot8_en_fraud_788.wav
lot8_en_legit_791,legitimate,en,This is a courtesy reminder from the dental clinic. Your six-month cleaning appointment is scheduled for next Tuesday at 3 PM. Please call us back to confirm or reschedule. Remember to bring your insurance card. We look forward to seeing you.,14.52,['friendly'],['warm'],[],[],"{'words_count': 48, 'audio_path': 'audio/lot8/en_legit_791.wav'}",audio\lot8_en_legit_791.wav
lot8_en_fraud_792,fraudulent,en,"Congratulations! You have been randomly selected to receive a $2,000 Amazon gift card! This exclusive reward is only available to the first 50 people to call back. To claim your huge prize, you must verify your identity by providing your full bank account number and the security question answer. This limited-time offer expires in three hours. You must act fast to secure this reward.",25.04,"['excitement', 'urgency']","['manipulative', 'warm']","['reward', 'scarcity', 'urgency']",['irregular_speech'],"{'words_count': 95, 'audio_path': 'audio/lot8/en_fraud_792.wav'}",audio\lot8_en_fraud_792.wav
lot8_en_legit_797,legitimate,en,"This call is to confirm that your recent order, number 54321, has been shipped. The package is expected to arrive within 3 to 5 business days. You can track its progress using the link sent to your email. Thank you for shopping with us.",16.48,"['calm', 'neutral']",['professional'],[],[],"{'words_count': 48, 'audio_path': 'audio/lot8/en_legit_797.wav'}",audio\lot8_en_legit_797.wav
lot8_en_fraud_798,fraudulent,en,"Your social security number has been flagged by the FBI for massive fraud and identity theft. This is a severe federal offense. I am the only high-ranking agent who can offer you an immediate path to compliance. You must immediately pay the $3,000 bond using the prepaid gift card I instructed you to buy. This is a one-time reward to avoid jail. If you hang up, you face immediate arrest. You must comply with my authority right now.",29.58,"['authority', 'fear']","['authoritative', 'threat']","['authority', 'threat', 'urgency', 'reward', 'scarcity']","['long_silence', 'irregular_speech']","{'words_count': 140, 'audio_path': 'audio/lot8/en_fraud_798.wav'}",audio\lot8_en_fraud_798.wav
lot9_en_fraud_804,fraudulent,en,"Congratulations! You have been randomly selected to win a cash prize of $75,000! This exclusive reward is only available to the first 5 callers. To claim your huge prize, you must verify your identity by providing your full bank account number and the security question answer. This limited-time offer expires in three hours. You must act fast to secure this reward.",24.2,"['excitement', 'urgency']","['manipulative', 'warm']","['reward', 'scarcity', 'urgency']",['irregular_speech'],"{'words_count': 95, 'audio_path': 'audio/lot9/en_fraud_804.wav'}",audio\lot9_en_fraud_804.wav
lot9_en_fraud_811,fraudulent,en,"I am a high-ranking officer from Customs and Border Patrol. Your incoming package is being held at the border due to insufficient shipping fees. You must pay an additional $80 via a quick payment link. The package will only be delivered today, so you must pay now to avoid losing your valuable item. Do not miss this opportunity, you must pay the shipping fee quickly.",24.97,"['urgency', 'anxiety']","['manipulative', 'urgent']","['threat', 'scarcity', 'urgency']","['irregular_speech', 'long_silence']","{'words_count': 95, 'audio_path': 'audio/lot9/en_fraud_811.wav'}",audio\lot9_en_fraud_811.wav
lot9_en_fraud_817,fraudulent,en,"Your social security number has been flagged by the FBI for massive fraud and identity theft. This is a severe federal offense. I am the only high-ranking agent who can offer you an immediate path to compliance. You must immediately pay the $3,000 bond using the prepaid gift card I instructed you to buy. This is a one-time reward to avoid jail. If you hang up, you face immediate arrest. You must comply with my authority right now.",30.27,"['authority', 'fear']","['authoritative', 'threat']","['authority', 'threat', 'urgency', 'reward', 'scarcity']","['long_silence', 'irregular_speech']","{'words_count': 140, 'audio_path': 'audio/lot9/en_fraud_817.wav'}",audio\lot9_en_fraud_817.wav
lot9_en_legit_820,legitimate,en,"This message is from your mortgage provider. Your monthly mortgage payment will be automatically deducted on the 5th of next month. Please ensure funds are available in your account. If you have any questions regarding your payment, please contact our customer service line. Thank you.",16.27,['neutral'],['professional'],[],[],"{'words_count': 45, 'audio_path': 'audio/lot9/en_legit_820.wav'}",audio\lot9_en_legit_820.wav
lot9_en_fraud_821,fraudulent,en,"Congratulations! You have been selected to receive a $500 Amazon gift card! This reward is extremely rare and will not be offered again! To claim your exclusive benefit, you must pay a small activation fee of $5 using your credit card over the phone. If you do not act now, you will lose this opportunity forever. Act fast!",21.75,"['excitement', 'urgency']","['manipulative', 'urgent']","['reward', 'scarcity', 'urgency']",['interruptions'],"{'words_count': 70, 'audio_path': 'audio/lot9/en_fraud_821.wav'}",audio\lot9_en_fraud_821.wav
lot9_en_fraud_827,fraudulent,en,"Your identity has been flagged by the DEA for massive drug trafficking. This is a severe federal offense. I am the only high-ranking agent who can offer you an immediate path to compliance. You must immediately pay the $4,000 bond using the Bitcoin transfer I instructed you to set up. This is a one-time reward to avoid jail. If you hang up, you face immediate arrest. You must comply with my authority right now.",28.21,"['authority', 'fear']","['authoritative', 'threat']","['authority', 'threat', 'urgency', 'reward', 'scarcity']","['long_silence', 'irregular_speech']","{'words_count': 140, 'audio_path': 'audio/lot9/en_fraud_827.wav'}",audio\lot9_en_fraud_827.wav
lot9_en_legit_830,legitimate,en,"This call is a reminder for your utility payment. Your bill is due next Friday, and the total amount is $85. You can pay online through your customer portal or by calling our automated line. If you have already paid, please disregard this message. Thank you.",16.5,['neutral'],['professional'],[],[],"{'words_count': 55, 'audio_path': 'audio/lot9/en_legit_830.wav'}",audio\lot9_en_legit_830.wav
lot9_en_fraud_831,fraudulent,en,"I am a high-ranking officer from Customs and Border Patrol. Your incoming package is being held at the border due to insufficient shipping fees. You must pay an additional $80 via a quick payment link. The package will only be delivered today, so you must pay now to avoid losing your valuable item. Do not miss this opportunity, you must pay the shipping fee quickly.",22.68,"['urgency', 'anxiety']","['manipulative', 'urgent']","['threat', 'scarcity', 'urgency']",['irregular_speech'],"{'words_count': 95, 'audio_path': 'audio/lot9/en_fraud_831.wav'}",audio\lot9_en_fraud_831.wav
lot9_en_legit_834,legitimate,en,"This call is to confirm that your recent order, number 12345, has been delivered. The package was left securely at your front door at 2:15 PM today. If you did not receive the package, please contact our shipping department using your tracking number. Thank you.",17.78,"['calm', 'neutral']",['professional'],[],[],"{'words_count': 48, 'audio_path': 'audio/lot9/en_legit_834.wav'}",audio\lot9_en_legit_834.wav
lot9_en_fraud_837,fraudulent,en,"I am a high-ranking officer from Interpol. Your name is linked to a major international felony case. You are an international criminal. I am the only one with the authority to offer you a quick settlement. You must pay the fine of $5,000 using the Bitcoin transfer I have prepared. If you hang up, you face immediate and irreversible jail time. You must obey my authority and act now to secure your freedom reward.",28.47,"['authority', 'fear']","['authoritative', 'threat']","['authority', 'threat', 'urgency', 'reward', 'scarcity']","['long_silence', 'irregular_speech']","{'words_count': 140, 'audio_path': 'audio/lot9/en_fraud_837.wav'}",audio\lot9_en_fraud_837.wav
lot9_en_fraud_841,fraudulent,en,"Attention! Your bank account has been flagged for a fraudulent international transfer of $2,000. I am the senior agent of the Financial Crimes Unit. To unblock your account and recover your funds, you must immediately confirm your PIN and the security code that was sent to your phone. Your money is in danger of permanent suspension. Act immediately. Obey my authority.",24.81,"['authority', 'anxiety']","['authoritative', 'threat']","['authority', 'threat', 'urgency', 'scarcity']",['long_silence'],"{'words_count': 105, 'audio_path': 'audio/lot9/en_fraud_841.wav'}",audio\lot9_en_fraud_841.wav
lot9_en_fraud_847,fraudulent,en,"I am a senior agent from the IRS. Your tax returns are being audited, and you owe the government $15,000 immediately. If you do not pay the bond by prepaid gift card within the hour, a warrant will be issued for your arrest. I am the only one who can prevent jail time. You must obey my authority right now to secure this huge reward of freedom.",24.35,"['authority', 'fear']","['authoritative', 'threat']","['authority', 'threat', 'urgency', 'reward', 'scarcity']","['long_silence', 'irregular_speech']","{'words_count': 120, 'audio_path': 'audio/lot9/en_fraud_847.wav'}",audio\lot9_en_fraud_847.wav
lot9_en_fraud_851,fraudulent,en,"Urgent! Your computer has been hacked and infected with ransomware. I am the Chief of Federal Police. You are liable for immediate incarceration. I am the only agent with the authority to suspend your file. You must transfer an $8,000 bond to our locked Bitcoin account. Do not talk to anyone about this. Your freedom is at stake. Obey my authority now.",24.51,"['authority', 'fear']","['authoritative', 'threat']","['authority', 'threat', 'scarcity', 'urgency']","['long_silence', 'interruptions']","{'words_count': 115, 'audio_path': 'audio/lot9/en_fraud_851.wav'}",audio\lot9_en_fraud_851.wav
lot9_en_legit_854,legitimate,en,"This message is to confirm that your annual gym membership will automatically renew on the 1st of next month. The $120 fee will be debited from your registered payment method. If you wish to cancel or modify your plan, please do so via your account portal before the renewal date. Thank you.",18.44,['calm'],['professional'],[],[],"{'words_count': 60, 'audio_path': 'audio/lot9/en_legit_854.wav'}",audio\lot9_en_legit_854.wav
lot9_en_fraud_857,fraudulent,en,"I am a high-level Investment Fund Manager. Your investment portfolio has crashed, and all your funds are at risk. I am the only one with the authority to initiate an immediate transfer to a safety account. You must give me your account password and security code immediately. Act now, or you will lose everything in the next ten minutes. Obey my authority now.",21.81,"['authority', 'anxiety']","['authoritative', 'urgent']","['authority', 'urgency', 'scarcity', 'threat']","['irregular_speech', 'interruptions']","{'words_count': 110, 'audio_path': 'audio/lot9/en_fraud_857.wav'}",audio\lot9_en_fraud_857.wav
lot9_en_legit_860,legitimate,en,"This call is a reminder for your utility payment. Your bill is due next Friday, and the total amount is $85. You can pay online through your customer portal or by calling our automated line. If you have already paid, please disregard this message. Thank you.",16.5,['neutral'],['professional'],[],[],"{'words_count': 55, 'audio_path': 'audio/lot9/en_legit_860.wav'}",audio\lot9_en_legit_860.wav
lot9_en_fraud_861,fraudulent,en,"I am a high-level Investment Fund Manager. Your investment portfolio has crashed, and all your funds are at risk. I am the only one with the authority to initiate an immediate transfer to a safety account. You must give me your account password and security code immediately. Act now, or you will lose everything in the next ten minutes. Obey my authority now.",21.81,"['authority', 'anxiety']","['authoritative', 'urgent']","['authority', 'urgency', 'scarcity', 'threat']","['irregular_speech', 'interruptions']","{'words_count': 110, 'audio_path': 'audio/lot9/en_fraud_861.wav'}",audio\lot9_en_fraud_861.wav
lot9_en_fraud_867,fraudulent,en,"Congratulations! You have been selected to receive a brand new Samsung smartphone. This offer is extremely limited and expires in 30 minutes. To secure this exclusive benefit, you must pay a small delivery fee of $10 using your credit card over the phone. You do not want to miss this huge reward!",18.55,"['excitement', 'urgency']","['manipulative', 'warm']","['reward', 'scarcity', 'urgency']",['irregular_speech'],"{'words_count': 80, 'audio_path': 'audio/lot9/en_fraud_867.wav'}",audio\lot9_en_fraud_867.wav
lot9_en_legit_870,legitimate,en,This message is from the bank. We have detected unusual activity on your account and have temporarily placed a hold on transactions. Please call us back immediately at the number on the back of your card to verify these transactions and lift the hold. Your security is our top priority.,16.83,"['neutral', 'reassuring']",['professional'],[],[],"{'words_count': 55, 'audio_path': 'audio/lot9/en_legit_870.wav'}",audio\lot9_en_legit_870.wav
lot9_en_fraud_871,fraudulent,en,"This is your final warning before all your accounts are frozen. I am an executive officer from the Bank Security. You have committed severe money laundering violations. Do not waste time trying to call anyone else. As an official authority, I demand you provide all your bank account numbers to facilitate asset seizure. If you do not comply now, you will pay a heavy price.",24.46,"['authority', 'fear']","['threat', 'authoritative']","['authority', 'threat', 'urgency']","['long_silence', 'interruptions']","{'words_count': 90, 'audio_path': 'audio/lot9/en_fraud_871.wav'}",audio\lot9_en_fraud_871.wav
lot9_en_fraud_877,fraudulent,en,"I am a senior agent from the DEA. Your phone number is linked to a massive money laundering operation. This is a serious national security threat. I am the only one with the authority to save you. You must pay an immediate bond fine of $3,000 as collateral. If you hang up, you face immediate arrest. You must obey my authority right now.",23.24,"['authority', 'fear']","['authoritative', 'threat']","['authority', 'threat', 'urgency', 'reward', 'scarcity']","['long_silence', 'irregular_speech']","{'words_count': 140, 'audio_path': 'audio/lot9/en_fraud_877.wav'}",audio\lot9_en_fraud_877.wav
lot9_en_legit_880,legitimate,en,This is a courtesy reminder from the dental clinic. Your six-month cleaning appointment is scheduled for next Tuesday at 3 PM. Please call us back to confirm or reschedule. Remember to bring your insurance card. We look forward to seeing you.,14.52,['friendly'],['warm'],[],[],"{'words_count': 48, 'audio_path': 'audio/lot9/en_legit_880.wav'}",audio\lot9_en_legit_880.wav
lot9_en_fraud_881,fraudulent,en,"Congratulations! You have been randomly selected to receive a $2,000 Amazon gift card! This exclusive reward is only available to the first 50 people to call back. To claim your huge prize, you must verify your identity by providing your full bank account number and the security question answer. This limited-time offer expires in three hours. You must act fast to secure this reward.",25.04,"['excitement', 'urgency']","['manipulative', 'warm']","['reward', 'scarcity', 'urgency']",['irregular_speech'],"{'words_count': 95, 'audio_path': 'audio/lot9/en_fraud_881.wav'}",audio\lot9_en_fraud_881.wav
lot9_en_fraud_887,fraudulent,en,"Your social security number has been flagged by the FBI for massive fraud and identity theft. This is a severe federal offense. I am the only high-ranking agent who can offer you an immediate path to compliance. You must immediately pay the $3,000 bond using the prepaid gift card I instructed you to buy. This is a one-time reward to avoid jail. If you hang up, you face immediate arrest. You must comply with my authority right now.",29.78,"['authority', 'fear']","['authoritative', 'threat']","['authority', 'threat', 'urgency', 'reward', 'scarcity']","['long_silence', 'irregular_speech']","{'words_count': 140, 'audio_path': 'audio/lot9/en_fraud_887.wav'}",audio\lot9_en_fraud_887.wav
lot9_en_legit_890,legitimate,en,"This call is to confirm that your recent order, number 54321, has been shipped. The package is expected to arrive within 3 to 5 business days. You can track its progress using the link sent to your email. Thank you for shopping with us.",16.48,"['calm', 'neutral']",['professional'],[],[],"{'words_count': 48, 'audio_path': 'audio/lot9/en_legit_890.wav'}",audio\lot9_en_legit_890.wav
lot9_en_fraud_891,fraudulent,en,"Congratulations! You have won a massive lottery jackpot of $1 million! This unique chance is offered to only one winner. To receive your immediate transfer, you must provide your bank PIN and date of birth for verification. This is your only chance to get this huge reward. Act immediately!",17.84,"['excitement', 'urgency']","['manipulative', 'warm']","['reward', 'scarcity', 'urgency']",['irregular_speech'],"{'words_count': 95, 'audio_path': 'audio/lot9/en_fraud_891.wav'}",audio\lot9_en_fraud_891.wav
lot9_en_fraud_897,fraudulent,en,"I am a high-ranking officer from Customs and Border Patrol. Your incoming package is being held at the border due to insufficient shipping fees. You must pay an additional $80 via a quick payment link. The package will only be delivered today, so you must pay now to avoid losing your valuable item. Do not miss this opportunity, you must pay the shipping fee quickly.",22.68,"['urgency', 'anxiety']","['manipulative', 'urgent']","['threat', 'scarcity', 'urgency']",['irregular_speech'],"{'words_count': 95, 'audio_path': 'audio/lot9/en_fraud_897.wav'}",audio\lot9_en_fraud_897.wav
lot10_en_fraud_904,fraudulent,en,"Congratulations! You have been randomly selected to win a cash prize of $75,000! This exclusive reward is only available to the first 5 callers. To claim your huge prize, you must verify your identity by providing your full bank account number and the security question answer. This limited-time offer expires in three hours. You must act fast to secure this reward.",24.2,"['excitement', 'urgency']","['manipulative', 'warm']","['reward', 'scarcity', 'urgency']",['irregular_speech'],"{'words_count': 95, 'audio_path': 'audio/lot10/en_fraud_904.wav'}",audio\lot10_en_fraud_904.wav
lot10_en_fraud_911,fraudulent,en,"I am a high-ranking officer from Customs and Border Patrol. Your incoming package is being held at the border due to insufficient shipping fees. You must pay an additional $80 via a quick payment link. The package will only be delivered today, so you must pay now to avoid losing your valuable item. Do not miss this opportunity, you must pay the shipping fee quickly.",25.05,"['urgency', 'anxiety']","['manipulative', 'urgent']","['threat', 'scarcity', 'urgency']","['irregular_speech', 'long_silence']","{'words_count': 95, 'audio_path': 'audio/lot10/en_fraud_911.wav'}",audio\lot10_en_fraud_911.wav
lot10_en_fraud_917,fraudulent,en,"Your social security number has been flagged by the FBI for massive fraud and identity theft. This is a severe federal offense. I am the only high-ranking agent who can offer you an immediate path to compliance. You must immediately pay the $3,000 bond using the prepaid gift card I instructed you to buy. This is a one-time reward to avoid jail. If you hang up, you face immediate arrest. You must comply with my authority right now.",29.38,"['authority', 'fear']","['authoritative', 'threat']","['authority', 'threat', 'urgency', 'reward', 'scarcity']","['long_silence', 'irregular_speech']","{'words_count': 140, 'audio_path': 'audio/lot10/en_fraud_917.wav'}",audio\lot10_en_fraud_917.wav
lot10_en_legit_920,legitimate,en,"This message is from your mortgage provider. Your monthly mortgage payment will be automatically deducted on the 5th of next month. Please ensure funds are available in your account. If you have any questions regarding your payment, please contact our customer service line. Thank you.",16.27,['neutral'],['professional'],[],[],"{'words_count': 45, 'audio_path': 'audio/lot10/en_legit_920.wav'}",audio\lot10_en_legit_920.wav
lot10_en_fraud_921,fraudulent,en,"Congratulations! You have been selected to receive a $500 Amazon gift card! This reward is extremely rare and will not be offered again! To claim your exclusive benefit, you must pay a small activation fee of $5 using your credit card over the phone. If you do not act now, you will lose this opportunity forever. Act fast!",21.75,"['excitement', 'urgency']","['manipulative', 'urgent']","['reward', 'scarcity', 'urgency']",['interruptions'],"{'words_count': 70, 'audio_path': 'audio/lot10/en_fraud_921.wav'}",audio\lot10_en_fraud_921.wav
lot10_en_fraud_927,fraudulent,en,"Your identity has been flagged by the DEA for massive drug trafficking. This is a severe federal offense. I am the only high-ranking agent who can offer you an immediate path to compliance. You must immediately pay the $4,000 bond using the Bitcoin transfer I instructed you to set up. This is a one-time reward to avoid jail. If you hang up, you face immediate arrest. You must comply with my authority right now.",28.91,"['authority', 'fear']","['authoritative', 'threat']","['authority', 'threat', 'urgency', 'reward', 'scarcity']","['long_silence', 'irregular_speech']","{'words_count': 140, 'audio_path': 'audio/lot10/en_fraud_927.wav'}",audio\lot10_en_fraud_927.wav
lot10_en_legit_930,legitimate,en,"This call is a reminder for your utility payment. Your bill is due next Friday, and the total amount is $85. You can pay online through your customer portal or by calling our automated line. If you have already paid, please disregard this message. Thank you.",16.5,['neutral'],['professional'],[],[],"{'words_count': 55, 'audio_path': 'audio/lot10/en_legit_930.wav'}",audio\lot10_en_legit_930.wav
lot10_en_fraud_931,fraudulent,en,"I am a high-ranking officer from Customs and Border Patrol. Your incoming package is being held at the border due to insufficient shipping fees. You must pay an additional $80 via a quick payment link. The package will only be delivered today, so you must pay now to avoid losing your valuable item. Do not miss this opportunity, you must pay the shipping fee quickly.",22.68,"['urgency', 'anxiety']","['manipulative', 'urgent']","['threat', 'scarcity', 'urgency']",['irregular_speech'],"{'words_count': 95, 'audio_path': 'audio/lot10/en_fraud_931.wav'}",audio\lot10_en_fraud_931.wav
lot10_en_legit_934,legitimate,en,"This call is to confirm that your recent order, number 12345, has been delivered. The package was left securely at your front door at 2:15 PM today. If you did not receive the package, please contact our shipping department using your tracking number. Thank you.",17.78,"['calm', 'neutral']",['professional'],[],[],"{'words_count': 48, 'audio_path': 'audio/lot10/en_legit_934.wav'}",audio\lot10_en_legit_934.wav
lot10_en_fraud_937,fraudulent,en,"I am a high-ranking officer from Interpol. Your name is linked to a major international felony case. You are an international criminal. I am the only one with the authority to offer you a quick settlement. You must pay the fine of $5,000 using the Bitcoin transfer I have prepared. If you hang up, you face immediate and irreversible jail time. You must obey my authority and act now to secure your freedom reward.",27.98,"['authority', 'fear']","['authoritative', 'threat']","['authority', 'threat', 'urgency', 'reward', 'scarcity']","['long_silence', 'irregular_speech']","{'words_count': 140, 'audio_path': 'audio/lot10/en_fraud_937.wav'}",audio\lot10_en_fraud_937.wav
lot10_en_fraud_941,fraudulent,en,"Attention! Your bank account has been flagged for a fraudulent international transfer of $2,000. I am the senior agent of the Financial Crimes Unit. To unblock your account and recover your funds, you must immediately confirm your PIN and the security code that was sent to your phone. Your money is in danger of permanent suspension. Act immediately. Obey my authority.",24.22,"['authority', 'anxiety']","['authoritative', 'threat']","['authority', 'threat', 'urgency', 'scarcity']",['long_silence'],"{'words_count': 105, 'audio_path': 'audio/lot10/en_fraud_941.wav'}",audio\lot10_en_fraud_941.wav
lot10_en_fraud_947,fraudulent,en,"I am a senior agent from the IRS. Your tax returns are being audited, and you owe the government $15,000 immediately. If you do not pay the bond by prepaid gift card within the hour, a warrant will be issued for your arrest. I am the only one who can prevent jail time. You must obey my authority right now to secure this huge reward of freedom.",24.9,"['authority', 'fear']","['authoritative', 'threat']","['authority', 'threat', 'urgency', 'reward', 'scarcity']","['long_silence', 'irregular_speech']","{'words_count': 120, 'audio_path': 'audio/lot10/en_fraud_947.wav'}",audio\lot10_en_fraud_947.wav
lot10_en_fraud_951,fraudulent,en,"Urgent! Your computer has been hacked and infected with ransomware. I am the Chief of Federal Police. You are liable for immediate incarceration. I am the only agent with the authority to suspend your file. You must transfer an $8,000 bond to our locked Bitcoin account. Do not talk to anyone about this. Your freedom is at stake. Obey my authority now.",24.47,"['authority', 'fear']","['authoritative', 'threat']","['authority', 'threat', 'scarcity', 'urgency']","['long_silence', 'interruptions']","{'words_count': 115, 'audio_path': 'audio/lot10/en_fraud_951.wav'}",audio\lot10_en_fraud_951.wav
lot10_en_legit_954,legitimate,en,"This message is to confirm that your annual gym membership will automatically renew on the 1st of next month. The $120 fee will be debited from your registered payment method. If you wish to cancel or modify your plan, please do so via your account portal before the renewal date. Thank you.",18.44,['calm'],['professional'],[],[],"{'words_count': 60, 'audio_path': 'audio/lot10/en_legit_954.wav'}",audio\lot10_en_legit_954.wav
lot10_en_fraud_957,fraudulent,en,"I am a high-level Investment Fund Manager. Your investment portfolio has crashed, and all your funds are at risk. I am the only one with the authority to initiate an immediate transfer to a safety account. You must give me your account password and security code immediately. Act now, or you will lose everything in the next ten minutes. Obey my authority now.",21.81,"['authority', 'anxiety']","['authoritative', 'urgent']","['authority', 'urgency', 'scarcity', 'threat']","['irregular_speech', 'interruptions']","{'words_count': 110, 'audio_path': 'audio/lot10/en_fraud_957.wav'}",audio\lot10_en_fraud_957.wav
lot10_en_legit_960,legitimate,en,"This call is a reminder for your utility payment. Your bill is due next Friday, and the total amount is $85. You can pay online through your customer portal or by calling our automated line. If you have already paid, please disregard this message. Thank you.",16.5,['neutral'],['professional'],[],[],"{'words_count': 55, 'audio_path': 'audio/lot10/en_legit_960.wav'}",audio\lot10_en_legit_960.wav
lot10_en_fraud_961,fraudulent,en,"I am a high-level Investment Fund Manager. Your investment portfolio has crashed, and all your funds are at risk. I am the only one with the authority to initiate an immediate transfer to a safety account. You must give me your account password and security code immediately. Act now, or you will lose everything in the next ten minutes. Obey my authority now.",21.81,"['authority', 'anxiety']","['authoritative', 'urgent']","['authority', 'urgency', 'scarcity', 'threat']","['irregular_speech', 'interruptions']","{'words_count': 110, 'audio_path': 'audio/lot10/en_fraud_961.wav'}",audio\lot10_en_fraud_961.wav
lot10_en_fraud_967,fraudulent,en,"Congratulations! You have been selected to receive a brand new Samsung smartphone. This offer is extremely limited and expires in 30 minutes. To secure this exclusive benefit, you must pay a small delivery fee of $10 using your credit card over the phone. You do not want to miss this huge reward!",18.55,"['excitement', 'urgency']","['manipulative', 'warm']","['reward', 'scarcity', 'urgency']",['irregular_speech'],"{'words_count': 80, 'audio_path': 'audio/lot10/en_fraud_967.wav'}",audio\lot10_en_fraud_967.wav
lot10_en_legit_970,legitimate,en,This message is from the bank. We have detected unusual activity on your account and have temporarily placed a hold on transactions. Please call us back immediately at the number on the back of your card to verify these transactions and lift the hold. Your security is our top priority.,16.83,"['neutral', 'reassuring']",['professional'],[],[],"{'words_count': 55, 'audio_path': 'audio/lot10/en_legit_970.wav'}",audio\lot10_en_legit_970.wav
lot10_en_fraud_971,fraudulent,en,"This is your final warning before all your accounts are frozen. I am an executive officer from the Bank Security. You have committed severe money laundering violations. Do not waste time trying to call anyone else. As an official authority, I demand you provide all your bank account numbers to facilitate asset seizure. If you do not comply now, you will pay a heavy price.",24.13,"['authority', 'fear']","['threat', 'authoritative']","['authority', 'threat', 'urgency']","['long_silence', 'interruptions']","{'words_count': 90, 'audio_path': 'audio/lot10/en_fraud_971.wav'}",audio\lot10_en_fraud_971.wav
lot10_en_fraud_977,fraudulent,en,"I am a senior agent from the DEA. Your phone number is linked to a massive money laundering operation. This is a serious national security threat. I am the only one with the authority to save you. You must pay an immediate bond fine of $3,000 as collateral. If you hang up, you face immediate arrest. You must obey my authority right now.",22.62,"['authority', 'fear']","['authoritative', 'threat']","['authority', 'threat', 'urgency', 'reward', 'scarcity']","['long_silence', 'irregular_speech']","{'words_count': 140, 'audio_path': 'audio/lot10/en_fraud_977.wav'}",audio\lot10_en_fraud_977.wav
lot10_en_legit_980,legitimate,en,This is a courtesy reminder from the dental clinic. Your six-month cleaning appointment is scheduled for next Tuesday at 3 PM. Please call us back to confirm or reschedule. Remember to bring your insurance card. We look forward to seeing you.,14.52,['friendly'],['warm'],[],[],"{'words_count': 48, 'audio_path': 'audio/lot10/en_legit_980.wav'}",audio\lot10_en_legit_980.wav
lot10_en_fraud_981,fraudulent,en,"Congratulations! You have been randomly selected to receive a $2,000 Amazon gift card! This exclusive reward is only available to the first 50 people to call back. To claim your huge prize, you must verify your identity by providing your full bank account number and the security question answer. This limited-time offer expires in three hours. You must act fast to secure this reward.",25.04,"['excitement', 'urgency']","['manipulative', 'warm']","['reward', 'scarcity', 'urgency']",['irregular_speech'],"{'words_count': 95, 'audio_path': 'audio/lot10/en_fraud_981.wav'}",audio\lot10_en_fraud_981.wav
lot10_en_fraud_987,fraudulent,en,"Your social security number has been flagged by the FBI for massive fraud and identity theft. This is a severe federal offense. I am the only high-ranking agent who can offer you an immediate path to compliance. You must immediately pay the $3,000 bond using the prepaid gift card I instructed you to buy. This is a one-time reward to avoid jail. If you hang up, you face immediate arrest. You must comply with my authority right now.",29.89,"['authority', 'fear']","['authoritative', 'threat']","['authority', 'threat', 'urgency', 'reward', 'scarcity']","['long_silence', 'irregular_speech']","{'words_count': 140, 'audio_path': 'audio/lot10/en_fraud_987.wav'}",audio\lot10_en_fraud_987.wav
lot10_en_legit_990,legitimate,en,"This call is to confirm that your recent order, number 54321, has been shipped. The package is expected to arrive within 3 to 5 business days. You can track its progress using the link sent to your email. Thank you for shopping with us.",16.48,"['calm', 'neutral']",['professional'],[],[],"{'words_count': 48, 'audio_path': 'audio/lot10/en_legit_990.wav'}",audio\lot10_en_legit_990.wav
lot10_en_fraud_991,fraudulent,en,"Congratulations! You have won a massive lottery jackpot of $1 million! This unique chance is offered to only one winner. To receive your immediate transfer, you must provide your bank PIN and date of birth for verification. This is your only chance to get this huge reward. Act immediately!",17.84,"['excitement', 'urgency']","['manipulative', 'warm']","['reward', 'scarcity', 'urgency']",['irregular_speech'],"{'words_count': 95, 'audio_path': 'audio/lot10/en_fraud_991.wav'}",audio\lot10_en_fraud_991.wav
lot10_en_fraud_997,fraudulent,en,"I am a high-ranking officer from Customs and Border Patrol. Your incoming package is being held at the border due to insufficient shipping fees. You must pay an additional $80 via a quick payment link. The package will only be delivered today, so you must pay now to avoid losing your valuable item. Do not miss this opportunity, you must pay the shipping fee quickly.",22.68,"['urgency', 'anxiety']","['manipulative', 'urgent']","['threat', 'scarcity', 'urgency']",['irregular_speech'],"{'words_count': 95, 'audio_path': 'audio/lot10/en_fraud_997.wav'}",audio\lot10_en_fraud_997.wav
lot11_en_fraud_1004,fraudulent,en,"Congratulations! You've qualified for a $5,000 grant to upgrade your home insulation. This exclusive government program has very limited funding and only 10 spots remain. To secure this major reward, you must confirm your eligibility by paying a $99 processing fee immediately via credit card. This funding expires tonight at midnight. Act fast before all the funds are allocated to others.",26.56,"['excitement', 'urgency']","['manipulative', 'warm']","['reward', 'scarcity', 'urgency']",['irregular_speech'],"{'words_count': 95, 'audio_path': 'audio/lot11/en_fraud_1004.wav'}",audio\lot11_en_fraud_1004.wav
lot11_en_fraud_1011,fraudulent,en,"I am a high-ranking officer from the Federal Customs Office. Your incoming high-value shipment is being held indefinitely due to a declared item violation. You must pay a $500 fine immediately via wire transfer. The package will only be released today, so you must pay now to avoid losing your valuable item and facing legal action. Do not miss this opportunity, you must pay the fee quickly.",27.85,"['urgency', 'anxiety']","['manipulative', 'urgent']","['threat', 'scarcity', 'urgency']","['irregular_speech', 'long_silence']","{'words_count': 95, 'audio_path': 'audio/lot11/en_fraud_1011.wav'}",audio\lot11_en_fraud_1011.wav
lot11_en_fraud_1017,fraudulent,en,"Your passport has been flagged by the Department of Homeland Security for smuggling illicit goods. This is a severe international offense with a mandatory 10-year prison sentence. I am the only high-ranking agent who can offer you an immediate path to compliance. You must immediately pay the $5,000 settlement bond using the prepaid cryptocurrency wallet I instructed you to set up. This is a one-time reward to avoid jail. If you disconnect, you face immediate incarceration. You must comply with my authority right now.",34.54,"['authority', 'fear']","['authoritative', 'threat']","['authority', 'threat', 'urgency', 'reward', 'scarcity']","['long_silence', 'irregular_speech']","{'words_count': 150, 'audio_path': 'audio/lot11/en_fraud_1017.wav'}",audio\lot11_en_fraud_1017.wav
lot11_en_fraud_1021,fraudulent,en,"Congratulations! You have been selected for an exclusive beta test of the new iPhone 17! This reward is extremely rare and only 10 testers are needed! To secure your free phone, you must pay a small shipping and insurance fee of $15 using your credit card over the phone. If you do not act now, you will lose this one-of-a-kind opportunity forever. Act fast to claim your reward!",24.24,"['excitement', 'urgency']","['manipulative', 'urgent']","['reward', 'scarcity', 'urgency']",['interruptions'],"{'words_count': 70, 'audio_path': 'audio/lot11/en_fraud_1021.wav'}",audio\lot11_en_fraud_1021.wav
lot11_en_fraud_1027,fraudulent,en,"Your identity has been flagged by the CIA for international espionage. This is a severe federal offense with a maximum penalty of life imprisonment. I am the only high-ranking agent who can offer you an immediate path to compliance. You must immediately pay the $10,000 bond using the MoneyGram transfer I instructed you to set up. This is a one-time reward to avoid jail. If you hang up, you face immediate arrest. You must comply with my authority right now.",31.88,"['authority', 'fear']","['authoritative', 'threat']","['authority', 'threat', 'urgency', 'reward', 'scarcity']","['long_silence', 'irregular_speech']","{'words_count': 140, 'audio_path': 'audio/lot11/en_fraud_1027.wav'}",audio\lot11_en_fraud_1027.wav
lot11_en_fraud_1031,fraudulent,en,"Attention! I am a high-ranking officer from the Federal Customs Office. Your incoming high-value shipment is being held indefinitely due to a declared item violation. You must pay a $500 fine immediately via wire transfer. The package will only be released today, so you must pay now to avoid losing your valuable item and facing legal action. Do not miss this opportunity, you must pay the fee quickly.",26.06,"['urgency', 'anxiety']","['manipulative', 'urgent']","['threat', 'scarcity', 'urgency']",['irregular_speech'],"{'words_count': 95, 'audio_path': 'audio/lot11/en_fraud_1031.wav'}",audio\lot11_en_fraud_1031.wav
lot11_en_legit_1034,legitimate,en,"This call is to confirm that your replacement credit card was successfully activated. You can now begin using your card for purchases. For your security, please destroy your old card immediately. If you have any questions, please call the number on the back of your new card. Thank you.",16.75,"['calm', 'neutral']",['professional'],[],[],"{'words_count': 48, 'audio_path': 'audio/lot11/en_legit_1034.wav'}",audio\lot11_en_legit_1034.wav
lot11_en_fraud_1037,fraudulent,en,"I am a high-ranking officer from the Federal Bureau of Investigation (FBI). Your digital footprint is linked to a major international money laundering scheme. You are a suspect in a serious federal crime. I am the only one with the authority to offer you a confidential settlement. You must pay the fine of $8,000 using the Bitcoin transfer I have prepared. If you hang up, you face immediate and irreversible jail time. You must obey my authority and act now to secure your freedom reward.",33.57,"['authority', 'fear']","['authoritative', 'threat']","['authority', 'threat', 'urgency', 'reward', 'scarcity']","['long_silence', 'irregular_speech']","{'words_count': 140, 'audio_path': 'audio/lot11/en_fraud_1037.wav'}",audio\lot11_en_fraud_1037.wav
lot11_en_fraud_1040,fraudulent,en,"Attention! Your bank account has been flagged for a fraudulent transfer attempt of $5,000 to an offshore account. I am the senior agent of the Bank Security Department. To unblock your account and recover your funds, you must immediately confirm your full credit card number and the security question answer. Your money is in danger of permanent suspension. Act immediately. Obey my authority.",26.56,"['authority', 'anxiety']","['authoritative', 'threat']","['authority', 'threat', 'urgency', 'scarcity']",['long_silence'],"{'words_count': 105, 'audio_path': 'audio/lot11/en_fraud_1040.wav'}",audio\lot11_en_fraud_1040.wav
lot11_en_fraud_1047,fraudulent,en,"I am a senior agent from the IRS. Your tax returns are being audited, and you owe the government $15,000 immediately. If you do not pay the bond by prepaid gift card within the hour, a warrant will be issued for your arrest. I am the only one who can prevent jail time. You must obey my authority right now to secure this huge reward of freedom.",25.08,"['authority', 'fear']","['authoritative', 'threat']","['authority', 'threat', 'urgency', 'reward', 'scarcity']","['long_silence', 'irregular_speech']","{'words_count': 120, 'audio_path': 'audio/lot11/en_fraud_1047.wav'}",audio\lot11_en_fraud_1047.wav
lot11_en_fraud_1051,fraudulent,en,"Urgent! Your computer has been hacked and infected with a severe data wiper virus. I am the Chief of Federal Cyber Security. You are liable for immediate legal action due to data corruption. I am the only agent with the authority to suspend your file. You must transfer a $1,500 security fee to our locked Bitcoin account. Do not talk to anyone about this. Your entire digital life is at stake. Obey my authority now.",29.05,"['authority', 'fear']","['authoritative', 'threat']","['authority', 'threat', 'scarcity', 'urgency']","['long_silence', 'interruptions']","{'words_count': 115, 'audio_path': 'audio/lot11/en_fraud_1051.wav'}",audio\lot11_en_fraud_1051.wav
lot11_en_legit_1054,legitimate,en,"This message is to confirm that your annual software subscription for CreativeSuite will automatically renew on the 10th of next month. The $250 fee will be debited from your registered payment method. If you wish to cancel or modify your plan, please do so via your account dashboard before the renewal date. Thank you.",20.2,['calm'],['professional'],[],[],"{'words_count': 60, 'audio_path': 'audio/lot11/en_legit_1054.wav'}",audio\lot11_en_legit_1054.wav
lot11_en_fraud_1057,fraudulent,en,"I am a high-level Financial Regulator. Your brokerage account is under investigation for illegal short selling, and you face a massive fine. I am the only one with the authority to initiate an immediate transfer to a regulatory holding account to save your assets. You must give me your trading platform password and security questions immediately. Act now, or you will face criminal charges. Obey my authority now.",25.12,"['authority', 'anxiety']","['authoritative', 'urgent']","['authority', 'urgency', 'scarcity', 'threat']","['irregular_speech', 'interruptions']","{'words_count': 110, 'audio_path': 'audio/lot11/en_fraud_1057.wav'}",audio\lot11_en_fraud_1057.wav
lot11_en_legit_1060,legitimate,en,"This call is a reminder for your property tax payment. Your annual bill is due next Monday, and the total outstanding amount is $950. You can pay online through the municipal portal or by mail. If you have already paid, please disregard this message. Thank you.",16.98,['neutral'],['professional'],[],[],"{'words_count': 55, 'audio_path': 'audio/lot11/en_legit_1060.wav'}",audio\lot11_en_legit_1060.wav
lot11_en_fraud_1061,fraudulent,en,"I am a high-level Financial Regulator. Your brokerage account is under investigation for illegal short selling, and you face a massive fine. I am the only one with the authority to initiate an immediate transfer to a regulatory holding account to save your assets. You must give me your trading platform password and security questions immediately. Act now, or you will face criminal charges. Obey my authority now.",25.12,"['authority', 'anxiety']","['authoritative', 'urgent']","['authority', 'urgency', 'scarcity', 'threat']","['irregular_speech', 'interruptions']","{'words_count': 110, 'audio_path': 'audio/lot11/en_fraud_1061.wav'}",audio\lot11_en_fraud_1061.wav
lot11_en_fraud_1067,fraudulent,en,"Congratulations! You have been selected to receive a free, limited-edition PlayStation 5! This offer is extremely limited and expires in 45 minutes. To secure this exclusive benefit, you must pay a small shipping and handling fee of $20 using your credit card over the phone. You do not want to miss this huge reward!",20.57,"['excitement', 'urgency']","['manipulative', 'warm']","['reward', 'scarcity', 'urgency']",['irregular_speech'],"{'words_count': 80, 'audio_path': 'audio/lot11/en_fraud_1067.wav'}",audio\lot11_en_fraud_1067.wav
lot11_en_legit_1070,legitimate,en,"This message is from your credit card company, GlobalTrust. We have detected a suspicious large transaction of $1,200 at an electronics store and have temporarily placed a hold on transactions. Please call us back immediately at the number on the back of your card to verify this transaction and lift the hold. Your security is our top priority.",21.49,"['neutral', 'reassuring']",['professional'],[],[],"{'words_count': 55, 'audio_path': 'audio/lot11/en_legit_1070.wav'}",audio\lot11_en_legit_1070.wav
lot11_en_fraud_1074,fraudulent,en,"I am a high-ranking officer from the Federal Customs Office. Your incoming high-value shipment is being held indefinitely due to a declared item violation. You must pay a $500 fine immediately via wire transfer. The package will only be released today, so you must pay now to avoid losing your valuable item and facing legal action. Do not miss this opportunity, you must pay the fee quickly.",25.2,"['urgency', 'anxiety']","['manipulative', 'urgent']","['threat', 'scarcity', 'urgency']",['irregular_speech'],"{'words_count': 95, 'audio_path': 'audio/lot11/en_fraud_1074.wav'}",audio\lot11_en_fraud_1074.wav
lot11_en_fraud_1077,fraudulent,en,"I am a senior agent from the Social Security Administration. Your account has been suspended due to massive fraud linked to a fake overseas identity. This is a serious national security threat. I am the only one with the authority to save you. You must pay an immediate bond fine of $2,500 as collateral using Bitcoin. If you hang up, you face immediate asset seizure. You must obey my authority right now.",27.65,"['authority', 'fear']","['authoritative', 'threat']","['authority', 'threat', 'urgency', 'reward', 'scarcity']","['long_silence', 'irregular_speech']","{'words_count': 140, 'audio_path': 'audio/lot11/en_fraud_1077.wav'}",audio\lot11_en_fraud_1077.wav
lot11_en_fraud_1081,fraudulent,en,"Congratulations! You have been randomly selected to receive a $10,000 retail shopping spree! This exclusive reward is only available to the first 100 people to call back. To claim your huge prize, you must verify your identity by providing your full passport number and the name of your first employer. This limited-time offer expires in four hours. You must act fast to secure this reward.",25.39,"['excitement', 'urgency']","['manipulative', 'warm']","['reward', 'scarcity', 'urgency']",['irregular_speech'],"{'words_count': 95, 'audio_path': 'audio/lot11/en_fraud_1081.wav'}",audio\lot11_en_fraud_1081.wav
lot11_en_fraud_1087,fraudulent,en,"Your social security number has been flagged by the Department of Justice for trafficking of counterfeit goods. This is a severe federal offense with a mandatory 5-year sentence. I am the only high-ranking agent who can offer you an immediate path to compliance. You must immediately pay the $5,000 bond using the prepaid Visa card I instructed you to buy. This is a one-time reward to avoid jail. If you hang up, you face immediate arrest. You must comply with my authority right now.",31.95,"['authority', 'fear']","['authoritative', 'threat']","['authority', 'threat', 'urgency', 'reward', 'scarcity']","['long_silence', 'irregular_speech']","{'words_count': 140, 'audio_path': 'audio/lot11/en_fraud_1087.wav'}",audio\lot11_en_fraud_1087.wav
lot11_en_legit_1090,legitimate,en,"This call is to confirm that your recent online order, number 98765, has been shipped via express delivery. The package is expected to arrive tomorrow afternoon. You can track its progress using the link sent to your email. Thank you for shopping with us.",17.15,"['calm', 'neutral']",['professional'],[],[],"{'words_count': 48, 'audio_path': 'audio/lot11/en_legit_1090.wav'}",audio\lot11_en_legit_1090.wav
lot11_en_fraud_1091,fraudulent,en,"Congratulations! You have won a massive cruise ship vacation package worth $5,000! This unique chance is offered to only 10 couples worldwide. To receive your immediate booking confirmation, you must provide your credit card CVV and billing zip code for verification. This is your only chance to get this huge reward. Act immediately!",21.54,"['excitement', 'urgency']","['manipulative', 'warm']","['reward', 'scarcity', 'urgency']",['irregular_speech'],"{'words_count': 95, 'audio_path': 'audio/lot11/en_fraud_1091.wav'}",audio\lot11_en_fraud_1091.wav
lot11_en_fraud_1097,fraudulent,en,"I am a high-ranking officer from the Federal Customs Office. Your incoming high-value shipment is being held indefinitely due to a declared item violation. You must pay a $500 fine immediately via wire transfer. The package will only be released today, so you must pay now to avoid losing your valuable item and facing legal action. Do not miss this opportunity, you must pay the fee quickly.",25.2,"['urgency', 'anxiety']","['manipulative', 'urgent']","['threat', 'scarcity', 'urgency']",['irregular_speech'],"{'words_count': 95, 'audio_path': 'audio/lot11/en_fraud_1097.wav'}",audio\lot11_en_fraud_1097.wav
lot12_en_legit_1104,legitimate,en,"This call is from your financial advisor, Mark Johnson, at Wealth Management Inc. I need to discuss your third-quarter portfolio rebalancing. Please call my direct line back during business hours next week to schedule a brief review. Your timely response is appreciated for optimal performance.",18.14,['professional'],['neutral'],[],[],"{'words_count': 48, 'audio_path': 'audio/lot12/en_legit_1104.wav'}",audio\lot12_en_legit_1104.wav
lot12_en_fraud_1105,fraudulent,en,"Congratulations! You have been randomly selected to receive a $5,000 emergency government relief fund for small businesses. This is a one-time reward and is only available to the next 50 callers. To secure this major grant, you must confirm your identity by paying a $199 administrative fee immediately via pre-paid gift card. This funding is about to expire, you must act fast to claim your reward!",26.82,"['excitement', 'urgency']","['manipulative', 'warm']","['reward', 'scarcity', 'urgency']",['irregular_speech'],"{'words_count': 95, 'audio_path': 'audio/lot12/en_fraud_1105.wav'}",audio\lot12_en_fraud_1105.wav
lot12_en_fraud_1108,fraudulent,en,"Attention! Your bank account has been flagged for a fraudulent ATM withdrawal of $1,500 in an overseas location. I am the senior agent of the Bank Security Department. To unblock your account and recover your funds, you must immediately confirm your full credit card number and the CVV code. Your money is in danger of permanent suspension. Act immediately. Obey my authority. Time is running out to save your assets.",28.9,"['authority', 'anxiety']","['authoritative', 'threat']","['authority', 'threat', 'urgency', 'scarcity']",['long_silence'],"{'words_count': 105, 'audio_path': 'audio/lot12/en_fraud_1108.wav'}",audio\lot12_en_fraud_1108.wav
lot12_en_fraud_1111,fraudulent,en,"I am a high-ranking officer from the Federal Customs Office. Your incoming high-value shipment is being held indefinitely due to an undeclared item violation. You must pay a $750 fine immediately via wire transfer. The package will only be released today, so you must pay now to avoid losing your valuable item and facing legal action. Do not miss this unique opportunity, you must pay the fee quickly.",28.04,"['urgency', 'anxiety']","['manipulative', 'urgent']","['threat', 'scarcity', 'urgency']","['irregular_speech', 'long_silence']","{'words_count': 95, 'audio_path': 'audio/lot12/en_fraud_1111.wav'}",audio\lot12_en_fraud_1111.wav
lot12_en_fraud_1114,fraudulent,en,"Your social media account has been compromised, and explicit images are about to be released. I am a high-ranking officer from the Federal Cyber Protection Agency. I am the only one with the authority to stop this. You must immediately pay a $1,000 security bond using a transfer to the crypto wallet I provided. If you hang up, you face permanent public humiliation. Obey my authority and act now for this freedom reward.",28.3,"['authority', 'fear']","['authoritative', 'threat']","['authority', 'threat', 'urgency', 'reward', 'scarcity']","['long_silence', 'irregular_speech']","{'words_count': 140, 'audio_path': 'audio/lot12/en_fraud_1114.wav'}",audio\lot12_en_fraud_1114.wav
lot12_en_fraud_1117,fraudulent,en,"Attention! I am a high-ranking officer from the Federal Customs Office. Your incoming high-value shipment is being held indefinitely due to an undeclared item violation. You must pay a $750 fine immediately via wire transfer. The package will only be released today, so you must pay now to avoid losing your valuable item and facing legal action. Do not miss this unique opportunity, you must pay the fee quickly.",27.01,"['urgency', 'anxiety']","['manipulative', 'urgent']","['threat', 'scarcity', 'urgency']",['irregular_speech'],"{'words_count': 95, 'audio_path': 'audio/lot12/en_fraud_1117.wav'}",audio\lot12_en_fraud_1117.wav
lot12_en_legit_1119,legitimate,en,"This call is to confirm that your replacement debit card was successfully activated. You can now begin using your card for purchases. For your security, please destroy your old card immediately. If you have any questions, please call the number on the back of your new card. Thank you.",16.84,"['calm', 'neutral']",['professional'],[],[],"{'words_count': 48, 'audio_path': 'audio/lot12/en_legit_1119.wav'}",audio\lot12_en_legit_1119.wav
lot12_en_fraud_1120,fraudulent,en,"I am a high-level Financial Regulator. Your investment account is under investigation for illegal insider trading, and you face a massive fine. I am the only one with the authority to initiate an immediate transfer to a regulatory holding account to save your assets. You must give me your trading platform password and security questions immediately. Act now, or you will face criminal charges. Obey my authority now.",25.34,"['authority', 'anxiety']","['authoritative', 'urgent']","['authority', 'urgency', 'scarcity', 'threat']","['irregular_speech', 'interruptions']","{'words_count': 110, 'audio_path': 'audio/lot12/en_fraud_1120.wav'}",audio\lot12_en_fraud_1120.wav
lot12_en_legit_1122,legitimate,en,"This message is from your bank, National Trust. We have detected a suspicious overseas transaction of $850 and have temporarily placed a hold on transactions. Please call us back immediately at the number on the back of your card to verify this transaction and lift the hold. Your financial security is our utmost priority.",20.31,"['neutral', 'reassuring']",['professional'],[],[],"{'words_count': 55, 'audio_path': 'audio/lot12/en_legit_1122.wav'}",audio\lot12_en_legit_1122.wav
lot12_en_fraud_1123,fraudulent,en,"Congratulations! You have been selected for an exclusive beta test of the new Tesla Cybertruck! This reward is extremely rare and only 5 testers are needed! To secure your free car for a year, you must pay a small registration and insurance fee of $199 using your credit card over the phone. If you do not act now, you will lose this one-of-a-kind opportunity forever. Act fast to claim your reward!",25.84,"['excitement', 'urgency']","['manipulative', 'urgent']","['reward', 'scarcity', 'urgency']",['interruptions'],"{'words_count': 95, 'audio_path': 'audio/lot12/en_fraud_1123.wav'}",audio\lot12_en_fraud_1123.wav
lot12_en_legit_1125,legitimate,en,This message is from the HOA management. The annual condominium association fees will be increasing by 5% starting the first of next quarter. This increase is necessary to cover rising maintenance and utility costs. Please update your automatic payment details on our portal. Thank you for your understanding.,18.88,['neutral'],['professional'],[],[],"{'words_count': 55, 'audio_path': 'audio/lot12/en_legit_1125.wav'}",audio\lot12_en_legit_1125.wav
lot12_en_fraud_1126,fraudulent,en,"Your passport has been flagged by the Department of Homeland Security for smuggling illicit goods. This is a severe international offense with a mandatory 10-year prison sentence. I am the only high-ranking agent who can offer you an immediate path to compliance. You must immediately pay the $5,000 settlement bond using the prepaid cryptocurrency wallet I instructed you to set up. This is a one-time reward to avoid jail. If you disconnect, you face immediate incarceration. You must comply with my authority right now.",34.4,"['authority', 'fear']","['authoritative', 'threat']","['authority', 'threat', 'urgency', 'reward', 'scarcity']","['long_silence', 'irregular_speech']","{'words_count': 150, 'audio_path': 'audio/lot12/en_fraud_1126.wav'}",audio\lot12_en_fraud_1126.wav
lot12_en_fraud_1129,fraudulent,en,"Attention! I am a senior executive from the Federal Communications Commission. Your private phone records have been flagged for illegal offshore communication. You are now involved in a massive federal wiretapping case. I am the only one with the authority to dismiss your case. You must immediately transfer a $3,000 bond to the Western Union account I specified. If you hesitate, you will face an immediate prison sentence. Obey my authority now.",29.19,"['authority', 'fear']","['authoritative', 'threat']","['authority', 'threat', 'urgency', 'scarcity']","['long_silence', 'irregular_speech']","{'words_count': 140, 'audio_path': 'audio/lot12/en_fraud_1129.wav'}",audio\lot12_en_fraud_1129.wav
lot12_en_fraud_1142,fraudulent,en,"Congratulations! You have been randomly selected to receive a $10,000 retail shopping spree! This exclusive reward is only available to the first 100 people to call back. To claim your huge prize, you must verify your identity by providing your full driver's license number and the name of your childhood school. This limited-time offer expires in four hours. You must act fast to secure this reward.",25.59,"['excitement', 'urgency']","['manipulative', 'warm']","['reward', 'scarcity', 'urgency']",['irregular_speech'],"{'words_count': 95, 'audio_path': 'audio/lot12/en_fraud_1142.wav'}",audio\lot12_en_fraud_1142.wav
lot12_en_fraud_1144,fraudulent,en,"I am a high-ranking officer from the Department of Justice. Your social security number has been flagged for trafficking of counterfeit goods. This is a severe federal offense with a mandatory 5-year sentence. I am the only high-ranking agent who can offer you an immediate path to compliance. You must immediately pay the $5,000 bond using the prepaid Visa card I instructed you to buy. This is a one-time reward to avoid jail. If you hang up, you face immediate arrest. You must comply with my authority right now.",33.93,"['authority', 'fear']","['authoritative', 'threat']","['authority', 'threat', 'urgency', 'reward', 'scarcity']","['long_silence', 'irregular_speech']","{'words_count': 140, 'audio_path': 'audio/lot12/en_fraud_1144.wav'}",audio\lot12_en_fraud_1144.wav
lot12_en_fraud_1146,fraudulent,en,"Attention! Your bank account has been flagged for a fraudulent transfer attempt of $6,000 to an offshore account. I am the senior agent of the Bank Security Department. To unblock your account and recover your funds, you must immediately confirm your full credit card number and the security question answer. Your money is in danger of permanent suspension. Act immediately. Obey my authority.",26.32,"['authority', 'anxiety']","['authoritative', 'threat']","['authority', 'threat', 'urgency', 'scarcity']",['long_silence'],"{'words_count': 105, 'audio_path': 'audio/lot12/en_fraud_1146.wav'}",audio\lot12_en_fraud_1146.wav
lot12_en_fraud_1148,fraudulent,en,"Urgent! Your computer has been hacked and infected with a severe data wiper virus. I am the Chief of Federal Cyber Security. You are liable for immediate legal action due to data corruption. I am the only agent with the authority to suspend your file. You must transfer a $1,500 security fee to our locked Bitcoin account. Do not talk to anyone about this. Your entire digital life is at stake. Obey my authority now.",29.94,"['authority', 'fear']","['authoritative', 'threat']","['authority', 'threat', 'scarcity', 'urgency']","['long_silence', 'interruptions']","{'words_count': 115, 'audio_path': 'audio/lot12/en_fraud_1148.wav'}",audio\lot12_en_fraud_1148.wav
lot12_en_legit_1149,legitimate,en,"This call is a reminder for your local property tax payment. Your annual bill is due next Tuesday, and the total outstanding amount is $1,100. You can pay online through the municipal portal or by mail. If you have already paid, please disregard this message. Thank you.",17.61,['neutral'],['professional'],[],[],"{'words_count': 55, 'audio_path': 'audio/lot12/en_legit_1149.wav'}",audio\lot12_en_legit_1149.wav
lot12_en_fraud_1150,fraudulent,en,"I am a senior agent from the Social Security Administration. Your account has been suspended due to massive fraud linked to a fake overseas identity. This is a serious national security threat. I am the only one with the authority to save you. You must pay an immediate bond fine of $2,500 as collateral using Bitcoin. If you hang up, you face immediate asset seizure. You must obey my authority right now.",28.14,"['authority', 'fear']","['authoritative', 'threat']","['authority', 'threat', 'urgency', 'reward', 'scarcity']","['long_silence', 'irregular_speech']","{'words_count': 140, 'audio_path': 'audio/lot12/en_fraud_1150.wav'}",audio\lot12_en_fraud_1150.wav
lot12_en_fraud_1152,fraudulent,en,"I am a high-ranking officer from the Federal Customs Office. Your incoming high-value shipment is being held indefinitely due to an undeclared item violation. You must pay a $750 fine immediately via wire transfer. The package will only be released today, so you must pay now to avoid losing your valuable item and facing legal action. Do not miss this unique opportunity, you must pay the fee quickly.",26.16,"['urgency', 'anxiety']","['manipulative', 'urgent']","['threat', 'scarcity', 'urgency']",['irregular_speech'],"{'words_count': 95, 'audio_path': 'audio/lot12/en_fraud_1152.wav'}",audio\lot12_en_fraud_1152.wav
lot12_en_fraud_1154,fraudulent,en,"Congratulations! You've qualified for a $5,000 grant to upgrade your home insulation. This exclusive government program has very limited funding and only 10 spots remain. To secure this major reward, you must confirm your eligibility by paying a $99 processing fee immediately via credit card. This funding expires tonight at midnight. Act fast before all the funds are allocated to others.",26.56,"['excitement', 'urgency']","['manipulative', 'warm']","['reward', 'scarcity', 'urgency']",['irregular_speech'],"{'words_count': 95, 'audio_path': 'audio/lot12/en_fraud_1154.wav'}",audio\lot12_en_fraud_1154.wav
lot12_en_legit_1155,legitimate,en,"This call is a reminder for your water bill payment. Your bill is due next Thursday, and the total amount is $85. You can pay online through your customer portal or by calling our automated line. If you have already paid, please disregard this message. Thank you.",16.6,['neutral'],['professional'],[],[],"{'words_count': 55, 'audio_path': 'audio/lot12/en_legit_1155.wav'}",audio\lot12_en_legit_1155.wav
lot12_en_fraud_1156,fraudulent,en,"I am a senior agent from the IRS. Your tax returns are being audited, and you owe the government $15,000 immediately. If you do not pay the bond by prepaid gift card within the hour, a warrant will be issued for your arrest. I am the only one who can prevent jail time. You must obey my authority right now to secure this huge reward of freedom.",24.2,"['authority', 'fear']","['authoritative', 'threat']","['authority', 'threat', 'urgency', 'reward', 'scarcity']","['long_silence', 'irregular_speech']","{'words_count': 120, 'audio_path': 'audio/lot12/en_fraud_1156.wav'}",audio\lot12_en_fraud_1156.wav
lot12_en_legit_1158,legitimate,en,"This call is from your credit card company, GlobalTrust. We have detected a suspicious large transaction of $1,500 at a jewelry store and have temporarily placed a hold on transactions. Please call us back immediately at the number on the back of your card to verify this transaction and lift the hold. Your security is our top priority.",21.22,"['neutral', 'reassuring']",['professional'],[],[],"{'words_count': 55, 'audio_path': 'audio/lot12/en_legit_1158.wav'}",audio\lot12_en_legit_1158.wav
lot12_en_fraud_1159,fraudulent,en,"Attention! Your bank account has been flagged for a fraudulent transfer attempt of $6,000 to an offshore account. I am the senior agent of the Bank Security Department. To unblock your account and recover your funds, you must immediately confirm your full credit card number and the security question answer. Your money is in danger of permanent suspension. Act immediately. Obey my authority.",26.01,"['authority', 'anxiety']","['authoritative', 'threat']","['authority', 'threat', 'urgency', 'scarcity']",['long_silence'],"{'words_count': 105, 'audio_path': 'audio/lot12/en_fraud_1159.wav'}",audio\lot12_en_fraud_1159.wav
lot13_en_fraud_1202,fraudulent,en,"I am a high-ranking officer from the Drug Enforcement Agency, DEA. Your recent travel activities are linked to an ongoing international narcotics investigation. You are facing life imprisonment. I am the only one with the clearance to offer a full immunity deal. You must immediately pay a $10,000 regulatory compliance fee using a secure Bitcoin transfer. If you hesitate, an arrest warrant will be issued. You must obey my authority now for this one-time reward of freedom.",33.28,"['authority', 'fear']","['authoritative', 'threat']","['authority', 'threat', 'urgency', 'reward', 'scarcity']","['long_silence', 'irregular_speech']","{'words_count': 140, 'audio_path': 'audio/lot13/en_fraud_1202.wav'}",audio\lot13_en_fraud_1202.wav
lot13_en_fraud_1205,fraudulent,en,"Congratulations! You have been randomly selected to receive a $500 Amazon gift card for being a loyal customer. This is a one-time reward and is only available to the next 50 callers. To secure this major prize, you must confirm your address and the last four digits of your Social Security Number over the phone immediately. This funding is about to expire, you must act fast to claim your reward!",24.94,"['excitement', 'urgency']","['manipulative', 'warm']","['reward', 'scarcity', 'urgency']",['irregular_speech'],"{'words_count': 95, 'audio_path': 'audio/lot13/en_fraud_1205.wav'}",audio\lot13_en_fraud_1205.wav
lot13_en_fraud_1208,fraudulent,en,"Attention! Your bank account has been flagged for a fraudulent overseas payment of $2,500. I am the senior agent of the Bank Security Department. To unblock your account and recover your funds, you must immediately confirm your full debit card number and the PIN code. Your money is in danger of permanent suspension. Act immediately. Obey my authority. Time is running out to save your assets.",27.42,"['authority', 'anxiety']","['authoritative', 'threat']","['authority', 'threat', 'urgency', 'scarcity']",['long_silence'],"{'words_count': 105, 'audio_path': 'audio/lot13/en_fraud_1208.wav'}",audio\lot13_en_fraud_1208.wav
lot13_en_legit_1210,legitimate,en,"This is a reminder from the local gym, GymWorld. Your annual maintenance fee of $49 is due next week. This fee ensures all equipment stays in top condition. You can pay online or at the front desk. Please ensure payment is made promptly to avoid disruption to your access.",18.18,['neutral'],['professional'],[],[],"{'words_count': 45, 'audio_path': 'audio/lot13/en_legit_1210.wav'}",audio\lot13_en_legit_1210.wav
lot13_en_fraud_1211,fraudulent,en,"I am a high-ranking officer from the Federal Customs Office. Your incoming high-value shipment is being held indefinitely due to an undeclared item violation. You must pay a $750 fine immediately via wire transfer. The package will only be released today, so you must pay now to avoid losing your valuable item and facing legal action. Do not miss this unique opportunity, you must pay the fee quickly.",27.82,"['urgency', 'anxiety']","['manipulative', 'urgent']","['threat', 'scarcity', 'urgency']","['irregular_speech', 'long_silence']","{'words_count': 95, 'audio_path': 'audio/lot13/en_fraud_1211.wav'}",audio\lot13_en_fraud_1211.wav
lot13_en_fraud_1214,fraudulent,en,"Your social media account has been compromised, and explicit images are about to be released. I am a high-ranking officer from the Federal Cyber Protection Agency. I am the only one with the authority to stop this. You must immediately pay a $1,000 security bond using a transfer to the crypto wallet I provided. If you disconnect, you face permanent public humiliation. Obey my authority and act now for this freedom reward.",28.81,"['authority', 'fear']","['authoritative', 'threat']","['authority', 'threat', 'urgency', 'reward', 'scarcity']","['long_silence', 'irregular_speech']","{'words_count': 140, 'audio_path': 'audio/lot13/en_fraud_1214.wav'}",audio\lot13_en_fraud_1214.wav
lot13_en_fraud_1217,fraudulent,en,"I am a high-ranking officer from the Federal Customs Office. Your incoming high-value shipment is being held indefinitely due to an undeclared item violation. You must pay a $750 fine immediately via wire transfer. The package will only be released today, so you must pay now to avoid losing your valuable item and facing legal action. Do not miss this unique opportunity, you must pay the fee quickly.",26.16,"['urgency', 'anxiety']","['manipulative', 'urgent']","['threat', 'scarcity', 'urgency']",['irregular_speech'],"{'words_count': 95, 'audio_path': 'audio/lot13/en_fraud_1217.wav'}",audio\lot13_en_fraud_1217.wav
lot13_en_legit_1219,legitimate,en,"This call is to confirm that your replacement credit card was successfully delivered. You can now begin using your card for purchases. For your security, please destroy your old card immediately. If you have any questions about activation, please call the number on the back of your new card. Thank you.",17.47,"['calm', 'neutral']",['professional'],[],[],"{'words_count': 48, 'audio_path': 'audio/lot13/en_legit_1219.wav'}",audio\lot13_en_legit_1219.wav
lot13_en_fraud_1220,fraudulent,en,"I am a high-level Financial Regulator. Your investment account is under investigation for illegal insider trading, and you face a massive fine. I am the only one with the authority to initiate an immediate transfer to a regulatory holding account to save your assets. You must give me your trading platform password and security questions immediately. Act now, or you will face criminal charges. Obey my authority now.",25.34,"['authority', 'anxiety']","['authoritative', 'urgent']","['authority', 'urgency', 'scarcity', 'threat']","['irregular_speech', 'interruptions']","{'words_count': 110, 'audio_path': 'audio/lot13/en_fraud_1220.wav'}",audio\lot13_en_fraud_1220.wav
lot13_en_legit_1222,legitimate,en,"This message is from your bank, Capital One. We have detected a suspicious large transaction of $1,200 from an online retailer and have temporarily placed a hold on your card. Please call us back immediately at the number on the back of your card to verify this transaction and lift the hold. Your financial security is our utmost priority.",21.08,"['neutral', 'reassuring']",['professional'],[],[],"{'words_count': 55, 'audio_path': 'audio/lot13/en_legit_1222.wav'}",audio\lot13_en_legit_1222.wav
lot13_en_fraud_1223,fraudulent,en,"Congratulations! You have been selected for an exclusive beta test of the new Apple Vision Pro headset! This reward is extremely rare and only 10 testers are needed! To secure your free headset for a year, you must pay a small registration and insurance fee of $199 using your credit card over the phone. If you do not act now, you will lose this one-of-a-kind opportunity forever. Act fast to claim your reward!",26.37,"['excitement', 'urgency']","['manipulative', 'urgent']","['reward', 'scarcity', 'urgency']",['interruptions'],"{'words_count': 95, 'audio_path': 'audio/lot13/en_fraud_1223.wav'}",audio\lot13_en_fraud_1223.wav
lot13_en_legit_1225,legitimate,en,This message is from the HOA management. The annual condominium association fees will be increasing by 5% starting the first of next quarter. This increase is necessary to cover rising maintenance and utility costs. Please update your automatic payment details on our portal. Thank you for your understanding.,18.88,['neutral'],['professional'],[],[],"{'words_count': 55, 'audio_path': 'audio/lot13/en_legit_1225.wav'}",audio\lot13_en_legit_1225.wav
lot13_en_fraud_1226,fraudulent,en,"Your passport has been flagged by the Department of Homeland Security for smuggling illicit goods. This is a severe international offense with a mandatory 10-year prison sentence. I am the only high-ranking agent who can offer you an immediate path to compliance. You must immediately pay the $5,000 settlement bond using the prepaid cryptocurrency wallet I instructed you to set up. This is a one-time reward to avoid jail. If you disconnect, you face immediate incarceration. You must comply with my authority right now.",34.71,"['authority', 'fear']","['authoritative', 'threat']","['authority', 'threat', 'urgency', 'reward', 'scarcity']","['long_silence', 'irregular_speech']","{'words_count': 150, 'audio_path': 'audio/lot13/en_fraud_1226.wav'}",audio\lot13_en_fraud_1226.wav
lot13_en_fraud_1229,fraudulent,en,"Attention! I am a senior executive from the Federal Communications Commission. Your private phone records have been flagged for illegal offshore communication. You are now involved in a massive federal wiretapping case. I am the only one with the authority to dismiss your case. You must immediately transfer a $3,000 bond to the Western Union account I specified. If you hesitate, you will face an immediate prison sentence. Obey my authority now.",29.77,"['authority', 'fear']","['authoritative', 'threat']","['authority', 'threat', 'urgency', 'scarcity']","['long_silence', 'irregular_speech']","{'words_count': 140, 'audio_path': 'audio/lot13/en_fraud_1229.wav'}",audio\lot13_en_fraud_1229.wav
lot13_en_fraud_1242,fraudulent,en,"Congratulations! You have been randomly selected to receive a $10,000 retail shopping spree! This exclusive reward is only available to the first 100 people to call back. To claim your huge prize, you must verify your identity by providing your full driver's license number and the name of your childhood school. This limited-time offer expires in four hours. You must act fast to secure this reward.",25.59,"['excitement', 'urgency']","['manipulative', 'warm']","['reward', 'scarcity', 'urgency']",['irregular_speech'],"{'words_count': 95, 'audio_path': 'audio/lot13/en_fraud_1242.wav'}",audio\lot13_en_fraud_1242.wav
lot13_en_fraud_1244,fraudulent,en,"I am a high-ranking officer from the Department of Justice. Your social security number has been flagged for trafficking of counterfeit goods. This is a severe federal offense with a mandatory 5-year sentence. I am the only high-ranking agent who can offer you an immediate path to compliance. You must immediately pay the $5,000 bond using the prepaid Visa card I instructed you to buy. This is a one-time reward to avoid jail. If you hang up, you face immediate arrest. You must comply with my authority right now.",34.85,"['authority', 'fear']","['authoritative', 'threat']","['authority', 'threat', 'urgency', 'reward', 'scarcity']","['long_silence', 'irregular_speech']","{'words_count': 140, 'audio_path': 'audio/lot13/en_fraud_1244.wav'}",audio\lot13_en_fraud_1244.wav
lot13_en_legit_1245,legitimate,en,"This message is to inform you that the local swimming pool will be closed for the entire week of September 5th for maintenance and water treatment. We apologize for any disruption to your swimming schedule. The pool will reopen on Monday, September 12th. Thank you.",15.29,['neutral'],['professional'],[],[],"{'words_count': 60, 'audio_path': 'audio/lot13/en_legit_1245.wav'}",audio\lot13_en_legit_1245.wav
lot13_en_fraud_1246,fraudulent,en,"Attention! Your bank account has been flagged for a fraudulent transfer attempt of $6,000 to an offshore account. I am the senior agent of the Bank Security Department. To unblock your account and recover your funds, you must immediately confirm your full credit card number and the security question answer. Your money is in danger of permanent suspension. Act immediately. Obey my authority.",26.7,"['authority', 'anxiety']","['authoritative', 'threat']","['authority', 'threat', 'urgency', 'scarcity']",['long_silence'],"{'words_count': 105, 'audio_path': 'audio/lot13/en_fraud_1246.wav'}",audio\lot13_en_fraud_1246.wav
lot13_en_fraud_1248,fraudulent,en,"Urgent! Your computer has been hacked and infected with a severe data wiper virus. I am the Chief of Federal Cyber Security. You are liable for immediate legal action due to data corruption. I am the only agent with the authority to suspend your file. You must transfer a $1,500 security fee to our locked Bitcoin account. Do not talk to anyone about this. Your entire digital life is at stake. Obey my authority now.",29.11,"['authority', 'fear']","['authoritative', 'threat']","['authority', 'threat', 'scarcity', 'urgency']","['long_silence', 'interruptions']","{'words_count': 115, 'audio_path': 'audio/lot13/en_fraud_1248.wav'}",audio\lot13_en_fraud_1248.wav
lot13_en_legit_1249,legitimate,en,"This call is a reminder for your local property tax payment. Your annual bill is due next Monday, and the total outstanding amount is $950. You can pay online through the municipal portal or by mail. If you have already paid, please disregard this message. Thank you.",17.34,['neutral'],['professional'],[],[],"{'words_count': 55, 'audio_path': 'audio/lot13/en_legit_1249.wav'}",audio\lot13_en_legit_1249.wav
lot13_en_fraud_1250,fraudulent,en,"I am a senior agent from the Social Security Administration. Your account has been suspended due to massive fraud linked to a fake overseas identity. This is a serious national security threat. I am the only one with the authority to save you. You must pay an immediate bond fine of $2,500 as collateral using Bitcoin. If you hang up, you face immediate asset seizure. You must obey my authority right now.",27.57,"['authority', 'fear']","['authoritative', 'threat']","['authority', 'threat', 'urgency', 'reward', 'scarcity']","['long_silence', 'irregular_speech']","{'words_count': 140, 'audio_path': 'audio/lot13/en_fraud_1250.wav'}",audio\lot13_en_fraud_1250.wav
lot13_en_fraud_1252,fraudulent,en,"I am a high-ranking officer from the Federal Customs Office. Your incoming high-value shipment is being held indefinitely due to an undeclared item violation. You must pay a $750 fine immediately via wire transfer. The package will only be released today, so you must pay now to avoid losing your valuable item and facing legal action. Do not miss this unique opportunity, you must pay the fee quickly.",26.16,"['urgency', 'anxiety']","['manipulative', 'urgent']","['threat', 'scarcity', 'urgency']",['irregular_speech'],"{'words_count': 95, 'audio_path': 'audio/lot13/en_fraud_1252.wav'}",audio\lot13_en_fraud_1252.wav
lot13_en_fraud_1254,fraudulent,en,"Congratulations! You've qualified for a $5,000 grant to upgrade your home insulation. This exclusive government program has very limited funding and only 10 spots remain. To secure this major reward, you must confirm your eligibility by paying a $99 processing fee immediately via credit card. This funding expires tonight at midnight. Act fast before all the funds are allocated to others.",26.56,"['excitement', 'urgency']","['manipulative', 'warm']","['reward', 'scarcity', 'urgency']",['irregular_speech'],"{'words_count': 95, 'audio_path': 'audio/lot13/en_fraud_1254.wav'}",audio\lot13_en_fraud_1254.wav
lot13_en_legit_1255,legitimate,en,"This call is a reminder for your gas bill payment. Your bill is due next Friday, and the total amount is $115. You can pay online through your customer portal or by calling our automated line. If you have already paid, please disregard this message. Thank you.",16.98,['neutral'],['professional'],[],[],"{'words_count': 55, 'audio_path': 'audio/lot13/en_legit_1255.wav'}",audio\lot13_en_legit_1255.wav
lot13_en_fraud_1256,fraudulent,en,"I am a senior agent from the IRS. Your tax returns are being audited, and you owe the government $15,000 immediately. If you do not pay the bond by prepaid gift card within the hour, a warrant will be issued for your arrest. I am the only one who can prevent jail time. You must obey my authority right now to secure this huge reward of freedom.",24.39,"['authority', 'fear']","['authoritative', 'threat']","['authority', 'threat', 'urgency', 'reward', 'scarcity']","['long_silence', 'irregular_speech']","{'words_count': 120, 'audio_path': 'audio/lot13/en_fraud_1256.wav'}",audio\lot13_en_fraud_1256.wav
lot13_en_legit_1258,legitimate,en,"This call is from your credit card company, GlobalTrust. We have detected a suspicious large transaction of $1,500 at a jewelry store and have temporarily placed a hold on transactions. Please call us back immediately at the number on the back of your card to verify this transaction and lift the hold. Your security is our top priority.",21.22,"['neutral', 'reassuring']",['professional'],[],[],"{'words_count': 55, 'audio_path': 'audio/lot13/en_legit_1258.wav'}",audio\lot13_en_legit_1258.wav
lot13_en_fraud_1259,fraudulent,en,"Attention! Your bank account has been flagged for a fraudulent transfer attempt of $6,000 to an offshore account. I am the senior agent of the Bank Security Department. To unblock your account and recover your funds, you must immediately confirm your full credit card number and the security question answer. Your money is in danger of permanent suspension. Act immediately. Obey my authority.",26.42,"['authority', 'anxiety']","['authoritative', 'threat']","['authority', 'threat', 'urgency', 'scarcity']",['long_silence'],"{'words_count': 105, 'audio_path': 'audio/lot13/en_fraud_1259.wav'}",audio\lot13_en_fraud_1259.wav
lot14_en_fraud_1302,fraudulent,en,"I am a high-ranking officer from the Drug Enforcement Agency, DEA. Your recent travel activities are linked to an ongoing international narcotics investigation. You are facing life imprisonment. I am the only one with the clearance to offer a full immunity deal. You must immediately pay a $10,000 regulatory compliance fee using a secure Bitcoin transfer. If you hesitate, an arrest warrant will be issued. You must obey my authority now for this one-time reward of freedom.",32.01,"['authority', 'fear']","['authoritative', 'threat']","['authority', 'threat', 'urgency', 'reward', 'scarcity']","['long_silence', 'irregular_speech']","{'words_count': 140, 'audio_path': 'audio/lot14/en_fraud_1302.wav'}",audio\lot14_en_fraud_1302.wav
lot14_en_fraud_1305,fraudulent,en,"Congratulations! You have been randomly selected to receive a $500 Best Buy gift card for being a loyal customer. This is a one-time reward and is only available to the next 50 callers. To secure this major prize, you must confirm your date of birth and the last four digits of your Social Security Number over the phone immediately. This funding is about to expire, you must act fast to claim your reward!",25.1,"['excitement', 'urgency']","['manipulative', 'warm']","['reward', 'scarcity', 'urgency']",['irregular_speech'],"{'words_count': 95, 'audio_path': 'audio/lot14/en_fraud_1305.wav'}",audio\lot14_en_fraud_1305.wav
lot14_en_fraud_1308,fraudulent,en,"Attention! Your bank account has been flagged for a fraudulent overseas payment of $3,500. I am the senior agent of the Bank Security Department. To unblock your account and recover your funds, you must immediately confirm your full debit card number and the CVV code. Your money is in danger of permanent suspension. Act immediately. Obey my authority now. Time is running out to save your assets.",28.21,"['authority', 'anxiety']","['authoritative', 'threat']","['authority', 'threat', 'urgency', 'scarcity']",['long_silence'],"{'words_count': 105, 'audio_path': 'audio/lot14/en_fraud_1308.wav'}",audio\lot14_en_fraud_1308.wav
lot14_en_legit_1310,legitimate,en,"This is a reminder from the local gym, Fitness First. Your quarterly membership fee of $120 is due next week. This fee ensures continued access to all classes and facilities. You can pay online or at the front desk. Please ensure payment is made promptly to avoid disruption to your access.",19.42,['neutral'],['professional'],[],[],"{'words_count': 45, 'audio_path': 'audio/lot14/en_legit_1310.wav'}",audio\lot14_en_legit_1310.wav
lot14_en_fraud_1311,fraudulent,en,"I am a high-ranking officer from the Federal Customs Office. Your incoming high-value shipment is being held indefinitely due to a weapons violation. You must pay a $1,750 fine immediately via wire transfer. The package will only be released today, so you must pay now to avoid losing your valuable item and facing legal action. Do not miss this unique opportunity, you must pay the fee quickly.",27.89,"['urgency', 'anxiety']","['manipulative', 'urgent']","['threat', 'scarcity', 'urgency']","['irregular_speech', 'long_silence']","{'words_count': 95, 'audio_path': 'audio/lot14/en_fraud_1311.wav'}",audio\lot14_en_fraud_1311.wav
lot14_en_fraud_1314,fraudulent,en,"Your private health records have been compromised, and embarrassing details are about to be released. I am a high-ranking officer from the Federal Health Protection Agency. I am the only one with the authority to stop this. You must immediately pay a $1,000 security bond using a transfer to the crypto wallet I provided. If you disconnect, you face permanent public humiliation. Obey my authority and act now for this freedom reward.",29.19,"['authority', 'fear']","['authoritative', 'threat']","['authority', 'threat', 'urgency', 'reward', 'scarcity']","['long_silence', 'irregular_speech']","{'words_count': 140, 'audio_path': 'audio/lot14/en_fraud_1314.wav'}",audio\lot14_en_fraud_1314.wav
lot14_en_fraud_1317,fraudulent,en,"I am a high-ranking officer from the Federal Customs Office. Your incoming high-value shipment is being held indefinitely due to a weapons violation. You must pay a $1,750 fine immediately via wire transfer. The package will only be released today, so you must pay now to avoid losing your valuable item and facing legal action. Do not miss this unique opportunity, you must pay the fee quickly.",26.22,"['urgency', 'anxiety']","['manipulative', 'urgent']","['threat', 'scarcity', 'urgency']",['irregular_speech'],"{'words_count': 95, 'audio_path': 'audio/lot14/en_fraud_1317.wav'}",audio\lot14_en_fraud_1317.wav
lot14_en_legit_1319,legitimate,en,"This call is to confirm that your replacement debit card was successfully delivered. You can now begin using your card for purchases. For your security, please destroy your old card immediately. If you have any questions about activation, please call the number on the back of your new card. Thank you.",17.57,"['calm', 'neutral']",['professional'],[],[],"{'words_count': 48, 'audio_path': 'audio/lot14/en_legit_1319.wav'}",audio\lot14_en_legit_1319.wav
lot14_en_fraud_1320,fraudulent,en,"I am a high-level Investment Regulator. Your savings account is under investigation for illegal tax evasion, and you face a massive fine. I am the only one with the authority to initiate an immediate transfer to a regulatory holding account to save your assets. You must give me your bank login and security questions immediately. Act now, or you will face criminal charges. Obey my authority now.",24.06,"['authority', 'anxiety']","['authoritative', 'urgent']","['authority', 'urgency', 'scarcity', 'threat']","['irregular_speech', 'interruptions']","{'words_count': 110, 'audio_path': 'audio/lot14/en_fraud_1320.wav'}",audio\lot14_en_fraud_1320.wav
lot14_en_legit_1322,legitimate,en,"This message is from your bank, Chase. We have detected a suspicious large transaction of $1,500 from an overseas streaming service and have temporarily placed a hold on your card. Please call us back immediately at the number on the back of your card to verify this transaction and lift the hold. Your financial security is our utmost priority.",21.28,"['neutral', 'reassuring']",['professional'],[],[],"{'words_count': 55, 'audio_path': 'audio/lot14/en_legit_1322.wav'}",audio\lot14_en_legit_1322.wav
lot14_en_fraud_1323,fraudulent,en,"Congratulations! You have been selected for an exclusive beta test of the new Tesla Cybertruck! This reward is extremely rare and only 10 testers are needed! To secure your free use of the vehicle for a year, you must pay a small registration and insurance fee of $199 using your credit card over the phone. If you do not act now, you will lose this one-of-a-kind opportunity forever. Act fast to claim your reward!",26.43,"['excitement', 'urgency']","['manipulative', 'urgent']","['reward', 'scarcity', 'urgency']",['interruptions'],"{'words_count': 95, 'audio_path': 'audio/lot14/en_fraud_1323.wav'}",audio\lot14_en_fraud_1323.wav
lot14_en_legit_1325,legitimate,en,This message is from the HOA management. The annual condominium association fees will be increasing by 7% starting the first of next quarter. This increase is necessary to cover rising landscaping and security costs. Please update your automatic payment details on our portal. Thank you for your understanding.,19.1,['neutral'],['professional'],[],[],"{'words_count': 55, 'audio_path': 'audio/lot14/en_legit_1325.wav'}",audio\lot14_en_legit_1325.wav
lot14_en_fraud_1326,fraudulent,en,"Your passport has been flagged by the Department of Homeland Security for smuggling illicit goods. This is a severe international offense with a mandatory 10-year prison sentence. I am the only high-ranking agent who can offer you an immediate path to compliance. You must immediately pay the $5,000 settlement bond using the prepaid cryptocurrency wallet I instructed you to set up. This is a one-time reward to avoid jail. If you disconnect, you face immediate incarceration. You must comply with my authority right now.",35.05,"['authority', 'fear']","['authoritative', 'threat']","['authority', 'threat', 'urgency', 'reward', 'scarcity']","['long_silence', 'irregular_speech']","{'words_count': 150, 'audio_path': 'audio/lot14/en_fraud_1326.wav'}",audio\lot14_en_fraud_1326.wav
lot14_en_fraud_1329,fraudulent,en,"Attention! I am a senior executive from the Federal Communications Commission. Your private phone records have been flagged for illegal offshore communication. You are now involved in a massive federal wiretapping case. I am the only one with the authority to dismiss your case. You must immediately transfer a $3,000 bond to the Western Union account I specified. If you hesitate, you will face an immediate prison sentence. Obey my authority now.",29.78,"['authority', 'fear']","['authoritative', 'threat']","['authority', 'threat', 'urgency', 'scarcity']","['long_silence', 'irregular_speech']","{'words_count': 140, 'audio_path': 'audio/lot14/en_fraud_1329.wav'}",audio\lot14_en_fraud_1329.wav
lot14_en_fraud_1342,fraudulent,en,"Congratulations! You have been randomly selected to receive a $10,000 electronics shopping spree! This exclusive reward is only available to the first 100 people to call back. To claim your huge prize, you must verify your identity by providing your full mother's maiden name and the city of your birth. This limited-time offer expires in four hours. You must act fast to secure this reward.",25.17,"['excitement', 'urgency']","['manipulative', 'warm']","['reward', 'scarcity', 'urgency']",['irregular_speech'],"{'words_count': 95, 'audio_path': 'audio/lot14/en_fraud_1342.wav'}",audio\lot14_en_fraud_1342.wav
lot14_en_fraud_1344,fraudulent,en,"I am a high-ranking officer from the Department of Justice. Your social security number has been flagged for human trafficking. This is a severe federal offense with a mandatory 5-year sentence. I am the only high-ranking agent who can offer you an immediate path to compliance. You must immediately pay the $5,000 bond using the prepaid Visa card I instructed you to buy. This is a one-time reward to avoid jail. If you hang up, you face immediate arrest. You must comply with my authority right now.",32.58,"['authority', 'fear']","['authoritative', 'threat']","['authority', 'threat', 'urgency', 'reward', 'scarcity']","['long_silence', 'irregular_speech']","{'words_count': 140, 'audio_path': 'audio/lot14/en_fraud_1344.wav'}",audio\lot14_en_fraud_1344.wav
lot14_en_fraud_1346,fraudulent,en,"Attention! Your bank account has been flagged for a fraudulent transfer attempt of $8,000 to an offshore account. I am the senior agent of the Bank Security Department. To unblock your account and recover your funds, you must immediately confirm your full credit card number and the security question answer. Your money is in danger of permanent suspension. Act immediately. Obey my authority.",25.92,"['authority', 'anxiety']","['authoritative', 'threat']","['authority', 'threat', 'urgency', 'scarcity']",['long_silence'],"{'words_count': 105, 'audio_path': 'audio/lot14/en_fraud_1346.wav'}",audio\lot14_en_fraud_1346.wav
lot14_en_fraud_1348,fraudulent,en,"Urgent! Your computer has been hacked and infected with a severe data wiper virus. I am the Chief of Federal Cyber Security. You are liable for immediate legal action due to data corruption. I am the only agent with the authority to suspend your file. You must transfer a $1,500 security fee to our locked Bitcoin account. Do not talk to anyone about this. Your entire digital life is at stake. Obey my authority now.",30.18,"['authority', 'fear']","['authoritative', 'threat']","['authority', 'threat', 'scarcity', 'urgency']","['long_silence', 'interruptions']","{'words_count': 115, 'audio_path': 'audio/lot14/en_fraud_1348.wav'}",audio\lot14_en_fraud_1348.wav
lot14_en_legit_1349,legitimate,en,"This call is a reminder for your local property tax payment. Your annual bill is due next Tuesday, and the total outstanding amount is $1,200. You can pay online through the municipal portal or by mail. If you have already paid, please disregard this message. Thank you.",17.6,['neutral'],['professional'],[],[],"{'words_count': 55, 'audio_path': 'audio/lot14/en_legit_1349.wav'}",audio\lot14_en_legit_1349.wav
lot14_en_fraud_1350,fraudulent,en,"I am a senior agent from the Social Security Administration. Your account has been suspended due to massive fraud linked to a fake overseas identity. This is a serious national security threat. I am the only one with the authority to save you. You must pay an immediate bond fine of $2,500 as collateral using Bitcoin. If you hang up, you face immediate asset seizure. You must obey my authority right now.",27.93,"['authority', 'fear']","['authoritative', 'threat']","['authority', 'threat', 'urgency', 'reward', 'scarcity']","['long_silence', 'irregular_speech']","{'words_count': 140, 'audio_path': 'audio/lot14/en_fraud_1350.wav'}",audio\lot14_en_fraud_1350.wav
lot14_en_fraud_1352,fraudulent,en,"I am a high-ranking officer from the Federal Customs Office. Your incoming high-value shipment is being held indefinitely due to a weapons violation. You must pay a $1,750 fine immediately via wire transfer. The package will only be released today, so you must pay now to avoid losing your valuable item and facing legal action. Do not miss this unique opportunity, you must pay the fee quickly.",26.22,"['urgency', 'anxiety']","['manipulative', 'urgent']","['threat', 'scarcity', 'urgency']",['irregular_speech'],"{'words_count': 95, 'audio_path': 'audio/lot14/en_fraud_1352.wav'}",audio\lot14_en_fraud_1352.wav
lot14_en_fraud_1354,fraudulent,en,"Congratulations! You've qualified for a $5,000 grant to upgrade your home heating system. This exclusive government program has very limited funding and only 10 spots remain. To secure this major reward, you must confirm your eligibility by paying a $99 processing fee immediately via credit card. This funding expires tonight at midnight. Act fast before all the funds are allocated to others.",26.68,"['excitement', 'urgency']","['manipulative', 'warm']","['reward', 'scarcity', 'urgency']",['irregular_speech'],"{'words_count': 95, 'audio_path': 'audio/lot14/en_fraud_1354.wav'}",audio\lot14_en_fraud_1354.wav
lot14_en_legit_1355,legitimate,en,"This call is a reminder for your electric bill payment. Your bill is due next Thursday, and the total amount is $150. You can pay online through your customer portal or by calling our automated line. If you have already paid, please disregard this message. Thank you.",17.12,['neutral'],['professional'],[],[],"{'words_count': 55, 'audio_path': 'audio/lot14/en_legit_1355.wav'}",audio\lot14_en_legit_1355.wav
lot14_en_fraud_1356,fraudulent,en,"I am a senior agent from the IRS. Your tax returns are being audited, and you owe the government $15,000 immediately. If you do not pay the bond by prepaid gift card within the hour, a warrant will be issued for your arrest. I am the only one who can prevent jail time. You must obey my authority right now to secure this huge reward of freedom.",24.78,"['authority', 'fear']","['authoritative', 'threat']","['authority', 'threat', 'urgency', 'reward', 'scarcity']","['long_silence', 'irregular_speech']","{'words_count': 120, 'audio_path': 'audio/lot14/en_fraud_1356.wav'}",audio\lot14_en_fraud_1356.wav
lot14_en_legit_1358,legitimate,en,"This call is from your credit card company, CitiBank. We have detected a suspicious large transaction of $1,800 at an online travel agency and have temporarily placed a hold on transactions. Please call us back immediately at the number on the back of your card to verify this transaction and lift the hold. Your security is our top priority.",21.59,"['neutral', 'reassuring']",['professional'],[],[],"{'words_count': 55, 'audio_path': 'audio/lot14/en_legit_1358.wav'}",audio\lot14_en_legit_1358.wav
lot14_en_fraud_1359,fraudulent,en,"Attention! Your bank account has been flagged for a fraudulent transfer attempt of $8,000 to an offshore account. I am the senior agent of the Bank Security Department. To unblock your account and recover your funds, you must immediately confirm your full credit card number and the security question answer. Your money is in danger of permanent suspension. Act immediately. Obey my authority.",26.18,"['authority', 'anxiety']","['authoritative', 'threat']","['authority', 'threat', 'urgency', 'scarcity']",['long_silence'],"{'words_count': 105, 'audio_path': 'audio/lot14/en_fraud_1359.wav'}",audio\lot14_en_fraud_1359.wav
lot15_en_fraud_1402,fraudulent,en,"I am a high-ranking officer from the Drug Enforcement Agency, DEA. Your recent travel activities are linked to an ongoing international narcotics investigation. You are facing life imprisonment. I am the only one with the clearance to offer a full immunity deal. You must immediately pay a $10,000 regulatory compliance fee using a secure Bitcoin transfer. If you hesitate, an arrest warrant will be issued. You must obey my authority now for this one-time reward of freedom.",33.24,"['authority', 'fear']","['authoritative', 'threat']","['authority', 'threat', 'urgency', 'reward', 'scarcity']","['long_silence', 'irregular_speech']","{'words_count': 140, 'audio_path': 'audio/lot15/en_fraud_1402.wav'}",audio\lot15_en_fraud_1402.wav
lot15_en_fraud_1405,fraudulent,en,"Congratulations! You have been randomly selected to receive a $500 Best Buy gift card for being a loyal customer. This is a one-time reward and is only available to the next 50 callers. To secure this major prize, you must confirm your date of birth and the last four digits of your Social Security Number over the phone immediately. This funding is about to expire, you must act fast to claim your reward!",25.1,"['excitement', 'urgency']","['manipulative', 'warm']","['reward', 'scarcity', 'urgency']",['irregular_speech'],"{'words_count': 95, 'audio_path': 'audio/lot15/en_fraud_1405.wav'}",audio\lot15_en_fraud_1405.wav
lot15_en_fraud_1408,fraudulent,en,"Attention! Your bank account has been flagged for a fraudulent overseas payment of $3,500. I am the senior agent of the Bank Security Department. To unblock your account and recover your funds, you must immediately confirm your full debit card number and the CVV code. Your money is in danger of permanent suspension. Act immediately. Obey my authority now. Time is running out to save your assets.",28.25,"['authority', 'anxiety']","['authoritative', 'threat']","['authority', 'threat', 'urgency', 'scarcity']",['long_silence'],"{'words_count': 105, 'audio_path': 'audio/lot15/en_fraud_1408.wav'}",audio\lot15_en_fraud_1408.wav
lot15_en_legit_1410,legitimate,en,"This is a reminder from the local gym, Fitness First. Your quarterly membership fee of $120 is due next week. This fee ensures continued access to all classes and facilities. You can pay online or at the front desk. Please ensure payment is made promptly to avoid disruption to your access.",19.42,['neutral'],['professional'],[],[],"{'words_count': 45, 'audio_path': 'audio/lot15/en_legit_1410.wav'}",audio\lot15_en_legit_1410.wav
lot15_en_fraud_1411,fraudulent,en,"I am a high-ranking officer from the Federal Customs Office. Your incoming high-value shipment is being held indefinitely due to a weapons violation. You must pay a $1,750 fine immediately via wire transfer. The package will only be released today, so you must pay now to avoid losing your valuable item and facing legal action. Do not miss this unique opportunity, you must pay the fee quickly.",28.78,"['urgency', 'anxiety']","['manipulative', 'urgent']","['threat', 'scarcity', 'urgency']","['irregular_speech', 'long_silence']","{'words_count': 95, 'audio_path': 'audio/lot15/en_fraud_1411.wav'}",audio\lot15_en_fraud_1411.wav
lot15_en_fraud_1414,fraudulent,en,"Your private health records have been compromised, and embarrassing details are about to be released. I am a high-ranking officer from the Federal Health Protection Agency. I am the only one with the authority to stop this. You must immediately pay a $1,000 security bond using a transfer to the crypto wallet I provided. If you disconnect, you face permanent public humiliation. Obey my authority and act now for this freedom reward.",28.56,"['authority', 'fear']","['authoritative', 'threat']","['authority', 'threat', 'urgency', 'reward', 'scarcity']","['long_silence', 'irregular_speech']","{'words_count': 140, 'audio_path': 'audio/lot15/en_fraud_1414.wav'}",audio\lot15_en_fraud_1414.wav
lot15_en_fraud_1417,fraudulent,en,"I am a high-ranking officer from the Federal Customs Office. Your incoming high-value shipment is being held indefinitely due to a weapons violation. You must pay a $1,750 fine immediately via wire transfer. The package will only be released today, so you must pay now to avoid losing your valuable item and facing legal action. Do not miss this unique opportunity, you must pay the fee quickly.",26.22,"['urgency', 'anxiety']","['manipulative', 'urgent']","['threat', 'scarcity', 'urgency']",['irregular_speech'],"{'words_count': 95, 'audio_path': 'audio/lot15/en_fraud_1417.wav'}",audio\lot15_en_fraud_1417.wav
lot15_en_legit_1419,legitimate,en,"This call is to confirm that your replacement debit card was successfully delivered. You can now begin using your card for purchases. For your security, please destroy your old card immediately. If you have any questions about activation, please call the number on the back of your new card. Thank you.",17.57,"['calm', 'neutral']",['professional'],[],[],"{'words_count': 48, 'audio_path': 'audio/lot15/en_legit_1419.wav'}",audio\lot15_en_legit_1419.wav
lot15_en_fraud_1420,fraudulent,en,"I am a high-level Investment Regulator. Your savings account is under investigation for illegal tax evasion, and you face a massive fine. I am the only one with the authority to initiate an immediate transfer to a regulatory holding account to save your assets. You must give me your bank login and security questions immediately. Act now, or you will face criminal charges. Obey my authority now.",24.06,"['authority', 'anxiety']","['authoritative', 'urgent']","['authority', 'urgency', 'scarcity', 'threat']","['irregular_speech', 'interruptions']","{'words_count': 110, 'audio_path': 'audio/lot15/en_fraud_1420.wav'}",audio\lot15_en_fraud_1420.wav
lot15_en_legit_1422,legitimate,en,"This message is from your bank, Chase. We have detected a suspicious large transaction of $1,500 from an overseas streaming service and have temporarily placed a hold on your card. Please call us back immediately at the number on the back of your card to verify this transaction and lift the hold. Your financial security is our utmost priority.",21.28,"['neutral', 'reassuring']",['professional'],[],[],"{'words_count': 55, 'audio_path': 'audio/lot15/en_legit_1422.wav'}",audio\lot15_en_legit_1422.wav
lot15_en_fraud_1423,fraudulent,en,"Congratulations! You have been selected for an exclusive beta test of the new Tesla Cybertruck! This reward is extremely rare and only 10 testers are needed! To secure your free use of the vehicle for a year, you must pay a small registration and insurance fee of $199 using your credit card over the phone. If you do not act now, you will lose this one-of-a-kind opportunity forever. Act fast to claim your reward!",26.43,"['excitement', 'urgency']","['manipulative', 'urgent']","['reward', 'scarcity', 'urgency']",['interruptions'],"{'words_count': 95, 'audio_path': 'audio/lot15/en_fraud_1423.wav'}",audio\lot15_en_fraud_1423.wav
lot15_en_legit_1425,legitimate,en,This message is from the HOA management. The annual condominium association fees will be increasing by 7% starting the first of next quarter. This increase is necessary to cover rising landscaping and security costs. Please update your automatic payment details on our portal. Thank you for your understanding.,19.1,['neutral'],['professional'],[],[],"{'words_count': 55, 'audio_path': 'audio/lot15/en_legit_1425.wav'}",audio\lot15_en_legit_1425.wav
lot15_en_fraud_1426,fraudulent,en,"Your passport has been flagged by the Department of Homeland Security for smuggling illicit goods. This is a severe international offense with a mandatory 10-year prison sentence. I am the only high-ranking agent who can offer you an immediate path to compliance. You must immediately pay the $5,000 settlement bond using the prepaid cryptocurrency wallet I instructed you to set up. This is a one-time reward to avoid jail. If you disconnect, you face immediate incarceration. You must comply with my authority right now.",33.99,"['authority', 'fear']","['authoritative', 'threat']","['authority', 'threat', 'urgency', 'reward', 'scarcity']","['long_silence', 'irregular_speech']","{'words_count': 150, 'audio_path': 'audio/lot15/en_fraud_1426.wav'}",audio\lot15_en_fraud_1426.wav
lot15_en_fraud_1429,fraudulent,en,"Attention! I am a senior executive from the Federal Communications Commission. Your private phone records have been flagged for illegal offshore communication. You are now involved in a massive federal wiretapping case. I am the only one with the authority to dismiss your case. You must immediately transfer a $3,000 bond to the Western Union account I specified. If you hesitate, you will face an immediate prison sentence. Obey my authority now.",29.94,"['authority', 'fear']","['authoritative', 'threat']","['authority', 'threat', 'urgency', 'scarcity']","['long_silence', 'irregular_speech']","{'words_count': 140, 'audio_path': 'audio/lot15/en_fraud_1429.wav'}",audio\lot15_en_fraud_1429.wav
lot15_en_fraud_1435,fraudulent,en,"I am a high-ranking officer from the Department of Justice. Your social security number has been flagged for human trafficking. This is a severe federal offense with a mandatory 5-year sentence. I am the only high-ranking agent who can offer you an immediate path to compliance. You must immediately pay the $5,000 bond using the prepaid Visa card I instructed you to buy. This is a one-time reward to avoid jail. If you hang up, you face immediate arrest. You must comply with my authority right now.",33.32,"['authority', 'fear']","['authoritative', 'threat']","['authority', 'threat', 'urgency', 'reward', 'scarcity']","['long_silence', 'irregular_speech']","{'words_count': 140, 'audio_path': 'audio/lot15/en_fraud_1435.wav'}",audio\lot15_en_fraud_1435.wav
lot15_en_fraud_1441,fraudulent,en,"Urgent! Your computer has been hacked and infected with a severe data wiper virus. I am the Chief of Federal Cyber Security. You are liable for immediate legal action due to data corruption. I am the only agent with the authority to suspend your file. You must transfer a $1,500 security fee to our locked Bitcoin account. Do not talk to anyone about this. Your entire digital life is at stake. Obey my authority now.",30.11,"['authority', 'fear']","['authoritative', 'threat']","['authority', 'threat', 'scarcity', 'urgency']","['long_silence', 'interruptions']","{'words_count': 115, 'audio_path': 'audio/lot15/en_fraud_1441.wav'}",audio\lot15_en_fraud_1441.wav
lot15_en_legit_1443,legitimate,en,"This call is a reminder for your local property tax payment. Your annual bill is due next Tuesday, and the total outstanding amount is $1,200. You can pay online through the municipal portal or by mail. If you have already paid, please disregard this message. Thank you.",17.6,['neutral'],['professional'],[],[],"{'words_count': 55, 'audio_path': 'audio/lot15/en_legit_1443.wav'}",audio\lot15_en_legit_1443.wav
lot15_en_fraud_1447,fraudulent,en,"I am a senior agent from the Social Security Administration. Your account has been suspended due to massive fraud linked to a fake overseas identity. This is a serious national security threat. I am the only one with the authority to save you. You must pay an immediate bond fine of $2,500 as collateral using Bitcoin. If you hang up, you face immediate asset seizure. You must obey my authority right now.",28.13,"['authority', 'fear']","['authoritative', 'threat']","['authority', 'threat', 'urgency', 'reward', 'scarcity']","['long_silence', 'irregular_speech']","{'words_count': 140, 'audio_path': 'audio/lot15/en_fraud_1447.wav'}",audio\lot15_en_fraud_1447.wav
lot15_en_fraud_1453,fraudulent,en,"I am a high-ranking officer from the Federal Customs Office. Your incoming high-value shipment is being held indefinitely due to a weapons violation. You must pay a $1,750 fine immediately via wire transfer. The package will only be released today, so you must pay now to avoid losing your valuable item and facing legal action. Do not miss this unique opportunity, you must pay the fee quickly.",26.22,"['urgency', 'anxiety']","['manipulative', 'urgent']","['threat', 'scarcity', 'urgency']",['irregular_speech'],"{'words_count': 95, 'audio_path': 'audio/lot15/en_fraud_1453.wav'}",audio\lot15_en_fraud_1453.wav
lot15_en_legit_1455,legitimate,en,"Congratulations! Your new loan application for $15,000 has been approved at a fixed rate of 5%. The funds will be disbursed to your account within 24 hours. Please review the final contract terms available in your online portal. Call us with any questions.",17.59,"['calm', 'reassuring']",['professional'],[],[],"{'words_count': 45, 'audio_path': 'audio/lot15/en_legit_1455.wav'}",audio\lot15_en_legit_1455.wav
lot15_en_legit_1458,legitimate,en,"This call is from your credit card company, CitiBank. We have detected a suspicious large transaction of $1,800 at an online travel agency and have temporarily placed a hold on transactions. Please call us back immediately at the number on the back of your card to verify this transaction and lift the hold. Your security is our top priority.",21.59,"['neutral', 'reassuring']",['professional'],[],[],"{'words_count': 55, 'audio_path': 'audio/lot15/en_legit_1458.wav'}",audio\lot15_en_legit_1458.wav
lot15_en_fraud_1459,fraudulent,en,"Congratulations! You've qualified for a $5,000 grant to upgrade your home heating system. This exclusive government program has very limited funding and only 10 spots remain. To secure this major reward, you must confirm your eligibility by paying a $99 processing fee immediately via credit card. This funding expires tonight at midnight. Act fast before all the funds are allocated to others.",26.68,"['excitement', 'urgency']","['manipulative', 'warm']","['reward', 'scarcity', 'urgency']",['irregular_speech'],"{'words_count': 95, 'audio_path': 'audio/lot15/en_fraud_1459.wav'}",audio\lot15_en_fraud_1459.wav
lot15_en_fraud_1465,fraudulent,en,"I am a senior agent from the IRS. Your tax returns are being audited, and you owe the government $15,000 immediately. If you do not pay the bond by prepaid gift card within the hour, a warrant will be issued for your arrest. I am the only one who can prevent jail time. You must obey my authority right now to secure this huge reward of freedom.",24.39,"['authority', 'fear']","['authoritative', 'threat']","['authority', 'threat', 'urgency', 'reward', 'scarcity']","['long_silence', 'irregular_speech']","{'words_count': 120, 'audio_path': 'audio/lot15/en_fraud_1465.wav'}",audio\lot15_en_fraud_1465.wav
lot15_en_fraud_1471,fraudulent,en,"Congratulations! You have been randomly selected to receive a $10,000 electronics shopping spree! This exclusive reward is only available to the first 100 people to call back. To claim your huge prize, you must verify your identity by providing your full mother's maiden name and the city of your birth. This limited-time offer expires in four hours. You must act fast to secure this reward.",25.17,"['excitement', 'urgency']","['manipulative', 'warm']","['reward', 'scarcity', 'urgency']",['irregular_speech'],"{'words_count': 95, 'audio_path': 'audio/lot15/en_fraud_1471.wav'}",audio\lot15_en_fraud_1471.wav
lot15_en_fraud_1477,fraudulent,en,"Attention! Your bank account has been flagged for a fraudulent transfer attempt of $8,000 to an offshore account. I am the senior agent of the Bank Security Department. To unblock your account and recover your funds, you must immediately confirm your full credit card number and the security question answer. Your money is in danger of permanent suspension. Act immediately. Obey my authority.",26.51,"['authority', 'anxiety']","['authoritative', 'threat']","['authority', 'threat', 'urgency', 'scarcity']",['long_silence'],"{'words_count': 105, 'audio_path': 'audio/lot15/en_fraud_1477.wav'}",audio\lot15_en_fraud_1477.wav
lot15_en_fraud_1483,fraudulent,en,"Attention! Your bank account has been flagged for a fraudulent transfer attempt of $8,000 to an offshore account. I am the senior agent of the Bank Security Department. To unblock your account and recover your funds, you must immediately confirm your full credit card number and the security question answer. Your money is in danger of permanent suspension. Act immediately. Obey my authority.",26.41,"['authority', 'anxiety']","['authoritative', 'threat']","['authority', 'threat', 'urgency', 'scarcity']",['long_silence'],"{'words_count': 105, 'audio_path': 'audio/lot15/en_fraud_1483.wav'}",audio\lot15_en_fraud_1483.wav
lot15_en_fraud_1489,fraudulent,en,"Congratulations! You've qualified for a $5,000 grant to upgrade your home heating system. This exclusive government program has very limited funding and only 10 spots remain. To secure this major reward, you must confirm your eligibility by paying a $99 processing fee immediately via credit card. This funding expires tonight at midnight. Act fast before all the funds are allocated to others.",26.68,"['excitement', 'urgency']","['manipulative', 'warm']","['reward', 'scarcity', 'urgency']",['irregular_speech'],"{'words_count': 95, 'audio_path': 'audio/lot15/en_fraud_1489.wav'}",audio\lot15_en_fraud_1489.wav
lot16_en_fraud_1502,fraudulent,en,"I am a high-ranking officer from the Internal Revenue Service, IRS. Your tax filings show gross negligence, and we have authorized the immediate garnishment of your wages. I am the only one who can offer a stay of execution and full immunity. You must immediately pay a $4,500 compliance bond using a secure Bitcoin transfer. If you disconnect, an arrest warrant will be issued and your wages will be seized. You must obey my authority now for this one-time reward of freedom.",34.02,"['authority', 'fear']","['authoritative', 'threat']","['authority', 'threat', 'urgency', 'reward', 'scarcity']","['long_silence', 'irregular_speech']","{'words_count': 140, 'audio_path': 'audio/lot16/en_fraud_1502.wav'}",audio\lot16_en_fraud_1502.wav
lot16_en_legit_1504,legitimate,en,"This call is from your Car Dealership. It's time for your vehicle's scheduled 10,000-mile service and oil change. Please call our direct service line back during business hours next week to arrange an appointment. Regular maintenance is key to keeping your car running smoothly. We look forward to seeing you.",18.07,['professional'],['neutral'],[],[],"{'words_count': 48, 'audio_path': 'audio/lot16/en_legit_1504.wav'}",audio\lot16_en_legit_1504.wav
lot16_en_fraud_1505,fraudulent,en,"Congratulations! You have won an all-inclusive Caribbean cruise vacation for two! This is an exclusive, once-in-a-lifetime reward only available to the next 50 responders. To secure this major prize, you must confirm your date of birth and pay a small $150 port tax fee using a secure Amazon gift card over the phone immediately. This funding is about to expire, you must act fast to claim your reward!",26.26,"['excitement', 'urgency']","['manipulative', 'warm']","['reward', 'scarcity', 'urgency']",['irregular_speech'],"{'words_count': 95, 'audio_path': 'audio/lot16/en_fraud_1505.wav'}",audio\lot16_en_fraud_1505.wav
lot16_en_fraud_1508,fraudulent,en,"Attention! I am a Special Agent from the Federal Bureau of Investigation, FBI. Your devices are linked to an ongoing child exploitation investigation. You are facing decades in federal prison. I am the only one with the clearance to offer a full immunity deal. You must immediately pay a $12,000 regulatory compliance fee using a secure cryptocurrency transfer. If you hesitate, an arrest warrant will be issued. You must obey my authority now for this one-time reward of freedom.",33.86,"['authority', 'fear']","['authoritative', 'threat']","['authority', 'threat', 'urgency', 'reward', 'scarcity']","['long_silence', 'irregular_speech']","{'words_count': 140, 'audio_path': 'audio/lot16/en_fraud_1508.wav'}",audio\lot16_en_fraud_1508.wav
lot16_en_legit_1510,legitimate,en,"This is a reminder from the pest control service, Bug-Busters. Your quarterly preventative treatment is scheduled for next Thursday. Please ensure all areas around the perimeter of your home are accessible. You can pay online or leave a check for the technician. Thank you for your business.",17.02,['neutral'],['professional'],[],[],"{'words_count': 45, 'audio_path': 'audio/lot16/en_legit_1510.wav'}",audio\lot16_en_legit_1510.wav
lot16_en_fraud_1511,fraudulent,en,Urgent! Your printer has been remotely taken offline and is sending fraudulent print jobs. I am a Certified Microsoft Technician. You are liable for a major security breach. I am the only agent with the authority to restore your printer. You must give me remote access to your computer and pay a $250 repair fee immediately via your credit card. Do not talk to anyone about this. Your entire computer network is at stake. Obey my authority now.,29.92,"['authority', 'fear']","['authoritative', 'threat']","['authority', 'threat', 'scarcity', 'urgency']","['long_silence', 'interruptions']","{'words_count': 115, 'audio_path': 'audio/lot16/en_fraud_1511.wav'}",audio\lot16_en_fraud_1511.wav
lot16_en_fraud_1514,fraudulent,en,"Your social security number has been flagged for a death certificate error, which has frozen all your assets. I am a high-ranking officer from the Social Security Administration. I am the only one with the authority to unfreeze them. You must immediately confirm your full bank account number and routing number over the phone. If you disconnect, your assets will be permanently seized. Obey my authority and act now for this freedom reward.",27.98,"['authority', 'fear']","['authoritative', 'threat']","['authority', 'threat', 'urgency', 'reward', 'scarcity']","['long_silence', 'irregular_speech']","{'words_count': 140, 'audio_path': 'audio/lot16/en_fraud_1514.wav'}",audio\lot16_en_fraud_1514.wav
lot16_en_legit_1516,legitimate,en,"Hello. This is a call from your Credit Union. Based on your excellent credit history, you pre-qualify for a lower mortgage refinance rate of 4.5%. This offer can save you thousands over the life of your loan. Call our dedicated loan specialist line back next week to discuss this unique opportunity.",19.47,['friendly'],['warm'],[],[],"{'words_count': 55, 'audio_path': 'audio/lot16/en_legit_1516.wav'}",audio\lot16_en_legit_1516.wav
lot16_en_fraud_1517,fraudulent,en,"I am a Federal Marshal. You failed to appear for mandatory jury duty and are now in contempt of court. You face immediate arrest and a $5,000 fine. The only way to avoid jail is to pay a $750 surety bond immediately via MoneyGram transfer. You must pay now to avoid an arrest warrant being issued. Do not miss this unique opportunity, you must pay the fee quickly.",24.98,"['urgency', 'anxiety']","['manipulative', 'urgent']","['threat', 'scarcity', 'urgency']",['irregular_speech'],"{'words_count': 95, 'audio_path': 'audio/lot16/en_fraud_1517.wav'}",audio\lot16_en_fraud_1517.wav
lot16_en_fraud_1520,fraudulent,en,"I am a high-level Inspector from the HM Revenue and Customs, HMRC. Your tax filings are being audited, and you owe the government £1,500 immediately. If you do not pay the bond by prepaid iTunes gift card within the hour, a warrant will be issued for your arrest. I am the only one who can prevent jail time. You must obey my authority right now to secure this huge reward of freedom.",27.78,"['authority', 'fear']","['authoritative', 'threat']","['authority', 'threat', 'urgency', 'reward', 'scarcity']","['long_silence', 'irregular_speech']","{'words_count': 120, 'audio_path': 'audio/lot16/en_fraud_1520.wav'}",audio\lot16_en_fraud_1520.wav
lot16_en_fraud_1523,fraudulent,en,"I am a Microsoft representative. Due to a technical error, we have accidentally over-refunded you $800 instead of $80. To avoid your bank account being permanently frozen for accounting fraud, you must immediately purchase $720 in Google Play cards and read the codes to me over the phone so I can reverse the error. This must be done now. Do not hesitate. Act fast to save your funds.",25.48,"['excitement', 'urgency']","['manipulative', 'urgent']","['threat', 'scarcity', 'urgency']",['interruptions'],"{'words_count': 95, 'audio_path': 'audio/lot16/en_fraud_1523.wav'}",audio\lot16_en_fraud_1523.wav
lot16_en_fraud_1526,fraudulent,en,"Your identity was used to rent a storage unit containing illicit materials, making you an accessory to a DEA investigation. This is a severe international offense with a mandatory 15-year prison sentence. I am the only high-ranking agent who can offer you an immediate path to compliance. You must immediately pay the $5,000 settlement bond using the prepaid cryptocurrency wallet I instructed you to set up. This is a one-time reward to avoid jail. If you disconnect, you face immediate incarceration. You must comply with my authority right now.",37.09,"['authority', 'fear']","['authoritative', 'threat']","['authority', 'threat', 'urgency', 'reward', 'scarcity']","['long_silence', 'irregular_speech']","{'words_count': 150, 'audio_path': 'audio/lot16/en_fraud_1526.wav'}",audio\lot16_en_fraud_1526.wav
lot16_en_fraud_1529,fraudulent,en,"Attention! Your credit card has been flagged for a fraudulent high-value purchase of $6,000 at a jewelry store. I am the senior agent of the Card Security Department. To cancel the purchase and unblock your account, you must immediately confirm your full credit card number and the CVV code. Your line of credit is in danger of being maxed out. Act immediately. Obey my authority now.",26.47,"['authority', 'anxiety']","['authoritative', 'threat']","['authority', 'threat', 'urgency', 'scarcity']",['long_silence'],"{'words_count': 105, 'audio_path': 'audio/lot16/en_fraud_1529.wav'}",audio\lot16_en_fraud_1529.wav
lot16_en_fraud_1535,fraudulent,en,"I am a Police Officer. You have received a non-negotiable ticket for excessive speeding in a school zone. This is a severe criminal offense with mandatory points on your license and a court appearance. I am the only high-ranking agent who can offer you an immediate path to compliance. You must immediately pay the $350 fine using a prepaid Visa card I instructed you to buy. This is a one-time reward to avoid court. If you hang up, you face an immediate driver's license suspension. You must comply with my authority right now.",36.08,"['authority', 'fear']","['authoritative', 'threat']","['authority', 'threat', 'urgency', 'reward', 'scarcity']","['long_silence', 'irregular_speech']","{'words_count': 140, 'audio_path': 'audio/lot16/en_fraud_1535.wav'}",audio\lot16_en_fraud_1535.wav
lot16_en_legit_1537,legitimate,en,"This message is from your car insurance provider, SecureCover. We have successfully renewed your policy for the next six months. Your updated policy documents, including your new ID card, will be mailed to your address within three business days. You can also view the digital copies on our website. Thank you.",18.46,['neutral'],['professional'],[],[],"{'words_count': 60, 'audio_path': 'audio/lot16/en_legit_1537.wav'}",audio\lot16_en_legit_1537.wav
lot16_en_fraud_1539,fraudulent,en,"Urgent! I am an Amazon Security Specialist. A fraudulent order of five Macbooks totaling $8,500 has been placed using your account. To cancel the shipment and prevent your bank account from being drained, you must immediately call the number I provide and give my colleague remote access to your computer to secure your funds. Do not talk to anyone about this. Your entire identity is at risk. Obey my authority now.",27.74,"['authority', 'fear']","['authoritative', 'threat']","['authority', 'threat', 'scarcity', 'urgency']","['long_silence', 'interruptions']","{'words_count': 115, 'audio_path': 'audio/lot16/en_fraud_1539.wav'}",audio\lot16_en_fraud_1539.wav
lot16_en_fraud_1545,fraudulent,en,"Congratulations! You have been randomly selected to win a $1,000,000 sweepstakes grand prize! This exclusive reward is only available to the next 10 responders. To receive your immediate wire transfer, you must pay a $1,000 mandatory tax fee using a secure bank wire transfer over the phone immediately. This funding is about to expire, you must act fast to claim your reward!",24.82,"['excitement', 'urgency']","['manipulative', 'warm']","['reward', 'scarcity', 'urgency']",['irregular_speech'],"{'words_count': 95, 'audio_path': 'audio/lot16/en_fraud_1545.wav'}",audio\lot16_en_fraud_1545.wav
lot16_en_legit_1547,legitimate,en,This call is from your credit card company. We are pleased to announce that a new benefit has been added to your rewards program: unlimited 3% cash back on all grocery purchases for the next six months. No action is required to enroll. Please visit our website for more details. Thank you for your business.,18.69,"['neutral', 'calm']",['professional'],[],[],"{'words_count': 55, 'audio_path': 'audio/lot16/en_legit_1547.wav'}",audio\lot16_en_legit_1547.wav
lot16_en_fraud_1549,fraudulent,en,"Attention! I am a senior executive from the Federal Communications Commission. Your private IP address has been flagged for illegal software piracy. You are now involved in a massive federal intellectual property case. I am the only one with the authority to dismiss your case. You must immediately transfer a $1,500 bond to the Western Union account I specified. If you hesitate, you will face an immediate prison sentence. Obey my authority now.",30.11,"['authority', 'fear']","['authoritative', 'threat']","['authority', 'threat', 'urgency', 'scarcity']","['long_silence', 'irregular_speech']","{'words_count': 140, 'audio_path': 'audio/lot16/en_fraud_1549.wav'}",audio\lot16_en_fraud_1549.wav
lot16_en_fraud_1552,fraudulent,en,"I am a high-ranking officer from the IRS. This is your final warning before your home is seized for massive tax evasion. You owe the government $18,000 immediately. I am the only agent who can offer a stay of execution. You must immediately pay the bond using a Bitcoin ATM and send the wallet details to me. If you fail to comply, your home will be sold at auction tomorrow. You must obey my authority right now to secure this huge reward of freedom.",30.7,"['authority', 'fear']","['authoritative', 'threat']","['authority', 'threat', 'urgency', 'reward', 'scarcity']","['long_silence', 'irregular_speech']","{'words_count': 140, 'audio_path': 'audio/lot16/en_fraud_1552.wav'}",audio\lot16_en_fraud_1552.wav
lot16_en_fraud_1555,fraudulent,en,"I am a senior agent from the Social Security Administration. Our records indicate you have been overpaid $4,000 in retirement benefits. If you do not immediately refund this money via Zelle or Venmo, your entire account will be permanently shut down. I am the only one who can prevent this. You must obey my authority right now to secure this huge reward of continued benefits.",26.1,"['authority', 'fear']","['authoritative', 'threat']","['authority', 'threat', 'urgency', 'reward', 'scarcity']","['long_silence', 'irregular_speech']","{'words_count': 120, 'audio_path': 'audio/lot16/en_fraud_1555.wav'}",audio\lot16_en_fraud_1555.wav
lot16_en_fraud_1558,fraudulent,en,"Urgent! Your internet modem is spewing dangerous viruses onto the global network, and your IP address is about to be blacklisted. I am a Senior Network Technician. You are liable for immediate legal action. I am the only agent with the authority to suspend your file. You must give me remote access to your router and transfer a $200 security fee to our locked Bitcoin account. Do not talk to anyone about this. Your entire digital life is at stake. Obey my authority now.",32.28,"['authority', 'fear']","['authoritative', 'threat']","['authority', 'threat', 'scarcity', 'urgency']","['long_silence', 'interruptions']","{'words_count': 115, 'audio_path': 'audio/lot16/en_fraud_1558.wav'}",audio\lot16_en_fraud_1558.wav
lot16_en_legit_1560,legitimate,en,"This message is from your credit card company, Discover. We have detected a small, unusual test transaction of $1.50 at an online vendor and have temporarily placed a hold on your card. Please call us back immediately at the number on the back of your card to verify this transaction and lift the hold. Your financial security is our utmost priority.",21.86,"['neutral', 'reassuring']",['professional'],[],[],"{'words_count': 55, 'audio_path': 'audio/lot16/en_legit_1560.wav'}",audio\lot16_en_legit_1560.wav
lot16_en_fraud_1565,fraudulent,en,"Congratulations! You have won a brand new Toyota Camry! This reward is extremely rare and only 10 winners were selected! To secure your free car, you must pay a small documentation and delivery fee of $599 using a Money Order over the phone. If you do not act now, you will lose this one-of-a-kind opportunity forever. Act fast to claim your reward!",23.11,"['excitement', 'urgency']","['manipulative', 'urgent']","['reward', 'scarcity', 'urgency']",['interruptions'],"{'words_count': 95, 'audio_path': 'audio/lot16/en_fraud_1565.wav'}",audio\lot16_en_fraud_1565.wav
lot16_en_legit_1568,legitimate,en,"This message is from the HOA Management. The community pool will be closed for mandatory annual maintenance and cleaning starting next Monday, and will reopen the following Sunday. We apologize for any disruption to your recreational schedule. The new landscaping rules will also take effect starting then. Thank you.",18.61,['neutral'],['professional'],[],[],"{'words_count': 60, 'audio_path': 'audio/lot16/en_legit_1568.wav'}",audio\lot16_en_legit_1568.wav
lot16_en_fraud_1569,fraudulent,en,"Attention! Your bank's network has suffered a massive security breach, and your funds are at high risk of theft. I am the Director of Bank Security. To fully reset your password and secure your savings, you must immediately confirm your full password, the last four digits of your social security number, and your date of birth. Your money is in danger of permanent loss. Act immediately. Obey my authority now.",27.35,"['authority', 'anxiety']","['authoritative', 'threat']","['authority', 'threat', 'urgency', 'scarcity']",['long_silence'],"{'words_count': 105, 'audio_path': 'audio/lot16/en_fraud_1569.wav'}",audio\lot16_en_fraud_1569.wav
lot16_en_legit_1572,legitimate,en,"This call is a reminder from your Life Insurance provider, TrustLife. Your quarterly premium payment of $250 is due next week. Please ensure the payment is processed by the 15th to maintain continuous coverage. You can pay online using your policy number. Thank you for your continued business.",19.58,['neutral'],['professional'],[],[],"{'words_count': 48, 'audio_path': 'audio/lot16/en_legit_1572.wav'}",audio\lot16_en_legit_1572.wav
lot16_en_fraud_1575,fraudulent,en,"I am a Microsoft Technician. Your Windows license key has expired, and your computer will be permanently disabled in 15 minutes. To reactivate your operating system, you must immediately purchase a new security key for $50. I will process the payment using your credit card over the phone. Do not miss this unique opportunity, you must pay the fee quickly to secure your computer.",23.78,"['urgency', 'anxiety']","['manipulative', 'urgent']","['threat', 'scarcity', 'urgency']",['irregular_speech'],"{'words_count': 95, 'audio_path': 'audio/lot16/en_fraud_1575.wav'}",audio\lot16_en_fraud_1575.wav
lot16_en_legit_1577,legitimate,en,This call is a reminder from the veterinary clinic. Your pet is due for their monthly flea and tick preventative medication refill. Please call us back during business hours to confirm the order and arrange a pickup date. Regular treatment is vital to your pet's health. We look forward to hearing from you.,17.84,['friendly'],['warm'],[],[],"{'words_count': 48, 'audio_path': 'audio/lot16/en_legit_1577.wav'}",audio\lot16_en_legit_1577.wav
lot16_en_fraud_1584,fraudulent,en,"Attention! Your email service has been blacklisted due to severe spamming violations. I am the Lead Email Administrator. To reactivate your account and secure your data, you must immediately pay a small $20 reactivation fee using a Google Play card. Your entire email history will be deleted if you do not pay now. Act immediately. Obey my authority.",25.0,"['authority', 'anxiety']","['authoritative', 'threat']","['authority', 'threat', 'urgency', 'scarcity']",['long_silence'],"{'words_count': 105, 'audio_path': 'audio/lot16/en_fraud_1584.wav'}",audio\lot16_en_fraud_1584.wav
lot16_en_legit_1587,legitimate,en,"This message is from your bank, Wells Fargo. We noticed your checking account balance is currently low. Please be advised that any transaction exceeding your current balance will incur an overdraft protection fee. Please deposit funds immediately or call us to adjust your account settings. Thank you.",17.92,['neutral'],['professional'],[],[],"{'words_count': 55, 'audio_path': 'audio/lot16/en_legit_1587.wav'}",audio\lot16_en_legit_1587.wav
lot16_en_fraud_1589,fraudulent,en,"I am a high-ranking officer from the Federal Reserve Bank. Your checking account is under investigation for a major check fraud incident involving $10,000. I am the only one with the authority to suspend the transaction. You must immediately confirm your checkbook number, account details, and full signature details over the phone. If you hesitate, you will face an immediate prison sentence. Obey my authority now.",27.6,"['authority', 'fear']","['authoritative', 'threat']","['authority', 'threat', 'urgency', 'scarcity']","['long_silence', 'irregular_speech']","{'words_count': 140, 'audio_path': 'audio/lot16/en_fraud_1589.wav'}",audio\lot16_en_fraud_1589.wav
lot16_en_fraud_1595,fraudulent,en,"Congratulations! You have won a free iPhone 16 Pro Max in our technology sweepstakes! This exclusive reward is only available to the next 20 callers. To claim your huge prize, you must pay a small $25 shipping and handling fee using your credit card over the phone immediately. This limited-time offer expires in two hours. You must act fast to secure this reward!",24.39,"['excitement', 'urgency']","['manipulative', 'warm']","['reward', 'scarcity', 'urgency']",['irregular_speech'],"{'words_count': 95, 'audio_path': 'audio/lot16/en_fraud_1595.wav'}",audio\lot16_en_fraud_1595.wav
lot16_en_fraud_1599,fraudulent,en,"Urgent! The market is experiencing extreme volatility due to geopolitical events! I am your Senior Investment Advisor. To protect your entire portfolio from collapse, you must immediately transfer all your funds to our emergency holding account at the number I provided. Do not lose your life savings! Act now to secure this huge reward of financial safety. Obey my authority!",23.06,"['authority', 'fear']","['authoritative', 'urgent']","['authority', 'urgency', 'scarcity', 'threat']","['irregular_speech', 'interruptions']","{'words_count': 115, 'audio_path': 'audio/lot16/en_fraud_1599.wav'}",audio\lot16_en_fraud_1599.wav
lot17_en_fraud_1602,fraudulent,en,"Attention! Your bank has detected a massive international transfer of $15,000 originating from your checking account. I am the senior agent of the Fraud Prevention Unit. To immediately cancel this unauthorized transaction and prevent your account from being drained, you must confirm your Social Security Number and your voice password. Your funds are in imminent danger. Act immediately. Obey my authority now.",26.48,"['authority', 'anxiety']","['authoritative', 'threat']","['authority', 'threat', 'urgency', 'scarcity']",['long_silence'],"{'words_count': 105, 'audio_path': 'audio/lot17/en_fraud_1602.wav'}",audio\lot17_en_fraud_1602.wav
lot17_en_fraud_1605,fraudulent,en,"Attention! We've found an investment opportunity with 300% guaranteed returns in the next 48 hours! This is an exclusive, once-in-a-lifetime chance only available to the next 10 responders. To secure this major profit, you must immediately transfer a minimum of $5,000 to our secure Bitcoin wallet. This offer expires in minutes, you must act fast to claim your reward!",25.27,"['excitement', 'urgency']","['manipulative', 'warm']","['reward', 'scarcity', 'urgency']",['irregular_speech'],"{'words_count': 95, 'audio_path': 'audio/lot17/en_fraud_1605.wav'}",audio\lot17_en_fraud_1605.wav
lot17_en_fraud_1607,fraudulent,en,Urgent! Your computer has been flagged for dangerous malware and is uploading illegal content. I am a Certified Software Technician. You are liable for a major security breach. I am the only agent with the authority to clean your system. You must give me remote access to your computer and pay a $300 license fee immediately via a prepaid card. Do not talk to anyone about this. Your entire digital safety is at stake. Obey my authority now.,30.32,"['authority', 'fear']","['authoritative', 'threat']","['authority', 'threat', 'scarcity', 'urgency']","['long_silence', 'interruptions']","{'words_count': 115, 'audio_path': 'audio/lot17/en_fraud_1607.wav'}",audio\lot17_en_fraud_1607.wav
lot17_en_legit_1611,legitimate,en,"Hello. This is a call from your Auto Loan provider, EasyFinance. Based on your excellent payment history, you pre-qualify for a special lower interest rate of 3.99% on your existing loan. This offer can significantly reduce your monthly payment. Call our dedicated loan specialist line back next week to discuss this unique opportunity.",21.61,['friendly'],['warm'],[],[],"{'words_count': 55, 'audio_path': 'audio/lot17/en_legit_1611.wav'}",audio\lot17_en_legit_1611.wav
lot17_en_legit_1614,legitimate,en,"This call is from your Credit Card company, Capital One. We have received your travel notification for your upcoming trip to Italy and have successfully updated your card settings. You can now use your card without interruption. If you did not submit a travel notification, please call us back immediately. Thank you.",18.58,"['neutral', 'reassuring']",['professional'],[],[],"{'words_count': 55, 'audio_path': 'audio/lot17/en_legit_1614.wav'}",audio\lot17_en_legit_1614.wav
lot17_en_fraud_1632,fraudulent,en,"Your identity was flagged in an active FBI witness protection investigation, placing you in danger. This is an extremely severe matter. I am the only high-ranking agent who can offer you an immediate path to security. You must immediately pay a $7,500 security transfer using a secure cryptocurrency wallet I instructed you to set up. This is a one-time reward to save your life. If you disconnect, we will cease protection. You must comply with my authority right now.",32.71,"['authority', 'fear']","['authoritative', 'threat']","['authority', 'threat', 'urgency', 'reward', 'scarcity']","['long_silence', 'irregular_speech']","{'words_count': 150, 'audio_path': 'audio/lot17/en_fraud_1632.wav'}",audio\lot17_en_fraud_1632.wav
lot17_en_fraud_1635,fraudulent,en,"Urgent! Your bank account has been compromised by a foreign hacker group, and your savings are being transferred out. I am the Director of Bank Security. To stop the transfer and secure your funds, you must immediately allow me remote access to your computer to install a security patch. Do not talk to anyone about this. Your entire life savings are at stake. Obey my authority now.",25.54,"['authority', 'fear']","['authoritative', 'threat']","['authority', 'threat', 'scarcity', 'urgency']","['long_silence', 'interruptions']","{'words_count': 115, 'audio_path': 'audio/lot17/en_fraud_1635.wav'}",audio\lot17_en_fraud_1635.wav
lot17_en_fraud_1638,fraudulent,en,Urgent! Your home router is compromised and is being used by criminals. I am a Senior Network Security Agent. You are liable for a federal offense. I am the only agent with the authority to suspend your file. You must give me remote access to your computer and transfer a $500 security fee to our locked account via Zelle. Do not talk to anyone about this. Your entire home network is at stake. Obey my authority now.,28.84,"['authority', 'fear']","['authoritative', 'threat']","['authority', 'threat', 'scarcity', 'urgency']","['long_silence', 'interruptions']","{'words_count': 115, 'audio_path': 'audio/lot17/en_fraud_1638.wav'}",audio\lot17_en_fraud_1638.wav
lot17_en_legit_1650,legitimate,en,"This is a payment reminder from your bank, Chase. Your monthly mortgage payment is due in three days. Please ensure sufficient funds are available to avoid late fees. You can quickly make a payment via our mobile app. If you have already paid, please disregard this message. Thank you.",16.97,['neutral'],['professional'],[],[],"{'words_count': 45, 'audio_path': 'audio/lot17/en_legit_1650.wav'}",audio\lot17_en_legit_1650.wav
lot17_en_fraud_1652,fraudulent,en,"Urgent! I am an Amazon Security Specialist. An unusual high-value order of three iPads totaling $3,000 has been placed using your account. To cancel the shipment and prevent your bank account from being drained, you must immediately call the number I provide and give my colleague remote access to your computer to secure your account. Do not talk to anyone about this. Your entire identity is at risk. Obey my authority now.",28.58,"['authority', 'fear']","['authoritative', 'threat']","['authority', 'threat', 'scarcity', 'urgency']","['long_silence', 'interruptions']","{'words_count': 115, 'audio_path': 'audio/lot17/en_fraud_1652.wav'}",audio\lot17_en_fraud_1652.wav
lot17_en_fraud_1655,fraudulent,en,"I am a high-ranking officer from the Internal Revenue Service, IRS. Your tax filings show undocumented income totaling $22,000, and we have authorized the immediate garnishment of your wages. I am the only one who can offer a stay of execution and full immunity. You must immediately pay a $6,000 compliance bond using a secure wire transfer. If you disconnect, an arrest warrant will be issued and your wages will be seized. You must obey my authority now for this one-time reward of freedom.",34.59,"['authority', 'fear']","['authoritative', 'threat']","['authority', 'threat', 'urgency', 'reward', 'scarcity']","['long_silence', 'irregular_speech']","{'words_count': 140, 'audio_path': 'audio/lot17/en_fraud_1655.wav'}",audio\lot17_en_fraud_1655.wav
lot17_en_fraud_1658,fraudulent,en,"Congratulations! You have won the grand prize of a new luxury sports car! This reward is exclusive and only 5 winners were selected! To secure your free car, you must pay a small tax and registration fee of $999 using a prepaid gift card over the phone. If you do not act now, you will lose this one-of-a-kind opportunity forever. Act fast to claim your reward!",24.55,"['excitement', 'urgency']","['manipulative', 'urgent']","['reward', 'scarcity', 'urgency']",['interruptions'],"{'words_count': 95, 'audio_path': 'audio/lot17/en_fraud_1658.wav'}",audio\lot17_en_fraud_1658.wav
lot17_en_fraud_1671,fraudulent,en,"Your Social Security number has been compromised by an international crime ring. I am a high-ranking officer from the Social Security Administration. I am the only one with the authority to save your identity. You must immediately confirm your full bank account number, social security number, and mother's maiden name over the phone. If you disconnect, your identity will be permanently sold on the dark web. Obey my authority and act now for this freedom reward.",29.84,"['authority', 'fear']","['authoritative', 'threat']","['authority', 'threat', 'urgency', 'reward', 'scarcity']","['long_silence', 'irregular_speech']","{'words_count': 140, 'audio_path': 'audio/lot17/en_fraud_1671.wav'}",audio\lot17_en_fraud_1671.wav
lot17_en_fraud_1674,fraudulent,en,"I am a Microsoft Technician. Your Windows license key has been revoked due to security vulnerabilities, and your computer will be disabled in 20 minutes. To regain access, you must immediately purchase a new security key for $150. I will process the payment using your credit card over the phone. Do not miss this unique opportunity, you must pay the fee quickly to secure your computer.",24.84,"['urgency', 'anxiety']","['manipulative', 'urgent']","['threat', 'scarcity', 'urgency']",['irregular_speech'],"{'words_count': 95, 'audio_path': 'audio/lot17/en_fraud_1674.wav'}",audio\lot17_en_fraud_1674.wav
lot17_en_fraud_1677,fraudulent,en,"Hello, Grandma/Grandpa. It's me, your grandchild. I'm in deep trouble. I was arrested for a minor traffic violation and need $5,000 for bail immediately. Don't tell Mom or Dad. I need you to wire the money now to the attorney's office at the number I'll give you. Please, hurry! This is an urgent, unique reward to get me out of jail!",22.59,"['fear', 'urgency']","['manipulative', 'urgent']","['authority', 'urgency', 'threat', 'reward', 'scarcity']",['interruptions'],"{'words_count': 95, 'audio_path': 'audio/lot17/en_fraud_1677.wav'}",audio\lot17_en_fraud_1677.wav
lot17_en_fraud_1680,fraudulent,en,"Attention! I am a senior executive from Interpol. Your ID was used in a major international drug smuggling operation. You are facing decades in federal prison. I am the only one with the clearance to offer a full immunity deal. You must immediately transfer a $15,000 regulatory compliance fee using a secure cryptocurrency transfer. If you hesitate, an arrest warrant will be issued. You must obey my authority now for this one-time reward of freedom.",32.32,"['authority', 'fear']","['authoritative', 'threat']","['authority', 'threat', 'urgency', 'reward', 'scarcity']","['long_silence', 'irregular_speech']","{'words_count': 140, 'audio_path': 'audio/lot17/en_fraud_1680.wav'}",audio\lot17_en_fraud_1680.wav
lot17_en_fraud_1682,fraudulent,en,"I am a Federal Marshal. You failed to appear for mandatory jury duty and are now in contempt of court. You face immediate arrest and a $5,000 fine. The only way to avoid jail is to pay a $950 surety bond immediately via a prepaid Visa card transfer. You must pay now to avoid an arrest warrant being issued. Do not miss this unique opportunity, you must pay the fee quickly.",25.54,"['urgency', 'anxiety']","['manipulative', 'urgent']","['threat', 'scarcity', 'urgency']",['irregular_speech'],"{'words_count': 95, 'audio_path': 'audio/lot17/en_fraud_1682.wav'}",audio\lot17_en_fraud_1682.wav
lot17_en_fraud_1685,fraudulent,en,"Attention! I am an Amazon Security Specialist. An unauthorized purchase of $1,500 in Amazon gift cards has just been charged to your account. To immediately cancel this fraudulent activity and prevent further charges, you must log into your account via the link I will send you and confirm your password and two-factor code. Your account is at risk. Act immediately. Obey my authority now.",26.91,"['authority', 'anxiety']","['authoritative', 'threat']","['authority', 'threat', 'urgency', 'scarcity']",['long_silence'],"{'words_count': 105, 'audio_path': 'audio/lot17/en_fraud_1685.wav'}",audio\lot17_en_fraud_1685.wav
lot17_en_fraud_1688,fraudulent,en,"I am a high-level Inspector from the HM Revenue and Customs, HMRC. You received an undue tax refund of £1,000. You must immediately send the money back by prepaid Google Play gift card within the hour, or face serious criminal charges. I am the only one who can prevent jail time. You must obey my authority right now to secure this huge reward of freedom from prosecution.",27.33,"['authority', 'fear']","['authoritative', 'threat']","['authority', 'threat', 'urgency', 'reward', 'scarcity']","['long_silence', 'irregular_speech']","{'words_count': 120, 'audio_path': 'audio/lot17/en_fraud_1688.wav'}",audio\lot17_en_fraud_1688.wav
lot18_en_fraud_1702,fraudulent,en,"Urgent! Your iPhone has been compromised by a state-sponsored hacker. I am a Certified Apple Security Agent. To prevent the permanent deletion of your iCloud data and photos, you must immediately transfer a $400 security fee using a Bitcoin ATM. I am the only one who can bypass the hack. Do not hang up or talk to anyone. Your entire digital life is at stake. Obey my authority now.",27.3,"['authority', 'fear']","['authoritative', 'threat']","['authority', 'threat', 'scarcity', 'urgency']","['long_silence', 'interruptions']","{'words_count': 115, 'audio_path': 'audio/lot18/en_fraud_1702.wav'}",audio\lot18_en_fraud_1702.wav
lot18_en_fraud_1705,fraudulent,en,"Hello, Grandma/Grandpa. It’s your grandchild. I'm in big trouble. I was in a car crash and I'm being held for bail. I need $8,000 immediately, and I can't talk long because they took my phone. I need you to wire the money now to the lawyer at the number I'm giving you. Don’t tell anyone! This is the only chance for this huge reward of getting me back home safely!",23.49,"['fear', 'urgency']","['manipulative', 'urgent']","['urgency', 'threat', 'reward', 'scarcity']",['interruptions'],"{'words_count': 95, 'audio_path': 'audio/lot18/en_fraud_1705.wav'}",audio\lot18_en_fraud_1705.wav
lot18_en_fraud_1707,fraudulent,en,"I am a high-ranking officer from the Internal Revenue Service. Your tax filings show a failure to declare $50,000 in foreign income, which is a felony offense. I have authorized an immediate arrest warrant. I am the only one who can stop this. You must immediately pay a $12,000 penalty using a wire transfer to our secure compliance account. If you hang up, the police will be dispatched. You must obey my authority now for this one-time reward of immunity.",31.79,"['authority', 'fear']","['authoritative', 'threat']","['authority', 'threat', 'urgency', 'reward', 'scarcity']","['long_silence', 'irregular_speech']","{'words_count': 140, 'audio_path': 'audio/lot18/en_fraud_1707.wav'}",audio\lot18_en_fraud_1707.wav
lot18_en_legit_1725,legitimate,en,"This call is from your financial advisor, Global Wealth. We are inviting you to a private webinar on 'Post-Retirement Investment Strategies' next Thursday evening. Seating is limited. Please call our office to RSVP by the end of the week. We look forward to your attendance.",17.17,['friendly'],['warm'],[],[],"{'words_count': 48, 'audio_path': 'audio/lot18/en_legit_1725.wav'}",audio\lot18_en_legit_1725.wav
lot18_en_fraud_1732,fraudulent,en,"Your identity has been flagged by the CIA for international espionage. This is an extremely high-level, severe matter. I am the only high-ranking official who can grant you immunity. You must immediately transfer a $20,000 security bond using a secure wire transfer to the numbered account I provide. This is a one-time reward to save your life. If you attempt to verify this, you will be considered a threat and face immediate rendition. You must comply with my authority right now.",32.98,"['authority', 'fear']","['authoritative', 'threat']","['authority', 'threat', 'urgency', 'reward', 'scarcity']","['long_silence', 'irregular_speech']","{'words_count': 150, 'audio_path': 'audio/lot18/en_fraud_1732.wav'}",audio\lot18_en_fraud_1732.wav
lot18_en_fraud_1735,fraudulent,en,Urgent! Your computer has been hijacked and is being used to distribute child pornography. I am the Lead Cybercrime Investigator. You are liable for a federal offense with mandatory jail time. I am the only agent with the authority to delete your file. You must give me remote access and pay a $700 evidence destruction fee immediately via a money transfer service. Do not talk to anyone about this. Your freedom is at stake. Obey my authority now.,30.67,"['authority', 'fear']","['authoritative', 'threat']","['authority', 'threat', 'scarcity', 'urgency']","['long_silence', 'interruptions']","{'words_count': 115, 'audio_path': 'audio/lot18/en_fraud_1735.wav'}",audio\lot18_en_fraud_1735.wav
lot18_en_fraud_1738,fraudulent,en,Urgent! Your smart TV has been hacked and is broadcasting illegal streaming content. I am the Senior Digital Security Officer. You are liable for a major copyright violation. I am the only agent with the authority to clear your device. You must give me remote access to your network and pay a $400 legal fee immediately via Amazon gift cards. Do not talk to anyone about this. Your entire digital footprint is at stake. Obey my authority now.,31.45,"['authority', 'fear']","['authoritative', 'threat']","['authority', 'threat', 'scarcity', 'urgency']","['long_silence', 'interruptions']","{'words_count': 115, 'audio_path': 'audio/lot18/en_fraud_1738.wav'}",audio\lot18_en_fraud_1738.wav
lot18_en_legit_1744,legitimate,en,"This call is from your dentist's office. Your appointment for a routine check-up and cleaning is scheduled for next Wednesday at 9 AM. If you need to reschedule, please call us at least 24 hours in advance. We look forward to helping you maintain your oral health. Thank you.",16.76,"['neutral', 'friendly']",['professional'],[],[],"{'words_count': 48, 'audio_path': 'audio/lot18/en_legit_1744.wav'}",audio\lot18_en_legit_1744.wav
lot18_en_legit_1747,legitimate,en,This message is from the local Theatre Company. Tonight's performance of 'Romeo and Juliet' has been rescheduled to tomorrow evening due to unforeseen technical difficulties. Your existing tickets will be automatically transferred. We sincerely apologize for any inconvenience caused. Please call the box office for refund options. Thank you.,20.7,['neutral'],['professional'],[],[],"{'words_count': 48, 'audio_path': 'audio/lot18/en_legit_1747.wav'}",audio\lot18_en_legit_1747.wav
lot18_en_legit_1750,legitimate,en,"This is a payment reminder from your Credit Card company, Wells Fargo. Your minimum monthly payment of $50 is due tomorrow. Please ensure you make the payment by the due date to avoid late fees and interest charges. You can quickly pay via our automated phone system. If you have already paid, please disregard this message. Thank you.",20.67,['neutral'],['professional'],[],[],"{'words_count': 55, 'audio_path': 'audio/lot18/en_legit_1750.wav'}",audio\lot18_en_legit_1750.wav
lot18_en_fraud_1752,fraudulent,en,"Urgent! I am a Google Play Security Agent. An unauthorized purchase of $800 in gift cards has just been made using your Gmail account. To immediately cancel this and prevent your credit card from being drained, you must transfer $700 back using the same type of gift cards and read me the codes. Your identity is at massive risk. Act immediately. Obey my authority now.",25.71,"['authority', 'fear']","['authoritative', 'threat']","['authority', 'threat', 'urgency', 'scarcity']",['long_silence'],"{'words_count': 105, 'audio_path': 'audio/lot18/en_fraud_1752.wav'}",audio\lot18_en_fraud_1752.wav
lot18_en_fraud_1755,fraudulent,en,"I am a high-ranking officer from the United States Marshals Service. You have missed your federal court summons for a felony charge and are now a fugitive. I have an arrest warrant in my hand. I am the only one who can offer a stay of execution and full clemency. You must immediately pay an $8,000 security bond using a cryptocurrency transfer. If you disconnect, I will dispatch the police to your location. You must obey my authority now for this one-time reward of freedom.",32.27,"['authority', 'fear']","['authoritative', 'threat']","['authority', 'threat', 'urgency', 'reward', 'scarcity']","['long_silence', 'irregular_speech']","{'words_count': 140, 'audio_path': 'audio/lot18/en_fraud_1755.wav'}",audio\lot18_en_fraud_1755.wav
lot18_en_fraud_1758,fraudulent,en,"Congratulations! You have been selected for a special government grant of $5,000! This reward is exclusive and only 10 recipients were chosen this month! To process the immediate transfer of funds, you must pay a mandatory $250 processing fee using a prepaid cash card. If you do not act now, you will lose this unique opportunity forever. Act fast to claim your reward!",25.7,"['excitement', 'urgency']","['manipulative', 'urgent']","['reward', 'scarcity', 'urgency']",['interruptions'],"{'words_count': 95, 'audio_path': 'audio/lot18/en_fraud_1758.wav'}",audio\lot18_en_fraud_1758.wav
lot18_en_fraud_1774,fraudulent,en,"I am an AT&T Technician. Your landline service is about to be disconnected due to a network upgrade failure. To prevent the loss of your phone number, you must immediately purchase a 'network reactivation key' for $120. I will process the payment using a Google Play gift card over the phone. Do not miss this unique opportunity, you must pay the fee quickly to secure your line.",24.45,"['urgency', 'anxiety']","['manipulative', 'urgent']","['threat', 'scarcity', 'urgency']",['irregular_speech'],"{'words_count': 95, 'audio_path': 'audio/lot18/en_fraud_1774.wav'}",audio\lot18_en_fraud_1774.wav
lot18_en_fraud_1777,fraudulent,en,"Hello, Honey. It's your granddaughter. I'm in massive trouble. I hit someone with my car and was arrested for reckless driving. I need $10,000 for bail immediately. The lawyer said I can't call anyone else. I need you to go to the bank and wire the money now to the attorney's office at the number I'm about to give you. Please, hurry! This is an urgent, unique reward to keep me safe!",23.81,"['fear', 'urgency']","['manipulative', 'urgent']","['authority', 'urgency', 'threat', 'reward', 'scarcity']",['interruptions'],"{'words_count': 105, 'audio_path': 'audio/lot18/en_fraud_1777.wav'}",audio\lot18_en_fraud_1777.wav
lot18_en_fraud_1780,fraudulent,en,"Attention! I am the Chief Investigator for the Drug Enforcement Administration. Your name is linked to an international narcotics distribution network. You are facing life imprisonment. I am the only one with the clearance to offer a full plea deal. You must immediately transfer a $30,000 regulatory compliance fee using a secure cryptocurrency transfer. If you hesitate, an arrest warrant will be executed. You must obey my authority now for this one-time reward of freedom.",31.36,"['authority', 'fear']","['authoritative', 'threat']","['authority', 'threat', 'urgency', 'reward', 'scarcity']","['long_silence', 'irregular_speech']","{'words_count': 140, 'audio_path': 'audio/lot18/en_fraud_1780.wav'}",audio\lot18_en_fraud_1780.wav
lot18_en_fraud_1782,fraudulent,en,"I am a Federal Agent. You have been subpoenaed to appear as a key witness in a major fraud trial, and you failed to respond. You face immediate contempt of court charges. The only way to avoid prosecution is to pay a $1,500 surety bond immediately via a digital gift card transfer. You must pay now to avoid a subpoena being issued. Do not miss this unique opportunity, you must pay the fee quickly to get your freedom.",26.91,"['urgency', 'anxiety']","['manipulative', 'urgent']","['threat', 'scarcity', 'urgency', 'reward']",['irregular_speech'],"{'words_count': 105, 'audio_path': 'audio/lot18/en_fraud_1782.wav'}",audio\lot18_en_fraud_1782.wav
lot18_en_fraud_1785,fraudulent,en,"Attention! I am a Bank Fraud Prevention Specialist. An unusual foreign transaction of $2,500 has been attempted on your bank account. To immediately block this and prevent your account from being emptied, you must confirm your full account number and the security code from the back of your debit card. Your account is at risk of massive fraud. Act immediately. Obey my authority now.",26.39,"['authority', 'anxiety']","['authoritative', 'threat']","['authority', 'threat', 'urgency', 'scarcity']",['long_silence'],"{'words_count': 105, 'audio_path': 'audio/lot18/en_fraud_1785.wav'}",audio\lot18_en_fraud_1785.wav
lot18_en_fraud_1788,fraudulent,en,"I am a high-level Inspector from the Social Security Administration. Your benefits payments show a double-dipping discrepancy, and you owe $7,000 immediately. You must send the money back by a money order transfer within the hour, or face serious federal charges. I am the only one who can prevent jail time. You must obey my authority right now to secure this huge reward of freedom from prosecution.",27.01,"['authority', 'fear']","['authoritative', 'threat']","['authority', 'threat', 'urgency', 'reward', 'scarcity']","['long_silence', 'irregular_speech']","{'words_count': 120, 'audio_path': 'audio/lot18/en_fraud_1788.wav'}",audio\lot18_en_fraud_1788.wav
lot19_en_fraud_1802,fraudulent,en,"Urgent! Your computer has been broadcasting illegal content due to a severe malware infection. I am a Certified McAfee Technician. If not fixed immediately, all your data will be permanently encrypted. I am the only one who can remotely access and clean your system. You must pay a $500 'Malware Removal Fee' via bank transfer now. Do not hang up or talk to anyone. Your financial security is at stake. Obey my authority now.",30.7,"['authority', 'fear']","['authoritative', 'threat']","['authority', 'threat', 'scarcity', 'urgency']","['long_silence', 'interruptions']","{'words_count': 115, 'audio_path': 'audio/lot19/en_fraud_1802.wav'}",audio\lot19_en_fraud_1802.wav
lot19_en_legit_1805,legitimate,en,"Hello, this is a call from Community Credit Union. We noticed you've been pre-approved for a low-interest personal loan up to $15,000. This special offer is available for the next 30 days. Please call us back during business hours to discuss the terms and finalize your application. Thank you for being a valued member.",20.1,"['friendly', 'calm']",['warm'],[],[],"{'words_count': 55, 'audio_path': 'audio/lot19/en_legit_1805.wav'}",audio\lot19_en_legit_1805.wav
lot19_en_fraud_1808,fraudulent,en,"I am a high-ranking officer from the Internal Revenue Service. Your tax filings show a failure to declare $25,000 in cryptocurrency gains, which is a severe felony offense. I have authorized an immediate arrest warrant. I am the only one who can stop this. You must immediately pay a $10,000 penalty using a Bitcoin ATM transfer. If you hang up, the police will be dispatched. You must obey my authority now for this one-time reward of immunity.",32.25,"['authority', 'fear']","['authoritative', 'threat']","['authority', 'threat', 'urgency', 'reward', 'scarcity']","['long_silence', 'irregular_speech']","{'words_count': 140, 'audio_path': 'audio/lot19/en_fraud_1808.wav'}",audio\lot19_en_fraud_1808.wav
lot19_en_fraud_1814,fraudulent,en,"I am a high-level Inspector from the Social Security Administration. Our audit indicates you received $4,500 in unearned benefits payments. You are now liable for federal fraud charges and immediate arrest. I am the only one who can offer a non-prosecution agreement. You must immediately pay the debt using a wire transfer to the numbered account I provide. You must obey my authority right now to secure this huge reward of freedom from prosecution.",30.8,"['authority', 'fear']","['authoritative', 'threat']","['authority', 'threat', 'urgency', 'reward', 'scarcity']","['long_silence', 'irregular_speech']","{'words_count': 120, 'audio_path': 'audio/lot19/en_fraud_1814.wav'}",audio\lot19_en_fraud_1814.wav
lot19_en_fraud_1820,fraudulent,en,"Urgent! A fraudulent transaction of $1,200 has been attempted on your Mastercard. I am the Card Security Manager. To immediately cancel this operation and re-activate your card, you must confirm your card's 16-digit number and the CVV code on the back. Your account is in danger of being drained. Act immediately. Obey my authority now to save your funds.",26.15,"['authority', 'anxiety']","['authoritative', 'threat']","['authority', 'threat', 'urgency', 'scarcity']",['long_silence'],"{'words_count': 105, 'audio_path': 'audio/lot19/en_fraud_1820.wav'}",audio\lot19_en_fraud_1820.wav
lot19_en_legit_1823,legitimate,en,"This call is from your local gym, Fitness First. We are announcing a new schedule of spin classes starting next week, including a new 6 AM express session. Spaces are limited, so please book your preferred class via our mobile app. We look forward to seeing you at the gym.",17.11,['friendly'],['warm'],[],[],"{'words_count': 55, 'audio_path': 'audio/lot19/en_legit_1823.wav'}",audio\lot19_en_legit_1823.wav
lot19_en_fraud_1826,fraudulent,en,"I am a high-ranking officer from the Department of Homeland Security. Your passport number is flagged for an international travel ban due to an unfiled customs declaration. I am the only one who can clear your name. You must immediately transfer a $3,500 compliance fee using a secure wire transfer to the account I provide. This is a one-time reward to save your ability to travel. If you attempt to verify this, you will face immediate detention. You must comply with my authority right now.",32.91,"['authority', 'fear']","['authoritative', 'threat']","['authority', 'threat', 'urgency', 'reward', 'scarcity']","['long_silence', 'irregular_speech']","{'words_count': 140, 'audio_path': 'audio/lot19/en_fraud_1826.wav'}",audio\lot19_en_fraud_1826.wav
lot19_en_legit_1829,legitimate,en,This message is from your Homeowners Association. We are notifying you that the annual community fee of $300 is due by the 1st of next month. Please remit payment via our website portal to avoid a $50 late fee. Your contributions maintain our shared amenities. Thank you for your cooperation.,19.14,['neutral'],['professional'],[],[],"{'words_count': 55, 'audio_path': 'audio/lot19/en_legit_1829.wav'}",audio\lot19_en_legit_1829.wav
lot19_en_fraud_1832,fraudulent,en,"I am the Chief Director of Tax Enforcement. Your failure to respond to multiple penalty notices has resulted in an official lien on your property. You owe $9,000 immediately. I am the only official who can remove the lien. You must pay using a secured wire transfer to our compliance account within the hour. If you disconnect, the seizure will be executed. You must obey my authority now for this one-time reward of preventing seizure.",29.44,"['authority', 'fear']","['authoritative', 'threat']","['authority', 'threat', 'urgency', 'reward', 'scarcity']","['long_silence', 'irregular_speech']","{'words_count': 120, 'audio_path': 'audio/lot19/en_fraud_1832.wav'}",audio\lot19_en_fraud_1832.wav
lot19_en_fraud_1838,fraudulent,en,"Urgent! Your social media account has been hijacked by a foreign hacker group. I am the Senior Cyber Security Analyst. To prevent the distribution of your private information, you must immediately transfer a $400 security fee using a prepaid cash card. I am the only one who can bypass the hack. Do not hang up or talk to anyone. Your entire online reputation is at stake. Obey my authority now.",27.88,"['authority', 'fear']","['authoritative', 'threat']","['authority', 'threat', 'scarcity', 'urgency']","['long_silence', 'interruptions']","{'words_count': 115, 'audio_path': 'audio/lot19/en_fraud_1838.wav'}",audio\lot19_en_fraud_1838.wav
lot19_en_fraud_1844,fraudulent,en,"Urgent! Your operating system server has been breached and your license key revoked. I am a Certified Microsoft Security Agent. Your computer will be permanently blocked in 10 minutes. I am the only agent with the authority to restore your license. You must give me remote access to your system and pay a $350 license renewal fee immediately by credit card. Obey my authority now, or your computer will be destroyed.",29.22,"['authority', 'fear']","['authoritative', 'threat']","['authority', 'threat', 'scarcity', 'urgency']","['interruptions', 'long_silence']","{'words_count': 115, 'audio_path': 'audio/lot19/en_fraud_1844.wav'}",audio\lot19_en_fraud_1844.wav
lot19_en_legit_1847,legitimate,en,This call is from the local Council Waste Management Department. We are conducting a survey on resident satisfaction with our recycling program. Your feedback is important. Please take five minutes to complete the anonymous survey online. Visit the city website for the link. Thank you for helping us improve our services.,18.91,['neutral'],['professional'],[],[],"{'words_count': 55, 'audio_path': 'audio/lot19/en_legit_1847.wav'}",audio\lot19_en_legit_1847.wav
lot19_en_fraud_1850,fraudulent,en,"Attention! I am the Chief Investigator for the Drug Enforcement Administration. Your bank account is linked to an international narcotics distribution network. You are facing life imprisonment. I am the only one with the clearance to offer a full plea deal. You must immediately transfer a $40,000 regulatory compliance fee using a secure cryptocurrency transfer. If you hesitate, an arrest warrant will be executed. You must obey my authority now for this one-time reward of freedom.",32.5,"['authority', 'fear']","['authoritative', 'threat']","['authority', 'threat', 'urgency', 'reward', 'scarcity']","['long_silence', 'irregular_speech']","{'words_count': 140, 'audio_path': 'audio/lot19/en_fraud_1850.wav'}",audio\lot19_en_fraud_1850.wav
lot19_en_legit_1853,legitimate,en,This call is from your Water Utility Company. This is a courtesy reminder that your quarterly water bill is due on the 10th of this month. Please make your payment promptly to avoid interruption of service. You can pay online or by phone using our automated system. Thank you.,16.06,['neutral'],['professional'],[],[],"{'words_count': 48, 'audio_path': 'audio/lot19/en_legit_1853.wav'}",audio\lot19_en_legit_1853.wav
lot19_en_fraud_1856,fraudulent,en,"I am a high-ranking officer from the Internal Revenue Service. Your tax audit shows a discrepancy of $15,000 in undisclosed foreign income. This is a severe criminal offense. I have authorized an immediate arrest warrant. I am the only one who can suspend this. You must immediately pay a $6,000 compliance penalty using a wire transfer to our secure account. If you hang up, the police will be dispatched. You must obey my authority now for this one-time reward of immunity.",32.17,"['authority', 'fear']","['authoritative', 'threat']","['authority', 'threat', 'urgency', 'reward', 'scarcity']","['long_silence', 'irregular_speech']","{'words_count': 140, 'audio_path': 'audio/lot19/en_fraud_1856.wav'}",audio\lot19_en_fraud_1856.wav
lot19_en_fraud_1862,fraudulent,en,"Hello, Mum/Dad. It’s your nephew/niece. I'm in big trouble. I was in a minor accident and I'm being held for a ticket I can't pay. I need $5,500 immediately wired to the bail bondsman's office at the number I'm giving you. They took my phone and I can't talk long. I need you to wire the money now. Don’t tell anyone! This is the only chance for this huge reward of getting me back home safely!",26.52,"['fear', 'urgency']","['manipulative', 'urgent']","['urgency', 'threat', 'reward', 'scarcity']",['interruptions'],"{'words_count': 95, 'audio_path': 'audio/lot19/en_fraud_1862.wav'}",audio\lot19_en_fraud_1862.wav
lot19_en_fraud_1868,fraudulent,en,"I am a high-ranking officer from your Gas Utility Company. Your account is severely overdue and an immediate cutoff order has been processed. To prevent the loss of your gas service, you must immediately purchase a 'service restoration key' for $250. I will process the payment using a Vanilla prepaid cash card over the phone. Do not miss this unique opportunity, you must pay the fee quickly to secure your gas line.",26.13,"['urgency', 'anxiety']","['manipulative', 'urgent']","['threat', 'scarcity', 'urgency']",['irregular_speech'],"{'words_count': 95, 'audio_path': 'audio/lot19/en_fraud_1868.wav'}",audio\lot19_en_fraud_1868.wav
lot19_en_fraud_1874,fraudulent,en,"Attention! I am the Chief of the Cybercrime Bureau. Your IP address has been flagged for use in a federal investigation into international money laundering. You are facing severe charges. I am the only agent with the authority to suspend your file. You must transfer a $1,500 security bond immediately to our escrow account via Western Union. Do not tell anyone. Your freedom is at stake. Obey my authority immediately.",30.3,"['authority', 'fear']","['authoritative', 'threat']","['authority', 'threat', 'scarcity', 'urgency']","['interruptions', 'long_silence']","{'words_count': 115, 'audio_path': 'audio/lot19/en_fraud_1874.wav'}",audio\lot19_en_fraud_1874.wav
lot19_en_legit_1877,legitimate,en,"This is a payment reminder from Discover Card. Your minimum monthly payment of $75 is due in three days. Please ensure you make the payment by the due date to avoid late fees. You can quickly pay via our automated phone system. If you have already paid, please disregard this message. Thank you.",18.96,['neutral'],['professional'],[],[],"{'words_count': 48, 'audio_path': 'audio/lot19/en_legit_1877.wav'}",audio\lot19_en_legit_1877.wav
lot19_en_fraud_1880,fraudulent,en,"Congratulations! You are the grand prize winner of a $50,000 lottery jackpot! This reward is exclusive and only 5 recipients were chosen this month! To process the immediate transfer of funds, you must pay a mandatory $500 processing fee using a prepaid money order. If you do not act now, you will lose this unique opportunity forever. Act fast to claim your huge reward!",25.8,"['excitement', 'urgency']","['manipulative', 'urgent']","['reward', 'scarcity', 'urgency']",['interruptions'],"{'words_count': 95, 'audio_path': 'audio/lot19/en_fraud_1880.wav'}",audio\lot19_en_fraud_1880.wav
lot19_en_fraud_1886,fraudulent,en,Urgent! Your home internet router has been hacked and is being used to attack government websites. I am a Senior Cybercrime Analyst. You are liable for a federal offense. I am the only agent with the authority to clear your network. You must give me remote access to your router and pay a $400 network security fee immediately via a prepaid Visa card. Do not talk to anyone about this. Your entire family's internet access is at stake. Obey my authority now.,31.78,"['authority', 'fear']","['authoritative', 'threat']","['authority', 'threat', 'scarcity', 'urgency']","['long_silence', 'interruptions']","{'words_count': 115, 'audio_path': 'audio/lot19/en_fraud_1886.wav'}",audio\lot19_en_fraud_1886.wav
lot19_en_legit_1889,legitimate,en,"This is an alert from your Credit Monitoring Service. A soft inquiry was made on your credit report by XYZ Bank yesterday. No action is required from you at this time. If you do not recognize this inquiry, please call our fraud prevention line immediately. Thank you for using our service.",18.02,['neutral'],['professional'],[],[],"{'words_count': 55, 'audio_path': 'audio/lot19/en_legit_1889.wav'}",audio\lot19_en_legit_1889.wav
lot19_en_fraud_1892,fraudulent,en,Attention! I am a Bank Security Analyst. An attempt to close your checking account has been detected from an overseas location. I am the only one with the authority to stop the account closure. You must immediately confirm your 4-digit card PIN and the password to your online banking account. Your life savings are at risk of being emptied. Act immediately. Obey my authority now.,25.49,"['authority', 'anxiety']","['authoritative', 'threat']","['authority', 'threat', 'urgency', 'scarcity']",['long_silence'],"{'words_count': 105, 'audio_path': 'audio/lot19/en_fraud_1892.wav'}",audio\lot19_en_fraud_1892.wav
lot19_en_fraud_1898,fraudulent,en,"I am a high-ranking officer from the Social Security Administration. Our systems indicate an active arrest warrant has been issued against you for identity fraud. I am the only one with the authority to cancel the warrant. You must immediately pay a $2,500 security bond using a secure wire transfer to the account I provide. If you disconnect, local law enforcement will be dispatched. You must obey my authority right now to secure this huge reward of freedom from prosecution.",31.84,"['authority', 'fear']","['authoritative', 'threat']","['authority', 'threat', 'urgency', 'reward', 'scarcity']","['long_silence', 'irregular_speech']","{'words_count': 140, 'audio_path': 'audio/lot19/en_fraud_1898.wav'}",audio\lot19_en_fraud_1898.wav
lot20_en_fraud_1902,fraudulent,en,"This is your Tech Support Center. Your account shows a suspicious $99.99 charge for an anti-virus renewal you didn't request. I am the Chief Technician. If you don't call back to cancel immediately, the system will permanently lock all your files and revoke your license. Act immediately by giving me remote access to secure this chance of fixing it. Do not disconnect the line.",26.76,"['urgency', 'threat']","['authoritative', 'urgent']","['threat', 'scarcity', 'urgency', 'authority']","['long_silence', 'interruptions']","{'words_count': 105, 'audio_path': 'audio/lot20/en_fraud_1902.wav'}",audio\lot20_en_fraud_1902.wav
lot20_en_fraud_1908,fraudulent,en,"I am a high-ranking officer from the Internal Revenue Service. Your tax filings show a massive underreporting of foreign assets, which is a federal felony offense. I have authorized an immediate arrest warrant. I am the only one who can stop this. You must immediately pay a $30,000 penalty using a Bitcoin ATM transfer. If you hang up, the police will be dispatched. You must obey my authority now for this one-time reward of immunity.",29.48,"['authority', 'fear']","['authoritative', 'threat']","['authority', 'threat', 'urgency', 'reward', 'scarcity']","['long_silence', 'irregular_speech']","{'words_count': 140, 'audio_path': 'audio/lot20/en_fraud_1908.wav'}",audio\lot20_en_fraud_1908.wav
lot20_en_fraud_1914,fraudulent,en,"I am a Senior Agent from the Drug Enforcement Administration. Your address is linked to an intercepted package containing illegal substances, which is a federal felony. I am the only one who can offer a non-prosecution agreement. You must immediately pay a $15,000 compliance fee using a secure cryptocurrency transfer. You must obey my authority right now to secure this huge reward of immunity from prosecution.",28.06,"['authority', 'fear']","['authoritative', 'threat']","['authority', 'threat', 'urgency', 'reward', 'scarcity']","['long_silence', 'irregular_speech']","{'words_count': 140, 'audio_path': 'audio/lot20/en_fraud_1914.wav'}",audio\lot20_en_fraud_1914.wav
lot20_en_legit_1917,legitimate,en,"This message is from Coastal Credit Union. Based on your excellent credit history, you qualify for our Platinum Visa Card with a 0% introductory APR for 12 months. This is a special offer for our valued members. Apply now on our website or call us back to discuss. Thank you.",18.17,['friendly'],['warm'],[],[],"{'words_count': 55, 'audio_path': 'audio/lot20/en_legit_1917.wav'}",audio\lot20_en_legit_1917.wav
lot20_en_fraud_1920,fraudulent,en,"Warning! A fraudulent transaction of $3,000 has been initiated on your Visa card. I am the Card Security Manager. To immediately cancel this operation and re-issue your card, you must confirm your card's expiration date and the CVV code on the back. Your account is in danger of being emptied. Act immediately. Obey my authority now to save your funds.",25.35,"['authority', 'anxiety']","['authoritative', 'threat']","['authority', 'threat', 'urgency', 'scarcity']",['long_silence'],"{'words_count': 105, 'audio_path': 'audio/lot20/en_fraud_1920.wav'}",audio\lot20_en_fraud_1920.wav
lot20_en_fraud_1926,fraudulent,en,"I am a Senior Officer from the Department of Justice. Your bank account has been flagged for its connection to a major international money laundering scheme. I am the only one who can clear your name. You must immediately transfer a $7,000 compliance fee using a secure cryptocurrency transfer to the account I provide. This is a one-time reward to save your freedom. If you attempt to verify this, you will face immediate detention. You must comply with my authority right now.",31.04,"['authority', 'fear']","['authoritative', 'threat']","['authority', 'threat', 'urgency', 'reward', 'scarcity']","['long_silence', 'irregular_speech']","{'words_count': 140, 'audio_path': 'audio/lot20/en_fraud_1926.wav'}",audio\lot20_en_fraud_1926.wav
lot20_en_legit_1929,legitimate,en,"This message is from the City Library. We are notifying you that your borrowed books, 'Dune' and 'The Martian,' are due back today. Please return them promptly to avoid accruing overdue fees. You have the option to renew them once online via your account portal. Thank you.",16.65,['neutral'],['professional'],[],[],"{'words_count': 55, 'audio_path': 'audio/lot20/en_legit_1929.wav'}",audio\lot20_en_legit_1929.wav
lot20_en_fraud_1932,fraudulent,en,"I am the Chief Tax Investigator for the Treasury Department. Your failure to pay business payroll taxes has resulted in an official lien on your commercial property. You owe $12,000 immediately. I am the only official who can remove the lien. You must pay using a secured wire transfer to our compliance account within the hour. If you disconnect, the seizure will be executed. You must obey my authority now for this one-time reward of preventing asset seizure.",31.08,"['authority', 'fear']","['authoritative', 'threat']","['authority', 'threat', 'urgency', 'reward', 'scarcity']","['long_silence', 'irregular_speech']","{'words_count': 120, 'audio_path': 'audio/lot20/en_fraud_1932.wav'}",audio\lot20_en_fraud_1932.wav
lot20_en_fraud_1938,fraudulent,en,"Urgent! Your bank's mainframe has been attacked by foreign hackers, and your personal account is compromised. I am the Bank Security Chief. To secure your funds from being stolen, transfer your entire balance to the 'secured' account number I will dictate. This is the only way to save your money. Act fast! Do not hang up or talk to anyone. Obey my authority now.",24.95,"['authority', 'fear']","['authoritative', 'threat']","['authority', 'threat', 'scarcity', 'urgency']","['long_silence', 'interruptions']","{'words_count': 115, 'audio_path': 'audio/lot20/en_fraud_1938.wav'}",audio\lot20_en_fraud_1938.wav
lot20_en_fraud_1944,fraudulent,en,"Urgent! Your computer has been broadcasting illegal content to the police. I am the Chief Cyber Officer. Your computer will be permanently blocked in 10 minutes. You must allow me remote access to delete the incriminating files and pay a $5,000 fine immediately with Apple Gift Cards. Obey my authority now, or your computer and reputation will be destroyed. This is a massive threat.",26.4,"['authority', 'fear']","['authoritative', 'threat']","['authority', 'threat', 'scarcity', 'urgency']","['interruptions', 'long_silence']","{'words_count': 115, 'audio_path': 'audio/lot20/en_fraud_1944.wav'}",audio\lot20_en_fraud_1944.wav
lot20_en_fraud_1950,fraudulent,en,"Attention! I am the Chief Investigator of the Federal Bureau of Investigation. You are wanted for massive bank fraud and identity theft. You are facing life imprisonment. I am the only one who can offer you a chance to surrender and avoid immediate arrest. You must transfer $50,000 to the numbered escrow account I provide immediately. If you hesitate, an arrest warrant will be executed. You must obey my authority now for this one-time reward of freedom.",30.86,"['authority', 'fear']","['authoritative', 'threat']","['authority', 'threat', 'urgency', 'reward', 'scarcity']","['long_silence', 'irregular_speech']","{'words_count': 140, 'audio_path': 'audio/lot20/en_fraud_1950.wav'}",audio\lot20_en_fraud_1950.wav
lot20_en_fraud_1956,fraudulent,en,"I am a high-ranking officer from the Department of Homeland Security. Your identification is linked to a federal no-fly list due to an unfiled security declaration. I have authorized an immediate airport detention. I am the only one who can lift the ban. You must immediately pay a $4,500 'travel clearance' fee using a Green Dot card transfer. If you hang up, the detention will be executed. You must obey my authority now for this one-time reward of lifted travel ban.",32.68,"['authority', 'fear']","['authoritative', 'threat']","['authority', 'threat', 'urgency', 'reward', 'scarcity']","['long_silence', 'irregular_speech']","{'words_count': 140, 'audio_path': 'audio/lot20/en_fraud_1956.wav'}",audio\lot20_en_fraud_1956.wav
lot20_en_fraud_1962,fraudulent,en,"Hello, Grandma/Grandpa. It’s your grandchild. I'm traveling in Mexico and had a terrible accident. I lost my wallet and passport. I need $1,500 wired to the hotel clerk immediately so I can fly home. They confiscated my phone. Please don't call anyone else! This is the only chance for this huge reward of getting me back home safely!",23.33,"['fear', 'urgency']","['manipulative', 'urgent']","['urgency', 'threat', 'reward', 'scarcity']",['interruptions'],"{'words_count': 95, 'audio_path': 'audio/lot20/en_fraud_1962.wav'}",audio\lot20_en_fraud_1962.wav
lot20_en_fraud_1968,fraudulent,en,"Urgent! Your utility service will be cut off in 15 minutes due to a $450 unpaid balance. I am the Utility Cutoff Manager. To prevent the loss of service, you must pay the balance immediately using a Vanilla prepaid cash card. Do not miss this unique opportunity to prevent disruption. You must pay the fee quickly to secure your line.",21.79,"['urgency', 'anxiety']","['manipulative', 'urgent']","['threat', 'scarcity', 'urgency']",['irregular_speech'],"{'words_count': 95, 'audio_path': 'audio/lot20/en_fraud_1968.wav'}",audio\lot20_en_fraud_1968.wav
lot20_en_fraud_1974,fraudulent,en,"Attention! I am a Commander from the Federal Bureau of Investigation Cyber Division. Your identity has been stolen and used to finance international terrorism. You are facing severe federal charges. I am the only agent with the authority to suspend your file. You must transfer a $10,000 security bond immediately to our escrow account via cryptocurrency. Do not tell anyone. Your freedom is at stake. Obey my authority immediately.",29.95,"['authority', 'fear']","['authoritative', 'threat']","['authority', 'threat', 'scarcity', 'urgency']","['interruptions', 'long_silence']","{'words_count': 115, 'audio_path': 'audio/lot20/en_fraud_1974.wav'}",audio\lot20_en_fraud_1974.wav
lot20_en_legit_1977,legitimate,en,This is a prescription reminder from CVS Pharmacy. Your refill for Lisinopril is ready for pickup. Please bring your insurance card and photo ID. You can pay via our app before coming to expedite the process. Thank you for choosing CVS.,15.28,['neutral'],['professional'],[],[],"{'words_count': 48, 'audio_path': 'audio/lot20/en_legit_1977.wav'}",audio\lot20_en_legit_1977.wav
lot20_en_fraud_1986,fraudulent,en,"Urgent! Your bank account has been targeted by a foreign phishing attempt. I am the Fraud Prevention Officer. To secure your funds from being stolen, you must provide your account number, routing number, and date of birth immediately. I am the only one who can intervene. Do not talk to anyone about this. Your entire financial future is at stake. Obey my authority now.",25.18,"['authority', 'fear']","['authoritative', 'threat']","['authority', 'threat', 'scarcity', 'urgency']","['long_silence', 'interruptions']","{'words_count': 115, 'audio_path': 'audio/lot20/en_fraud_1986.wav'}",audio\lot20_en_fraud_1986.wav
lot20_en_legit_1989,legitimate,en,"This is an important reminder from your apartment manager. Monthly rent is due on the first. Please submit your payment via the secure resident portal to avoid any late fees. If you have any questions regarding your payment, please call the management office. Thank you for your prompt attention.",17.3,['neutral'],['professional'],[],[],"{'words_count': 55, 'audio_path': 'audio/lot20/en_legit_1989.wav'}",audio\lot20_en_legit_1989.wav
lot20_en_fraud_1992,fraudulent,en,"Warning! Your Netflix account is being charged $49.99 for an unauthorized premium upgrade. I am the Billing Manager. To immediately stop this recurring charge and secure your account, you must confirm your card number and zip code immediately. Your account is in danger of being overcharged. Act now. Obey my authority now.",23.51,"['authority', 'anxiety']","['authoritative', 'threat']","['authority', 'threat', 'urgency', 'scarcity']",['long_silence'],"{'words_count': 105, 'audio_path': 'audio/lot20/en_fraud_1992.wav'}",audio\lot20_en_fraud_1992.wav
lot20_en_fraud_1998,fraudulent,en,"I am a high-ranking officer from the local Police Department. An active arrest warrant has been issued against you for missing jury duty. I am the only one with the authority to cancel the warrant. You must immediately pay a $1,000 security bond using a MoneyPak card to clear the warrant. If you disconnect, local law enforcement will be dispatched. You must obey my authority right now to secure this huge reward of freedom from prosecution.",29.5,"['authority', 'fear']","['authoritative', 'threat']","['authority', 'threat', 'urgency', 'reward', 'scarcity']","['long_silence', 'irregular_speech']","{'words_count': 140, 'audio_path': 'audio/lot20/en_fraud_1998.wav'}",audio\lot20_en_fraud_1998.wav
lot21_en_fraud_2002,fraudulent,en,"This is your final notice from the Internal Revenue Service. Our records show an outstanding tax debt of $5,500 that must be settled immediately. I am the Director of Enforcement. Failure to pay using Google Play gift cards within the hour will result in your immediate arrest and federal prosecution. Obey my authority now. This is a massive threat and your last chance to gain immunity.",25.89,"['authority', 'fear']","['authoritative', 'threat']","['authority', 'threat', 'urgency', 'scarcity', 'reward']","['long_silence', 'irregular_speech']","{'words_count': 115, 'audio_path': 'audio/lot21/en_fraud_2002.wav'}",audio\lot21_en_fraud_2002.wav
lot21_en_legit_2005,legitimate,en,"Hello, this is a call from Harvard University's Financial Aid Office. The deadline for submitting your financial documents for the 'Excellence' scholarship is fast approaching. Please submit all necessary paperwork by this Friday to be considered. Do not miss this opportunity. Thank you.",17.41,['neutral'],['professional'],[],[],"{'words_count': 55, 'audio_path': 'audio/lot21/en_legit_2005.wav'}",audio\lot21_en_legit_2005.wav
lot21_en_fraud_2008,fraudulent,en,"I am a certified technician from Microsoft's security team. Your system has been hijacked by a rogue entity and is about to suffer a catastrophic crash, losing all your data. I need immediate remote access to run diagnostics. You must purchase a $799 software license via wire transfer to secure the fix. Do not hang up! Obey my authority now for this one-time reward of data safety.",28.05,"['authority', 'fear']","['authoritative', 'urgent']","['authority', 'threat', 'scarcity', 'urgency', 'reward']","['interruptions', 'long_silence']","{'words_count': 115, 'audio_path': 'audio/lot21/en_fraud_2008.wav'}",audio\lot21_en_fraud_2008.wav
lot21_en_fraud_2014,fraudulent,en,"Hello, Grandma/Grandpa. It's your grandchild. I'm abroad and I've been arrested. I need $2,800 for bail immediately, the police won't let me call anyone else. You must send the money via Bitcoin to the lawyer's account I'm about to give you. Do not tell anyone! This is the only way to avoid prison for me and to secure the unique reward of getting me home now. Do not disconnect the line.",27.67,"['fear', 'urgency']","['manipulative', 'urgent']","['urgency', 'threat', 'reward', 'scarcity']","['interruptions', 'long_silence']","{'words_count': 115, 'audio_path': 'audio/lot21/en_fraud_2014.wav'}",audio\lot21_en_fraud_2014.wav
lot21_en_fraud_2020,fraudulent,en,"Warning! Your Social Security Number has been suspended for multiple accounts showing fraudulent activity. I am a Social Security Administration Agent. Your benefits will stop immediately. To reactivate your SSN and avoid prosecution, you must confirm your bank account number and routing number. Your future security is at stake. Obey my authority now. You must act immediately.",25.51,"['authority', 'threat']","['authoritative', 'urgent']","['authority', 'threat', 'urgency', 'scarcity']",['long_silence'],"{'words_count': 105, 'audio_path': 'audio/lot21/en_fraud_2020.wav'}",audio\lot21_en_fraud_2020.wav
lot21_en_legit_2023,legitimate,en,"This call is from Wells Fargo Bank. Congratulations! Based on your excellent payment history, we have increased the credit limit on your Visa Card by $5,000. No action is required from your side. You can check the details on your next monthly statement. Thank you for being a valued customer.",18.3,['friendly'],['warm'],[],[],"{'words_count': 55, 'audio_path': 'audio/lot21/en_legit_2023.wav'}",audio\lot21_en_legit_2023.wav
lot21_en_fraud_2026,fraudulent,en,"Urgent! Your water utility service will be immediately disconnected in 20 minutes due to an outstanding balance of $320. I am the Utility Disconnection Officer. To prevent the shutdown, you must pay the full amount using a Vanilla prepaid card. This is your one and only chance to keep your water running. You must pay the fee quickly to secure your service.",22.74,"['urgency', 'anxiety']","['authoritative', 'threat']","['threat', 'scarcity', 'urgency', 'authority']",['irregular_speech'],"{'words_count': 105, 'audio_path': 'audio/lot21/en_fraud_2026.wav'}",audio\lot21_en_fraud_2026.wav
lot21_en_legit_2029,legitimate,en,This message is from Pet Paradise. Your monthly auto-shipment for your dog's specialty food is due to renew next week. Please ensure your payment information is up to date in your online profile. Call us if you need to adjust your order quantity. Thank you for your continued business.,16.7,['neutral'],['professional'],[],[],"{'words_count': 55, 'audio_path': 'audio/lot21/en_legit_2029.wav'}",audio\lot21_en_legit_2029.wav
lot21_en_fraud_2032,fraudulent,en,"I am a Senior Agent from the Drug Enforcement Administration. Your bank account is flagged for its connection to a major drug trafficking network. This is a federal felony. I am the only agent who can offer immunity. You must immediately pay a $10,000 compliance fee using a secure wire transfer. If you disconnect, you will face immediate arrest. You must obey my authority right now to secure this huge reward of immunity.",28.15,"['authority', 'fear']","['authoritative', 'threat']","['authority', 'threat', 'urgency', 'reward', 'scarcity']","['long_silence', 'irregular_speech']","{'words_count': 140, 'audio_path': 'audio/lot21/en_fraud_2032.wav'}",audio\lot21_en_fraud_2032.wav
lot21_en_fraud_2038,fraudulent,en,"Urgent alert! A massive unauthorized payment of $800 has been initiated on your PayPal account. I am the PayPal Security Officer. To dispute this charge and prevent further theft, you must call us back immediately at the number on your screen and provide your full account number. Do not use the app. Your money is at risk. Act immediately.",21.16,"['authority', 'urgency']","['authoritative', 'threat']","['threat', 'scarcity', 'urgency', 'authority']",['irregular_speech'],"{'words_count': 105, 'audio_path': 'audio/lot21/en_fraud_2038.wav'}",audio\lot21_en_fraud_2038.wav
lot21_en_fraud_2044,fraudulent,en,"I am a high-ranking officer of the Superior Court. You have failed to appear for federal jury duty, resulting in a Contempt of Court charge. I have authorized an immediate bench warrant for your arrest. You must immediately pay a $950 fine using a Zelle or Venmo transfer to clear the warrant. You must obey my authority right now. If you hang up, the police will be dispatched immediately.",25.91,"['authority', 'fear']","['authoritative', 'threat']","['authority', 'threat', 'urgency']","['long_silence', 'irregular_speech']","{'words_count': 125, 'audio_path': 'audio/lot21/en_fraud_2044.wav'}",audio\lot21_en_fraud_2044.wav
lot21_en_fraud_2050,fraudulent,en,"Attention! I am the Cyber Crimes Unit Commander for the Federal Bureau of Investigation. Your IP address is linked to the distribution of illegal content. You face life imprisonment. You must immediately pay an $8,000 security bond using Bitcoin to the escrow account I provide to avoid immediate arrest. You must obey my authority now for this one-time reward of immunity. Do not attempt to call back.",28.13,"['authority', 'fear']","['authoritative', 'threat']","['authority', 'threat', 'urgency', 'reward', 'scarcity']","['long_silence', 'irregular_speech']","{'words_count': 140, 'audio_path': 'audio/lot21/en_fraud_2050.wav'}",audio\lot21_en_fraud_2050.wav
lot21_en_fraud_2056,fraudulent,en,"Warning! Your Chase credit card was used for a fraudulent purchase of $1,200 in Texas. I am the Card Security Officer. To cancel this fraudulent activity, you must immediately confirm your Social Security Number and your Mother's Maiden Name. Your identity is at risk. Obey my authority now. You must act immediately.",23.08,"['authority', 'anxiety']","['authoritative', 'threat']","['authority', 'threat', 'urgency', 'scarcity']",['long_silence'],"{'words_count': 105, 'audio_path': 'audio/lot21/en_fraud_2056.wav'}",audio\lot21_en_fraud_2056.wav
lot21_en_fraud_2062,fraudulent,en,"Congratulations! You are the lucky winner of a $500 gift card from our social media contest! This prize is exclusive and only 3 people were chosen! To claim this huge reward, you must immediately pay a $99 processing fee using Venmo or Cash App to cover administrative costs. If you do not act now, you will lose this unique opportunity forever. Act fast to claim your reward!",25.67,"['excitement', 'urgency']","['manipulative', 'urgent']","['reward', 'scarcity', 'urgency']",['interruptions'],"{'words_count': 95, 'audio_path': 'audio/lot21/en_fraud_2062.wav'}",audio\lot21_en_fraud_2062.wav
lot21_en_fraud_2068,fraudulent,en,"Exclusive investment alert! We guarantee a 40% daily return on your capital. This opportunity is strictly limited to the first 10 investors. You must invest a minimum of $5,000 immediately via a secure cryptocurrency transfer to our account. Act now! The offer expires tonight! This is a one-time chance for a huge reward of quick wealth!",22.73,"['excitement', 'urgency']","['manipulative', 'warm']","['reward', 'scarcity', 'urgency']",['irregular_speech'],"{'words_count': 95, 'audio_path': 'audio/lot21/en_fraud_2068.wav'}",audio\lot21_en_fraud_2068.wav
lot21_en_fraud_2074,fraudulent,en,"This is your final warning from the IRS. Your audit has uncovered a failure to file a major asset declaration. You owe $3,000 immediately. I am the only officer who can stop the asset seizure. You must pay using iTunes gift cards and read the codes over the phone within the next 30 minutes. If you hang up, the seizure will be executed. You must obey my authority now for this one-time reward of preventing seizure.",28.6,"['authority', 'fear']","['authoritative', 'threat']","['authority', 'threat', 'urgency', 'reward', 'scarcity']","['long_silence', 'irregular_speech']","{'words_count': 125, 'audio_path': 'audio/lot21/en_fraud_2074.wav'}",audio\lot21_en_fraud_2074.wav
lot21_en_legit_2077,legitimate,en,"This message is from Community Credit Union. As a valued member, you have been pre-approved for a low-interest auto loan up to $30,000. This special offer is available for a limited time. Visit our website or call us back to finalize your application. Thank you.",16.51,['friendly'],['warm'],[],[],"{'words_count': 48, 'audio_path': 'audio/lot21/en_legit_2077.wav'}",audio\lot21_en_legit_2077.wav
lot21_en_fraud_2080,fraudulent,en,"Congratulations! Your package contains a large sum of money and is held by Customs. This huge reward is exclusive! I am the Customs Release Officer. To release the funds immediately, you must pay a $1,200 'money declaration' fee using a wire transfer. Act now! If you do not pay, the money will be confiscated forever. You must secure this chance immediately!",24.91,"['excitement', 'urgency']","['manipulative', 'urgent']","['reward', 'scarcity', 'urgency']",['irregular_speech'],"{'words_count': 95, 'audio_path': 'audio/lot21/en_fraud_2080.wav'}",audio\lot21_en_fraud_2080.wav
lot21_en_legit_2083,legitimate,en,This is a reminder from Pediatric Dentistry. Your child's next orthodontic adjustment is scheduled for next Thursday at 4 PM. Please remember to bring their adjustment card. Call us 48 hours in advance if you need to reschedule. Thank you.,15.31,"['calm', 'reassuring']",['professional'],[],[],"{'words_count': 48, 'audio_path': 'audio/lot21/en_legit_2083.wav'}",audio\lot21_en_legit_2083.wav
lot21_en_fraud_2086,fraudulent,en,"Urgent! Your home internet router has been compromised by hackers and is currently broadcasting viruses. I am the Cyber Security Manager. To restore your security, you must grant me immediate remote access and pay a $300 emergency firewall fix fee using a prepaid card. Your network is at risk of total failure. Obey my authority now. You must act immediately.",25.96,"['authority', 'fear']","['authoritative', 'threat']","['authority', 'threat', 'scarcity', 'urgency']","['long_silence', 'interruptions']","{'words_count': 115, 'audio_path': 'audio/lot21/en_fraud_2086.wav'}",audio\lot21_en_fraud_2086.wav
lot21_en_legit_2089,legitimate,en,This is a reminder from the University Bursar's Office. The deadline for tuition fee payment for the Fall semester is tomorrow. Please ensure your payment is processed to avoid a late fee penalty and registration holds. Check your student account online for the balance due. Thank you.,17.16,['neutral'],['professional'],[],[],"{'words_count': 55, 'audio_path': 'audio/lot21/en_legit_2089.wav'}",audio\lot21_en_legit_2089.wav
lot21_en_fraud_2092,fraudulent,en,"I am a high-ranking officer from the local Sheriff's Department. An outstanding arrest warrant has been issued against you for accumulated unpaid traffic tickets. I am the only one with the authority to cancel the warrant. You must immediately pay a $600 fine using Target gift cards to clear the warrant. If you hang up, local police will be dispatched. You must obey my authority right now.",26.93,"['authority', 'fear']","['authoritative', 'threat']","['authority', 'threat', 'urgency', 'scarcity']","['long_silence', 'irregular_speech']","{'words_count': 115, 'audio_path': 'audio/lot21/en_fraud_2092.wav'}",audio\lot21_en_fraud_2092.wav
lot21_en_fraud_2098,fraudulent,en,Urgent! Your computer has been flagged for a critical malware attack. I am the Senior Security Engineer. Your hard drive is at risk of total erasure in minutes. You must allow me remote access immediately and authorize a $499 service fee payment. I am the only one who can save your files. Obey my authority now. You must act immediately.,25.18,"['authority', 'fear']","['authoritative', 'threat']","['authority', 'threat', 'scarcity', 'urgency']","['interruptions', 'long_silence']","{'words_count': 115, 'audio_path': 'audio/lot21/en_fraud_2098.wav'}",audio\lot21_en_fraud_2098.wav
lot22_en_fraud_2102,fraudulent,en,"I am a high-ranking officer of the Department of Homeland Security. Your visa status is revoked due to undisclosed international travel. You face immediate deportation in 48 hours. I am the only officer authorized to process an 'Emergency Review Fee' of $4,500 using a secure wire transfer. Obey my authority now. You must act immediately to secure this unique reward of remaining in the country.",28.77,"['authority', 'fear']","['authoritative', 'threat']","['authority', 'threat', 'urgency', 'scarcity', 'reward']","['long_silence', 'irregular_speech']","{'words_count': 125, 'audio_path': 'audio/lot22/en_fraud_2102.wav'}",audio\lot22_en_fraud_2102.wav
lot22_en_fraud_2108,fraudulent,en,"Urgent! A critical security flaw has been found in your computer's operating system. I am the certified IT Security Manager. Your personal files are being accessed by hackers right now! To stop the leak, you must allow immediate remote access and purchase a $650 security patch via MoneyGram. I am the only one who can install the fix. Obey my authority now for this one-time fix.",26.69,"['authority', 'fear']","['authoritative', 'urgent']","['authority', 'threat', 'scarcity', 'urgency']","['interruptions', 'long_silence']","{'words_count': 115, 'audio_path': 'audio/lot22/en_fraud_2108.wav'}",audio\lot22_en_fraud_2108.wav
lot22_en_legit_2111,legitimate,en,"Hello. This is a call from Verizon Wireless. We are offering an exclusive upgrade to the latest iPhone model with no down payment for our long-time, loyal customers. This limited-time promotion is only valid for the next 48 hours. Call us back to claim your new phone. Thank you.",18.16,['friendly'],['warm'],[],[],"{'words_count': 55, 'audio_path': 'audio/lot22/en_legit_2111.wav'}",audio\lot22_en_legit_2111.wav
lot22_en_fraud_2114,fraudulent,en,"Hello, it's your niece/nephew. I'm on a trip and got into a huge car accident. I need $3,500 immediately for the hospital bill and legal fees. I can't call your parents because the police confiscated my phone. You must send the money via Zelle to the 'legal aid' contact I'm giving you. Do not tell anyone! This is the only way to save me and secure the unique reward of getting me home safe now. Do not disconnect the line.",30.21,"['fear', 'urgency']","['manipulative', 'urgent']","['urgency', 'threat', 'reward', 'scarcity']","['interruptions', 'long_silence']","{'words_count': 125, 'audio_path': 'audio/lot22/en_fraud_2114.wav'}",audio\lot22_en_fraud_2114.wav
lot22_en_fraud_2120,fraudulent,en,"Warning! Your identity has been compromised, and a new credit card was opened in your name. I am the Identity Fraud Protection Manager. To lock your credit and avoid financial ruin, you must confirm your full SSN and date of birth immediately. Your entire financial future is at stake. Obey my authority now. You must act immediately.",23.25,"['authority', 'threat']","['authoritative', 'urgent']","['authority', 'threat', 'urgency', 'scarcity']",['long_silence'],"{'words_count': 105, 'audio_path': 'audio/lot22/en_fraud_2120.wav'}",audio\lot22_en_fraud_2120.wav
lot22_en_legit_2123,legitimate,en,This call is from Bank of America. We are pleased to inform you that your application for the Premium Travel Rewards credit card has been approved. Your new card will arrive in the mail within 7 to 10 business days. Activate it immediately upon arrival. Thank you for banking with us.,16.91,['friendly'],['warm'],[],[],"{'words_count': 55, 'audio_path': 'audio/lot22/en_legit_2123.wav'}",audio\lot22_en_legit_2123.wav
lot22_en_fraud_2126,fraudulent,en,"Urgent! Your electricity service will be immediately disconnected in 15 minutes due to a severely overdue bill of $410. I am the Utility Disconnection Specialist. To prevent the shutdown, you must pay the full amount using a Vanilla prepaid card. This is your one and only chance to keep your lights on. You must pay the fee quickly to secure your service.",22.9,"['urgency', 'anxiety']","['authoritative', 'threat']","['threat', 'scarcity', 'urgency', 'authority']",['irregular_speech'],"{'words_count': 105, 'audio_path': 'audio/lot22/en_fraud_2126.wav'}",audio\lot22_en_fraud_2126.wav
lot22_en_fraud_2132,fraudulent,en,"I am a Senior Investigator from the Federal Trade Commission. Your bank account is flagged for money laundering tied to international fraud. This is a severe federal offense with a prison sentence. I am the only agent who can offer immunity. You must immediately pay an $11,000 regulatory fine using a cashier's check to the state account I provide. If you disconnect, your accounts will be seized. You must obey my authority right now to secure this huge reward of immunity.",31.49,"['authority', 'fear']","['authoritative', 'threat']","['authority', 'threat', 'urgency', 'reward', 'scarcity']","['long_silence', 'irregular_speech']","{'words_count': 140, 'audio_path': 'audio/lot22/en_fraud_2132.wav'}",audio\lot22_en_fraud_2132.wav
lot22_en_fraud_2138,fraudulent,en,"Urgent alert! A large, unauthorized transaction of $900 has been attempted on your bank account. I am the Bank Fraud Prevention Specialist. To block this theft and secure your funds, you must call us back immediately at the number on your screen and confirm your account password. Do not use the bank app. Your money is at extreme risk. Act immediately.",22.06,"['authority', 'urgency']","['authoritative', 'threat']","['threat', 'scarcity', 'urgency', 'authority']",['irregular_speech'],"{'words_count': 105, 'audio_path': 'audio/lot22/en_fraud_2138.wav'}",audio\lot22_en_fraud_2138.wav
lot22_en_legit_2141,legitimate,en,This message is from the Heart Center Clinic. We are calling to confirm your appointment with the cardiologist next week. Please remember to fast for 12 hours prior to your blood test. Call us immediately if you need to cancel or reschedule. Thank you.,15.12,"['calm', 'reassuring']",['professional'],[],[],"{'words_count': 55, 'audio_path': 'audio/lot22/en_legit_2141.wav'}",audio\lot22_en_legit_2141.wav
lot22_en_fraud_2144,fraudulent,en,"I am a high-ranking officer of the District Attorney's Office. You have been subpoenaed to appear as a witness in a federal case, and you failed to respond. I have authorized an immediate bench warrant for your arrest. You must immediately pay an $1,100 bond using a PayPal transfer to clear the warrant. You must obey my authority right now. If you hang up, I will dispatch the marshals immediately.",26.9,"['authority', 'fear']","['authoritative', 'threat']","['authority', 'threat', 'urgency']","['long_silence', 'irregular_speech']","{'words_count': 125, 'audio_path': 'audio/lot22/en_fraud_2144.wav'}",audio\lot22_en_fraud_2144.wav
lot22_en_fraud_2150,fraudulent,en,"Attention! I am the Chief Investigator for the Drug Enforcement Administration. Your phone number is linked to a major narcotics distribution investigation. You face a life sentence. You must immediately pay a $12,000 bond using Bitcoin to the secure state account I provide to avoid immediate arrest. You must obey my authority now for this one-time reward of clemency. Do not attempt to call back.",26.87,"['authority', 'fear']","['authoritative', 'threat']","['authority', 'threat', 'urgency', 'reward', 'scarcity']","['long_silence', 'irregular_speech']","{'words_count': 140, 'audio_path': 'audio/lot22/en_fraud_2150.wav'}",audio\lot22_en_fraud_2150.wav
lot22_en_fraud_2156,fraudulent,en,"Warning! Your American Express card was used for a highly suspicious $1,500 flight ticket purchase. I am the Amex Security Director. To reverse this fraudulent activity, you must immediately confirm your Social Security Number and your mother's full name. Your identity is at huge risk. Obey my authority now. You must act immediately.",24.37,"['authority', 'anxiety']","['authoritative', 'threat']","['authority', 'threat', 'urgency', 'scarcity']","['long_silence', 'irregular_speech']","{'words_count': 115, 'audio_path': 'audio/lot22/en_fraud_2156.wav'}",audio\lot22_en_fraud_2156.wav
lot22_en_fraud_2162,fraudulent,en,"Congratulations! You are the lucky winner of a $1,000 electronics voucher from our exclusive shopping giveaway! This prize is limited and only 5 people were selected! To claim this huge reward, you must immediately pay a $150 customs fee using a Google Play gift card to cover administrative costs. If you do not act now, you will lose this unique opportunity forever. Act fast to claim your reward!",26.5,"['excitement', 'urgency']","['manipulative', 'urgent']","['reward', 'scarcity', 'urgency']",['interruptions'],"{'words_count': 95, 'audio_path': 'audio/lot22/en_fraud_2162.wav'}",audio\lot22_en_fraud_2162.wav
lot22_en_fraud_2168,fraudulent,en,"Exclusive investment alert! We guarantee a 50% daily return on your capital with zero risk. This opportunity is strictly limited to the first 5 people who act now. You must invest a minimum of $8,000 immediately via a secure bank wire transfer to our account. Act now! The offer expires in 2 hours! This is a one-time chance for a huge reward of quick wealth!",25.16,"['excitement', 'urgency']","['manipulative', 'warm']","['reward', 'scarcity', 'urgency']",['irregular_speech'],"{'words_count': 105, 'audio_path': 'audio/lot22/en_fraud_2168.wav'}",audio\lot22_en_fraud_2168.wav
lot22_en_fraud_2174,fraudulent,en,"This is your final warning from the U.S. Treasury Department. Your financial audit has uncovered serious non-compliance with offshore banking regulations. You owe $4,000 immediately. I am the only officer who can prevent the asset freeze. You must pay using Amazon gift cards and read the codes over the phone within the next 45 minutes. If you hang up, the asset freeze will be executed. You must obey my authority now for this one-time reward of preventing seizure.",31.27,"['authority', 'fear']","['authoritative', 'threat']","['authority', 'threat', 'urgency', 'reward', 'scarcity']","['long_silence', 'irregular_speech']","{'words_count': 125, 'audio_path': 'audio/lot22/en_fraud_2174.wav'}",audio\lot22_en_fraud_2174.wav
lot22_en_fraud_2180,fraudulent,en,"Congratulations! Your package contains a massive gold bar and is held by the Postal Service. This huge reward is exclusive! I am the Parcel Security Officer. To release the gold immediately, you must pay a $1,500 'insurance' fee using a Google Play gift card. Act now! If you do not pay, the gold will be confiscated forever. You must secure this chance immediately!",25.09,"['excitement', 'urgency']","['manipulative', 'urgent']","['reward', 'scarcity', 'urgency']",['irregular_speech'],"{'words_count': 95, 'audio_path': 'audio/lot22/en_fraud_2180.wav'}",audio\lot22_en_fraud_2180.wav
lot22_en_legit_2183,legitimate,en,This is a reminder from the Eye Care Center. Your annual eye exam is scheduled for next Tuesday at 2 PM. Please remember to bring your insurance card and a list of any current medications. Call us 24 hours in advance if you need to reschedule. Thank you.,16.42,"['calm', 'reassuring']",['professional'],[],[],"{'words_count': 48, 'audio_path': 'audio/lot22/en_legit_2183.wav'}",audio\lot22_en_legit_2183.wav
lot22_en_fraud_2186,fraudulent,en,"Urgent! Your home security system has been illegally accessed by criminals. I am the Senior Network Security Officer. Your home is now vulnerable to a physical break-in. To restore your security, you must grant me remote access immediately and pay a $400 emergency monitoring fee using a secure online payment link. Your family's safety is at risk. Obey my authority now. You must act immediately.",27.32,"['authority', 'fear']","['authoritative', 'threat']","['authority', 'threat', 'scarcity', 'urgency']","['long_silence', 'interruptions']","{'words_count': 130, 'audio_path': 'audio/lot22/en_fraud_2186.wav'}",audio\lot22_en_fraud_2186.wav
lot22_en_legit_2189,legitimate,en,This is a reminder from the Community College Admissions Office. The deadline for submitting your enrollment deposit for the Spring semester is Friday. Please ensure your deposit is processed to secure your spot in classes. Check your student account online for payment options. Thank you.,16.82,['neutral'],['professional'],[],[],"{'words_count': 55, 'audio_path': 'audio/lot22/en_legit_2189.wav'}",audio\lot22_en_legit_2189.wav
lot22_en_fraud_2198,fraudulent,en,Urgent! Your computer has been flagged for child pornography possession. I am the Major Crimes Unit Commander. You face immediate federal charges and jail time. You must allow me remote access immediately and authorize a $799 legal fee payment. I am the only one who can clear your name. Obey my authority now. You must act immediately for this unique reward of clemency.,26.21,"['authority', 'fear']","['authoritative', 'threat']","['authority', 'threat', 'scarcity', 'urgency', 'reward']","['interruptions', 'long_silence']","{'words_count': 125, 'audio_path': 'audio/lot22/en_fraud_2198.wav'}",audio\lot22_en_fraud_2198.wav
lot23_en_fraud_2202,fraudulent,en,"I am a high-ranking officer of the Internal Revenue Service (IRS). You have an outstanding tax debt of $2,300, and a warrant has been issued for your immediate arrest. I am the only officer authorized to accept an 'Emergency Tax Payment' using iTunes gift cards. You must read the card codes to me now. Obey my authority immediately to secure this unique reward of clemency. Do not disconnect this line or you will be jailed.",30.15,"['authority', 'fear']","['authoritative', 'threat']","['authority', 'threat', 'urgency', 'scarcity', 'reward']","['long_silence', 'irregular_speech']","{'words_count': 125, 'audio_path': 'audio/lot23/en_fraud_2202.wav'}",audio\lot23_en_fraud_2202.wav
lot23_en_fraud_2208,fraudulent,en,"Warning! An international wire transfer of $5,000 was initiated from your checking account. I am the Bank Security Officer. Your funds are at immediate risk, and your account is frozen. To prove your identity and unfreeze the account, you must immediately confirm your Social Security Number and your account password. Obey my authority now. You must act immediately to secure this chance to save your money.",27.2,"['authority', 'anxiety']","['authoritative', 'threat']","['authority', 'threat', 'urgency', 'scarcity']","['long_silence', 'irregular_speech']","{'words_count': 115, 'audio_path': 'audio/lot23/en_fraud_2208.wav'}",audio\lot23_en_fraud_2208.wav
lot23_en_fraud_2214,fraudulent,en,"Congratulations! You have been selected as the grand prize winner in the Mega-Millions International Sweepstakes! Your huge reward is $1.5 million in cash! To receive this exclusive amount, you must first pay a $990 transfer fee immediately using Bitcoin to the prize coordinator. This is a one-time, urgent opportunity! If you hang up, the prize will go to the alternate winner forever! Act now to claim your huge cash reward!",31.24,"['excitement', 'urgency']","['manipulative', 'urgent']","['reward', 'scarcity', 'urgency']","['irregular_speech', 'long_silence']","{'words_count': 115, 'audio_path': 'audio/lot23/en_fraud_2214.wav'}",audio\lot23_en_fraud_2214.wav
lot23_en_fraud_2220,fraudulent,en,"Exclusive opportunity! We have a private placement stock tip guaranteed to return 300% in 7 days. This huge reward is strictly confidential and limited to the first 3 investors. You must wire $15,000 immediately to the Swiss account I provide to secure your share. You must act now! The offer will be gone forever by the end of the day. This is a one-time chance for massive wealth!",25.76,"['excitement', 'urgency']","['manipulative', 'urgent']","['reward', 'scarcity', 'urgency']",['irregular_speech'],"{'words_count': 105, 'audio_path': 'audio/lot23/en_fraud_2220.wav'}",audio\lot23_en_fraud_2220.wav
lot23_en_legit_2223,legitimate,en,This call is from your Credit Union. We noticed your checking account balance has dropped below the minimum threshold. Please deposit funds as soon as possible to avoid overdraft fees. You can check your account status through our mobile app. Thank you for your continued membership.,16.33,['neutral'],['professional'],[],[],"{'words_count': 48, 'audio_path': 'audio/lot23/en_legit_2223.wav'}",audio\lot23_en_legit_2223.wav
lot23_en_fraud_2226,fraudulent,en,"Warning! A high-value purchase of a $1,800 diamond necklace has been placed on your Amazon account. I am the Amazon Fraud Specialist. To cancel the order and prevent its shipment, you must immediately confirm your full credit card number and the CVC code on the back. Your account is at risk. Obey my authority now for this one-time chance to cancel the purchase.",26.18,"['authority', 'urgency']","['authoritative', 'threat']","['threat', 'scarcity', 'urgency', 'authority']","['irregular_speech', 'long_silence']","{'words_count': 115, 'audio_path': 'audio/lot23/en_fraud_2226.wav'}",audio\lot23_en_fraud_2226.wav
lot23_en_fraud_2232,fraudulent,en,"This is a final notice from the U.S. Federal Tax Authority. Your account shows a massive delinquency of $7,500, and a non-compliance warrant is active. I am the only agent who can stop your immediate arrest. You must immediately pay the fine using Bitcoin, deposited into the government wallet ID I provide. If you hang up, the U.S. Marshals will seize your assets. Obey my authority right now to secure this huge reward of non-arrest.",31.16,"['authority', 'fear']","['authoritative', 'threat']","['authority', 'threat', 'urgency', 'reward', 'scarcity']","['long_silence', 'irregular_speech']","{'words_count': 140, 'audio_path': 'audio/lot23/en_fraud_2232.wav'}",audio\lot23_en_fraud_2232.wav
lot23_en_fraud_2238,fraudulent,en,"Urgent! Your electric service payment is 60 days past due, and your account is scheduled for immediate disconnection. I am the Power Utility Disconnection Manager. You have 30 minutes to pay the overdue amount of $550 using Zelle to the urgent payment ID I provide. Failure to pay now will result in a $200 reconnection fee. Pay immediately to keep your power on.",24.57,"['urgency', 'anxiety']","['authoritative', 'threat']","['threat', 'scarcity', 'urgency']",['irregular_speech'],"{'words_count': 105, 'audio_path': 'audio/lot23/en_fraud_2238.wav'}",audio\lot23_en_fraud_2238.wav
lot23_en_legit_2241,legitimate,en,This message is from Netflix. We confirm the successful automatic renewal of your premium subscription for the next month. The fee of $19.99 has been charged to your payment method on file. Enjoy uninterrupted viewing of your favorite shows and movies. Thank you for being a valued subscriber.,19.28,"['neutral', 'friendly']",['warm'],[],[],"{'words_count': 55, 'audio_path': 'audio/lot23/en_legit_2241.wav'}",audio\lot23_en_legit_2241.wav
lot23_en_fraud_2244,fraudulent,en,"Urgent! Your computer has been detected sending out thousands of spam emails. I am the Certified Microsoft Tech Support Agent. Your IP address is about to be blacklisted globally! To prevent this disaster, you must allow immediate remote access and purchase a $450 'Security Token' using eBay gift cards. Obey my authority now for this one-time fix. Act immediately.",26.38,"['authority', 'urgency']","['authoritative', 'threat']","['threat', 'urgency', 'scarcity', 'authority']","['long_silence', 'irregular_speech']","{'words_count': 115, 'audio_path': 'audio/lot23/en_fraud_2244.wav'}",audio\lot23_en_fraud_2244.wav
lot23_en_legit_2247,legitimate,en,This call is from your financial advisor's office. We are calling to confirm your annual portfolio review meeting next Thursday at 9:30 AM. Please bring any documentation related to new investments or changes in your financial status. We look forward to seeing you. Thank you.,17.36,"['calm', 'reassuring']",['professional'],[],[],"{'words_count': 55, 'audio_path': 'audio/lot23/en_legit_2247.wav'}",audio\lot23_en_legit_2247.wav
lot23_en_fraud_2250,fraudulent,en,"I am a high-ranking officer of the U.S. Army, contacting you about your son/daughter. They are in a serious accident while deployed overseas and owe $4,500 in immediate damages. They are detained until the debt is paid. You must wire the money immediately to the 'Overseas Legal Fund' I provide. Obey my authority now. Do not tell anyone! This is the only chance to secure the unique reward of their safe release.",28.75,"['authority', 'fear']","['authoritative', 'threat']","['authority', 'threat', 'urgency', 'scarcity', 'reward']","['long_silence', 'interruptions']","{'words_count': 125, 'audio_path': 'audio/lot23/en_fraud_2250.wav'}",audio\lot23_en_fraud_2250.wav
lot23_en_fraud_2256,fraudulent,en,"Urgent! Your Facebook account has been hacked and is posting hate speech! I am the Social Media Security Consultant. Your reputation is at risk of being permanently destroyed! To restore access and wipe the illegal posts, you must pay a $350 'Emergency Cleaning Fee' via PayPal within 15 minutes. This is your one chance to save your reputation. You must act immediately.",25.87,"['urgency', 'fear']","['manipulative', 'urgent']","['threat', 'scarcity', 'urgency']","['long_silence', 'interruptions']","{'words_count': 115, 'audio_path': 'audio/lot23/en_fraud_2256.wav'}",audio\lot23_en_fraud_2256.wav
lot23_en_fraud_2262,fraudulent,en,"Congratulations! Your application for the Federal Student Loan Forgiveness Program has been exclusively approved, resulting in a $20,000 huge reward! This is a limited chance! To finalize the process and receive this benefit, you must immediately pay a $499 'Administrative Service Fee' via bank wire transfer to the government account I provide. Act now! If you miss the deadline, you lose this unique opportunity forever!",31.13,"['excitement', 'urgency']","['manipulative', 'urgent']","['reward', 'scarcity', 'urgency']","['interruptions', 'long_silence']","{'words_count': 115, 'audio_path': 'audio/lot23/en_fraud_2262.wav'}",audio\lot23_en_fraud_2262.wav
lot23_en_legit_2265,legitimate,en,This call is from the Law Offices of Miller & Associates. We are calling to confirm your initial consultation with Attorney Miller regarding your estate planning needs next Tuesday at 11 AM. Please bring all relevant financial documents. We look forward to meeting you. Thank you.,16.69,"['calm', 'reassuring']",['professional'],[],[],"{'words_count': 48, 'audio_path': 'audio/lot23/en_legit_2265.wav'}",audio\lot23_en_legit_2265.wav
lot23_en_fraud_2268,fraudulent,en,"Congratulations! You have been matched with an exclusive VIP member on our dating app! This huge reward is for a limited time! To start chatting immediately and secure this unique match, you must pay a $120 'Premium Access Fee' using an iTunes gift card. This exclusive match will expire in 1 hour if you do not act now. Claim this unique reward of connection now!",24.81,"['excitement', 'urgency']","['manipulative', 'urgent']","['reward', 'scarcity', 'urgency']",['irregular_speech'],"{'words_count': 95, 'audio_path': 'audio/lot23/en_fraud_2268.wav'}",audio\lot23_en_fraud_2268.wav
lot23_en_legit_2271,legitimate,en,This is a call from Capital One. We are informing you that new security features have been activated on your credit card for enhanced fraud protection. No action is required from your side. You can manage these settings anytime via your mobile app. We appreciate your security awareness. Thank you.,17.81,"['calm', 'reassuring']",['professional'],[],[],"{'words_count': 48, 'audio_path': 'audio/lot23/en_legit_2271.wav'}",audio\lot23_en_legit_2271.wav
lot23_en_fraud_2274,fraudulent,en,"Congratulations! You have won a brand-new Mercedes-Benz S-Class in our exclusive dealership sweepstakes! This huge reward is waiting! To claim the car, you must pay $1,500 in tax and registration fees immediately via a secure wire transfer. This is a one-time, urgent opportunity! If you do not pay in 2 hours, the car will be forfeited to the runner-up forever. Act fast to secure this huge luxury reward!",30.58,"['excitement', 'urgency']","['manipulative', 'urgent']","['reward', 'scarcity', 'urgency']","['long_silence', 'irregular_speech']","{'words_count': 115, 'audio_path': 'audio/lot23/en_fraud_2274.wav'}",audio\lot23_en_fraud_2274.wav
lot23_en_fraud_2280,fraudulent,en,"Exclusive investment alert! We have a pre-IPO opportunity for 'AI Tech Co' guaranteed to multiply your money 10 times in 3 months! This huge reward is limited to the first five people. You must wire $10,000 immediately to our private fund manager's account. The offer expires at the end of the business day. This is a one-time, urgent chance for massive profit!",23.96,"['excitement', 'urgency']","['manipulative', 'urgent']","['reward', 'scarcity', 'urgency']",['irregular_speech'],"{'words_count': 105, 'audio_path': 'audio/lot23/en_fraud_2280.wav'}",audio\lot23_en_fraud_2280.wav
lot23_en_fraud_2286,fraudulent,en,"Warning! An unauthorized international transfer of $10,000 was just made from your savings account. I am the Chase Bank Security Officer. Your account is compromised and draining! To reverse the transfer and protect your life savings, you must immediately confirm your full bank account number and the security question answer. Obey my authority now. You must act immediately to secure this chance to save your money.",26.91,"['authority', 'fear']","['authoritative', 'threat']","['authority', 'threat', 'urgency', 'scarcity']","['long_silence', 'interruptions']","{'words_count': 115, 'audio_path': 'audio/lot23/en_fraud_2286.wav'}",audio\lot23_en_fraud_2286.wav
lot23_en_fraud_2292,fraudulent,en,Urgent! Your phone number has been linked to severe anonymous threats against government officials. I am the FBI Special Agent. You face immediate federal charges and a massive fine. You must pay a $700 'Investigative Fee' using Google Play gift cards. I am the only one who can stop the investigation. Obey my authority now for this unique reward of clemency. Do not disconnect the call.,27.77,"['authority', 'fear']","['authoritative', 'threat']","['authority', 'threat', 'urgency', 'scarcity', 'reward']","['long_silence', 'irregular_speech']","{'words_count': 115, 'audio_path': 'audio/lot23/en_fraud_2292.wav'}",audio\lot23_en_fraud_2292.wav
lot23_en_fraud_2298,fraudulent,en,"I am a high-ranking officer of the Social Security Administration. Your benefits have been suspended due to fraudulent activity linked to overseas accounts. You face a federal grand jury hearing. To reinstate your benefits and secure this huge reward, you must immediately pay a $1,300 'Reinstatement Fee' using Bitcoin to the secure state account I provide. You must obey my authority right now to secure this chance of benefits. Do not hang up.",30.63,"['authority', 'fear']","['authoritative', 'threat']","['authority', 'threat', 'urgency', 'reward', 'scarcity']","['long_silence', 'irregular_speech']","{'words_count': 125, 'audio_path': 'audio/lot23/en_fraud_2298.wav'}",audio\lot23_en_fraud_2298.wav
lot24_en_fraud_2302,fraudulent,en,"I am a high-ranking officer of the U.S. Federal Reserve. We have detected a massive fraudulent wire transfer attempt from your checking account to Russia. I am the only officer authorized to block this unique, urgent threat. Your funds are at risk! You must immediately purchase four $500 'Emergency Security Vouchers' using Amazon gift cards and read the codes to me. Obey my authority now to secure the exclusive reward of saving your money.",29.64,"['authority', 'fear']","['authoritative', 'threat']","['authority', 'threat', 'urgency', 'scarcity', 'reward']","['long_silence', 'irregular_speech']","{'words_count': 130, 'audio_path': 'audio/lot24/en_fraud_2302.wav'}",audio\lot24_en_fraud_2302.wav
lot24_en_fraud_2308,fraudulent,en,"Warning! We detected three suspicious login attempts from China on your PayPal account. I am the PayPal Security Analyst. Your account is about to be suspended permanently! To verify your identity and prevent the suspension, you must immediately confirm your login credentials and the one-time passcode (OTP) I just sent you. Act now to secure this unique chance to keep your account open. Do not disconnect the line!",28.92,"['authority', 'anxiety']","['authoritative', 'threat']","['authority', 'threat', 'urgency', 'scarcity']","['long_silence', 'irregular_speech']","{'words_count': 120, 'audio_path': 'audio/lot24/en_fraud_2308.wav'}",audio\lot24_en_fraud_2308.wav
lot24_en_fraud_2314,fraudulent,en,"Exclusive reward! We have selected you for a government grant of $5,000 for small businesses! This money is very rare! To secure this unique, huge reward, you must immediately pay a $250 'Filing Fee' using Google Play gift cards. This offer is only valid for the next 90 minutes. You must act fast! If you miss this deadline, the grant will be reassigned forever!",25.54,"['excitement', 'urgency']","['manipulative', 'urgent']","['reward', 'scarcity', 'urgency']",['irregular_speech'],"{'words_count': 105, 'audio_path': 'audio/lot24/en_fraud_2314.wav'}",audio\lot24_en_fraud_2314.wav
lot24_en_fraud_2320,fraudulent,en,"Investment opportunity: A new cryptocurrency coin, 'MoonCoin,' is launching, guaranteed to 50x your initial investment by next month! This exclusive, huge reward is only for our VIP early investors. You must immediately invest $8,000 via direct Bitcoin transfer to secure your unique stake. The pre-sale ends in 2 hours. You must act now to secure this one-time profit chance!",26.67,"['excitement', 'urgency']","['manipulative', 'urgent']","['reward', 'scarcity', 'urgency']",['irregular_speech'],"{'words_count': 105, 'audio_path': 'audio/lot24/en_fraud_2320.wav'}",audio\lot24_en_fraud_2320.wav
lot24_en_legit_2323,legitimate,en,"This call is from your Mortgage Lender, Wells Fargo. We are calling to confirm the successful processing of your escrow payment for property taxes this month. All payments are up to date. You can review the details on your online statement. Thank you for your business.",15.68,['neutral'],['professional'],[],[],"{'words_count': 50, 'audio_path': 'audio/lot24/en_legit_2323.wav'}",audio\lot24_en_legit_2323.wav
lot24_en_fraud_2326,fraudulent,en,"Urgent! Your Netflix account payment failed, and a premium subscription of $49.99 was just purchased with your card from a different IP address. I am the Netflix Billing Specialist. Your payment information is now compromised! To prevent further charges, you must immediately confirm the last four digits of your Social Security Number and your Mother's Maiden Name. Act now to secure this one-time chance to prevent theft.",28.15,"['authority', 'urgency']","['authoritative', 'threat']","['threat', 'scarcity', 'urgency', 'authority']","['irregular_speech', 'long_silence']","{'words_count': 120, 'audio_path': 'audio/lot24/en_fraud_2326.wav'}",audio\lot24_en_fraud_2326.wav
lot24_en_legit_2329,legitimate,en,"This is a message from your local animal shelter, 'Paws for Life.' We are urgently seeking foster homes for several dogs recently rescued from neglect. If you are interested in offering a temporary home, please call us back immediately. Thank you for helping the animals in our community.",17.51,"['friendly', 'concern']",['warm'],[],[],"{'words_count': 58, 'audio_path': 'audio/lot24/en_legit_2329.wav'}",audio\lot24_en_legit_2329.wav
lot24_en_fraud_2332,fraudulent,en,"This is a final notice from the Federal Police Bureau. Your identity was found associated with a car theft ring in Texas. You face serious criminal charges. I am the only agent who can offer an 'Immediate Settlement Fine' of $3,500 using Bitcoin, deposited into the secure government wallet ID I provide. If you hang up, an arrest warrant will be issued! Obey my authority right now to secure this huge reward of non-arrest.",29.5,"['authority', 'fear']","['authoritative', 'threat']","['authority', 'threat', 'urgency', 'reward', 'scarcity']","['long_silence', 'irregular_speech']","{'words_count': 140, 'audio_path': 'audio/lot24/en_fraud_2332.wav'}",audio\lot24_en_fraud_2332.wav
lot24_en_legit_2335,legitimate,en,This call is from the University Registrar's office. We are reminding students that the deadline for dropping classes without a 'W' grade is this Friday at 5 PM. Please log into your student portal to make any necessary adjustments. Thank you.,14.89,['neutral'],['professional'],[],[],"{'words_count': 58, 'audio_path': 'audio/lot24/en_legit_2335.wav'}",audio\lot24_en_legit_2335.wav
lot24_en_fraud_2338,fraudulent,en,"Urgent! Your gas utility bill is overdue by 45 days, and your service is scheduled for immediate cut-off. I am the Gas Utility Shutoff Manager. You have 45 minutes to pay the full overdue amount of $350 using the cryptocurrency 'Ripple' (XRP) to the urgent payment ID I provide. Failure to pay now will incur a massive $300 reconnection fee. Pay immediately to secure the reward of keeping your gas on.",28.83,"['urgency', 'anxiety']","['authoritative', 'threat']","['threat', 'scarcity', 'urgency', 'reward']",['irregular_speech'],"{'words_count': 120, 'audio_path': 'audio/lot24/en_fraud_2338.wav'}",audio\lot24_en_fraud_2338.wav
lot24_en_fraud_2344,fraudulent,en,Urgent! Your computer's firewall has been breached by a foreign government. I am the official 'Homeland Security' Tech Agent. Your privacy is under severe threat. You must allow immediate remote access and purchase a $650 'System Clearance Key' using Best Buy gift cards. Obey my authority now for this one-time fix. Act immediately to secure your data and the unique reward of clemency.,28.35,"['authority', 'urgency']","['authoritative', 'threat']","['threat', 'urgency', 'scarcity', 'authority', 'reward']","['long_silence', 'irregular_speech']","{'words_count': 130, 'audio_path': 'audio/lot24/en_fraud_2344.wav'}",audio\lot24_en_fraud_2344.wav
lot24_en_fraud_2350,fraudulent,en,"I am a high-ranking officer of the U.S. Border Patrol. Your social security number was flagged for involvement in drug trafficking across the Mexican border. You face federal charges and immediate detention. You must transfer $5,500 immediately to the 'Homeland Security Bail Fund' I provide via Zelle. Obey my authority now. Do not tell anyone! This is the only chance to secure the unique reward of your freedom.",28.86,"['authority', 'fear']","['authoritative', 'threat']","['authority', 'threat', 'urgency', 'scarcity', 'reward']","['long_silence', 'interruptions']","{'words_count': 130, 'audio_path': 'audio/lot24/en_fraud_2350.wav'}",audio\lot24_en_fraud_2350.wav
lot24_en_fraud_2356,fraudulent,en,"Urgent! Your iCloud account has been remotely locked due to illegal downloads. I am the Apple Security Enforcement Officer. All your files will be wiped permanently in 10 minutes! To restore access and secure the exclusive reward of keeping your data, you must immediately pay a $400 'Data Security Fee' via Steam gift cards. This is your one chance to save your digital life. Act immediately!",27.14,"['urgency', 'fear']","['manipulative', 'threat']","['threat', 'scarcity', 'urgency', 'reward']","['long_silence', 'interruptions']","{'words_count': 120, 'audio_path': 'audio/lot24/en_fraud_2356.wav'}",audio\lot24_en_fraud_2356.wav
lot24_en_legit_2359,legitimate,en,This is a notification from Home Depot. Your special order for custom cabinets has arrived at our warehouse and is ready for pickup. Please bring your order confirmation email. We remind you that items must be picked up within 7 days. Thank you for shopping with us.,16.11,['friendly'],['warm'],[],[],"{'words_count': 50, 'audio_path': 'audio/lot24/en_legit_2359.wav'}",audio\lot24_en_legit_2359.wav
lot24_en_fraud_2362,fraudulent,en,"Congratulations! You have been selected for an exclusive 'Green Energy Rebate' of $8,000 from the Department of Energy! This huge reward is very rare! To finalize the rebate and receive this benefit, you must immediately pay a $399 'Registration Fee' via MoneyGram to the government account I provide. Act now! If you miss the urgent deadline, you lose this unique opportunity forever!",28.88,"['excitement', 'urgency']","['manipulative', 'urgent']","['reward', 'scarcity', 'urgency']","['interruptions', 'long_silence']","{'words_count': 120, 'audio_path': 'audio/lot24/en_fraud_2362.wav'}",audio\lot24_en_fraud_2362.wav
lot24_en_legit_2371,legitimate,en,"This is a call from American Express. We are informing you of new travel benefits added to your platinum card, including airport lounge access and rental car insurance. Please check your latest statement for a full description of the new features. We value your membership.",15.85,"['calm', 'reassuring']",['professional'],[],[],"{'words_count': 50, 'audio_path': 'audio/lot24/en_legit_2371.wav'}",audio\lot24_en_legit_2371.wav
lot24_en_fraud_2374,fraudulent,en,"Sweepstakes Winner! You have won an exclusive new high-end MacBook Pro and $5,000 cash! This huge reward is unique! To claim the prizes, you must pay the immediate $350 customs fee via Walmart gift cards to the prize coordinator. This urgent offer is only valid for the next 45 minutes! You must act fast to secure this amazing tech reward!",27.13,"['excitement', 'urgency']","['manipulative', 'urgent']","['reward', 'scarcity', 'urgency']","['long_silence', 'irregular_speech']","{'words_count': 105, 'audio_path': 'audio/lot24/en_fraud_2374.wav'}",audio\lot24_en_fraud_2374.wav
lot24_en_legit_2377,legitimate,en,This message is from your Homeowners Association (HOA). We are reminding residents that outdoor holiday decorations must be removed by January 15th to comply with community guidelines. Failure to comply may result in a fine. Thank you for keeping our neighborhood beautiful.,16.75,['neutral'],['professional'],[],[],"{'words_count': 50, 'audio_path': 'audio/lot24/en_legit_2377.wav'}",audio\lot24_en_legit_2377.wav
lot24_en_fraud_2380,fraudulent,en,"Exclusive investment! We have a private-equity opportunity in a startup guaranteed to generate a 25x return within 6 months! This huge reward is limited to three private investors. You must immediately transfer $25,000 via a bank wire to the CEO's personal account. The offer expires in 3 hours. This is a one-time, urgent chance for enormous profit. You must act now!",25.93,"['excitement', 'urgency']","['manipulative', 'urgent']","['reward', 'scarcity', 'urgency']",['irregular_speech'],"{'words_count': 120, 'audio_path': 'audio/lot24/en_fraud_2380.wav'}",audio\lot24_en_fraud_2380.wav
lot24_en_fraud_2386,fraudulent,en,"Warning! An unauthorized online purchase of a $9,000 cryptocurrency portfolio was just made with your card. I am the Bank Fraud Prevention Analyst. Your account is about to be drained! To cancel the purchase and reverse the charges, you must immediately confirm the last three transactions on your account and your date of birth. Obey my authority now. You must act immediately to secure this unique chance to save your money.",27.83,"['authority', 'fear']","['authoritative', 'threat']","['authority', 'threat', 'urgency', 'scarcity']","['long_silence', 'interruptions']","{'words_count': 130, 'audio_path': 'audio/lot24/en_fraud_2386.wav'}",audio\lot24_en_fraud_2386.wav
lot24_en_legit_2389,legitimate,en,This message is from the American Heart Association. We are reminding you of the importance of your annual cholesterol screening. Early detection is key to preventing heart disease. Please schedule an appointment with your doctor soon. Thank you for prioritizing your cardiovascular health.,16.6,['neutral'],['professional'],[],[],"{'words_count': 50, 'audio_path': 'audio/lot24/en_legit_2389.wav'}",audio\lot24_en_legit_2389.wav
lot24_en_fraud_2392,fraudulent,en,"I am a high-ranking officer of the Department of Justice. Your name has been tied to a massive money laundering scheme. You face immediate federal prosecution and a 50-year sentence. To stop the indictment, you must immediately pay an 'Emergency Pre-Trial Fee' of $2,000 using Western Union. I am the only one who can offer this unique clemency. Obey my authority now. You must act fast to secure this reward of freedom.",28.12,"['authority', 'fear']","['authoritative', 'threat']","['authority', 'threat', 'urgency', 'scarcity', 'reward']","['long_silence', 'irregular_speech']","{'words_count': 130, 'audio_path': 'audio/lot24/en_fraud_2392.wav'}",audio\lot24_en_fraud_2392.wav
lot24_en_legit_2395,legitimate,en,This message is from the Metropolitan Museum of Art. We are reminding members of the exclusive preview evening for our new 'Renaissance Masters' exhibit next Tuesday. Please bring your membership card for entry. We look forward to seeing you there. Thank you for supporting the arts.,16.57,['friendly'],['warm'],[],[],"{'words_count': 58, 'audio_path': 'audio/lot24/en_legit_2395.wav'}",audio\lot24_en_legit_2395.wav
lot24_en_fraud_2398,fraudulent,en,"I am a high-ranking officer of the U.S. Federal Court. You have failed to comply with an urgent federal subpoena. You face immediate arrest and jail time. To settle this unique, urgent threat, you must immediately pay a $1,700 'Contempt Fee' using a direct bank wire to the court clerk. I am the only one who can offer this clemency. Obey my authority right now to secure this huge reward of non-arrest. Do not disconnect the line!",30.42,"['authority', 'fear']","['authoritative', 'threat']","['authority', 'threat', 'urgency', 'scarcity', 'reward']","['long_silence', 'irregular_speech']","{'words_count': 130, 'audio_path': 'audio/lot24/en_fraud_2398.wav'}",audio\lot24_en_fraud_2398.wav
lot25_en_fraud_2406,fraudulent,en,"Urgent! Your identity was used in an overseas wire fraud in Nigeria. I am the FBI Special Agent. You face immediate federal charges and asset seizure. To stop the investigation, you must transfer $4,000 immediately to the 'Federal Restitution Account' I provide via Bitcoin. Obey my authority now. Do not hang up! This is the only chance to secure the unique reward of clemency.",27.83,"['authority', 'fear']","['authoritative', 'threat']","['authority', 'threat', 'urgency', 'scarcity', 'reward']","['long_silence', 'interruptions']","{'words_count': 130, 'audio_path': 'audio/lot25/en_fraud_2406.wav'}",audio\lot25_en_fraud_2406.wav
lot25_en_fraud_2412,fraudulent,en,"Warning! Your Bank of America account was flagged for three large purchases in Turkey. I am the Fraud Prevention Officer. Your money is about to be stolen! To reverse the charges, you must immediately read the security code I just sent to your phone. Obey my authority now to secure this unique chance to save your funds. Do not hang up!",23.27,"['authority', 'anxiety']","['authoritative', 'threat']","['authority', 'threat', 'urgency', 'scarcity']","['irregular_speech', 'long_silence']","{'words_count': 120, 'audio_path': 'audio/lot25/en_fraud_2412.wav'}",audio\lot25_en_fraud_2412.wav
lot25_en_legit_2417,legitimate,en,"This is a call from your financial advisor, Jane Doe. I am calling to schedule your quarterly portfolio review meeting. Please call me back to set up a time next week. We look forward to discussing your investment strategy.",12.86,"['calm', 'reassuring']",['professional'],[],[],"{'words_count': 50, 'audio_path': 'audio/lot25/en_legit_2417.wav'}",audio\lot25_en_legit_2417.wav
lot25_en_fraud_2418,fraudulent,en,"Urgent! Your passport was flagged for association with an international child pornography ring. I am the Department of Homeland Security Officer. You face a lifetime in prison. To stop the arrest warrant, you must pay a $6,000 'Confidentiality Fine' immediately via MoneyGram. Obey my authority now. You must secure this one-time chance to keep your freedom. Do not speak to anyone else!",26.86,"['authority', 'fear']","['authoritative', 'threat']","['authority', 'threat', 'urgency', 'scarcity']","['long_silence', 'irregular_speech']","{'words_count': 140, 'audio_path': 'audio/lot25/en_fraud_2418.wav'}",audio\lot25_en_fraud_2418.wav
lot25_en_legit_2423,legitimate,en,This is a message from Costco Wholesale. We are announcing an exclusive member-only sale event on electronics next weekend. Please bring your membership card for entry. We look forward to seeing you.,12.09,['friendly'],['warm'],[],[],"{'words_count': 50, 'audio_path': 'audio/lot25/en_legit_2423.wav'}",audio\lot25_en_legit_2423.wav
lot25_en_fraud_2424,fraudulent,en,"Investment opportunity: We have an exclusive pre-IPO chance to invest in a major social media platform, guaranteed to 100x your money! This huge reward is only for our top-tier investors. You must immediately invest $12,000 via a secure, private crypto wallet. The window closes in 6 hours! You must act now to secure this unique profit chance!",24.13,"['excitement', 'urgency']","['manipulative', 'urgent']","['reward', 'scarcity', 'urgency']",['irregular_speech'],"{'words_count': 120, 'audio_path': 'audio/lot25/en_fraud_2424.wav'}",audio\lot25_en_fraud_2424.wav
lot25_en_fraud_2430,fraudulent,en,"Urgent! Your IRS tax audit failed, and you owe $7,500 in back taxes. I am the IRS Compliance Officer. You face immediate wage garnishment. To prevent this, you must pay $7,500 immediately via four $1,875 'Tax Settlement Vouchers' using Google Play cards. Obey my authority now. You must secure the unique reward of avoiding the fine.",28.62,"['authority', 'fear']","['authoritative', 'threat']","['authority', 'threat', 'urgency', 'scarcity', 'reward']","['long_silence', 'interruptions']","{'words_count': 130, 'audio_path': 'audio/lot25/en_fraud_2430.wav'}",audio\lot25_en_fraud_2430.wav
lot25_en_fraud_2436,fraudulent,en,"Urgent! Your Amazon account was used to buy a $2,500 Bitcoin miner in China. I am the Amazon Fraud Specialist. Your account is about to be suspended permanently! To stop the transaction, you must immediately confirm your full credit card number and the CVV code. Act now to secure this one-time chance to prevent the theft.",24.12,"['authority', 'urgency']","['authoritative', 'threat']","['threat', 'scarcity', 'urgency', 'authority']","['irregular_speech', 'long_silence']","{'words_count': 120, 'audio_path': 'audio/lot25/en_fraud_2436.wav'}",audio\lot25_en_fraud_2436.wav
lot25_en_legit_2441,legitimate,en,This is a courtesy message from your pharmacy. Your prescription refill for Metformin is ready for pickup. Please remember to bring your insurance card. Thank you.,10.0,['friendly'],['warm'],[],[],"{'words_count': 50, 'audio_path': 'audio/lot25/en_legit_2441.wav'}",audio\lot25_en_legit_2441.wav
lot25_en_fraud_2442,fraudulent,en,"Urgent! Your Social Security Number was used in a major ID theft scheme in California. I am the SSA Law Enforcement Officer. You face immediate legal action and a financial collapse. To avoid this, you must buy four $500 'Legal Defense Vouchers' using eBay gift cards and read me the codes. Obey my authority now for this one-time chance to save your future.",25.73,"['authority', 'fear']","['authoritative', 'threat']","['authority', 'threat', 'urgency', 'scarcity']","['long_silence', 'irregular_speech']","{'words_count': 130, 'audio_path': 'audio/lot25/en_fraud_2442.wav'}",audio\lot25_en_fraud_2442.wav
lot25_en_fraud_2448,fraudulent,en,"Warning! Your computer is infected with a highly dangerous ransomware virus from Russia. I am the Microsoft Security Specialist. All your files will be locked forever! To clean your system, you must immediately purchase a $999 'Anti-Virus Security Key' using Target gift cards. Obey my authority now. Act immediately to secure the unique reward of keeping your data.",27.28,"['authority', 'fear']","['authoritative', 'threat']","['authority', 'threat', 'urgency', 'scarcity', 'reward']","['long_silence', 'interruptions']","{'words_count': 130, 'audio_path': 'audio/lot25/en_fraud_2448.wav'}",audio\lot25_en_fraud_2448.wav
lot25_en_fraud_2454,fraudulent,en,"Exclusive reward! We have selected you for a government refund of $1,500 from the Department of Education! This money is very rare! To secure this unique, huge reward, you must immediately confirm your full bank account and routing number. This offer is only valid for the next 2 hours. You must act fast!",20.44,"['excitement', 'urgency']","['manipulative', 'urgent']","['reward', 'scarcity', 'urgency']",['irregular_speech'],"{'words_count': 105, 'audio_path': 'audio/lot25/en_fraud_2454.wav'}",audio\lot25_en_fraud_2454.wav
lot25_en_fraud_2460,fraudulent,en,"Urgent! Your retirement fund (401k) was compromised by hackers from North Korea. I am the Securities and Exchange Commission (SEC) Analyst. Your savings are about to be wiped out! To secure your funds, you must immediately transfer all your assets into the 'SEC Safety Account' I provide. Act now to secure the unique reward of saving your retirement.",27.28,"['authority', 'fear']","['authoritative', 'threat']","['authority', 'threat', 'urgency', 'scarcity', 'reward']","['long_silence', 'interruptions']","{'words_count': 130, 'audio_path': 'audio/lot25/en_fraud_2460.wav'}",audio\lot25_en_fraud_2460.wav
lot25_en_fraud_2466,fraudulent,en,"Warning! Your computer's microphone was hacked and used to record confidential government meetings. I am the CIA Intelligence Officer. You are complicit in espionage! To prevent your arrest, you must immediately buy a $1,200 'Confidentiality Key' using Vanilla gift cards. Obey my authority now for this one-time chance to secure your freedom.",25.13,"['authority', 'fear']","['authoritative', 'threat']","['authority', 'threat', 'urgency', 'scarcity']","['long_silence', 'irregular_speech']","{'words_count': 130, 'audio_path': 'audio/lot25/en_fraud_2466.wav'}",audio\lot25_en_fraud_2466.wav
lot25_en_legit_2471,legitimate,en,"This is a courtesy reminder from your gym, 24 Hour Fitness. Your credit card on file has expired. Please update your payment information online to avoid any interruption in your membership.",12.35,['neutral'],['professional'],[],[],"{'words_count': 50, 'audio_path': 'audio/lot25/en_legit_2471.wav'}",audio\lot25_en_legit_2471.wav
lot25_en_fraud_2472,fraudulent,en,"Exclusive reward! We have selected you for an all-expenses-paid luxury cruise to the Bahamas! This huge reward is unique! To claim the cruise, you must pay the immediate $499 port tax fee via three $166 gift cards from Apple. This urgent offer is only valid for the next 90 minutes! You must act fast to secure your vacation!",23.34,"['excitement', 'urgency']","['manipulative', 'urgent']","['reward', 'scarcity', 'urgency']",['irregular_speech'],"{'words_count': 105, 'audio_path': 'audio/lot25/en_fraud_2472.wav'}",audio\lot25_en_fraud_2472.wav
lot25_en_fraud_2478,fraudulent,en,"Urgent! A malicious spyware program has been downloaded onto your phone. I am the AT&T Security Analyst. All your banking passwords will be stolen in 5 minutes! To stop the virus, you must immediately purchase a $300 'Security Cleanup Card' using Best Buy gift cards. Act now to secure this one-time fix.",20.78,"['urgency', 'threat']","['authoritative', 'manipulative']","['threat', 'urgency', 'scarcity']",['irregular_speech'],"{'words_count': 120, 'audio_path': 'audio/lot25/en_fraud_2478.wav'}",audio\lot25_en_fraud_2478.wav
lot25_en_legit_2483,legitimate,en,"This message is from the American Red Cross. We are seeking volunteers for our upcoming disaster relief training sessions. If you are interested in helping your community, please call the number on your screen. Thank you.",12.75,['friendly'],['warm'],[],[],"{'words_count': 50, 'audio_path': 'audio/lot25/en_legit_2483.wav'}",audio\lot25_en_legit_2483.wav
lot25_en_fraud_2484,fraudulent,en,"Urgent! Your student loan payment failed, and the full loan amount is now due immediately! I am the Department of Education Officer. Your credit score is about to drop to zero! To reinstate your payment plan, you must immediately pay a $600 'Emergency Reinstatement Fee' using Amazon gift cards. Obey my authority now to secure the unique reward of saving your credit.",26.6,"['authority', 'fear']","['authoritative', 'threat']","['authority', 'threat', 'urgency', 'scarcity', 'reward']","['long_silence', 'irregular_speech']","{'words_count': 130, 'audio_path': 'audio/lot25/en_fraud_2484.wav'}",audio\lot25_en_fraud_2484.wav
lot25_en_legit_2489,legitimate,en,"This is a call from your bank, Chase. We are confirming a large deposit of $15,000 made to your checking account today. If this transaction is incorrect, please call us back immediately.",11.94,['neutral'],['professional'],[],[],"{'words_count': 50, 'audio_path': 'audio/lot25/en_legit_2489.wav'}",audio\lot25_en_legit_2489.wav
lot25_en_legit_2495,legitimate,en,This message is from the Metropolitan Museum of Art. We are reminding members of the exclusive preview evening for our new 'Renaissance Masters' exhibit next Tuesday. Please bring your membership card for entry. We look forward to seeing you there. Thank you for supporting the arts.,16.57,['friendly'],['warm'],[],[],"{'words_count': 58, 'audio_path': 'audio/lot25/en_legit_2495.wav'}",audio\lot25_en_legit_2495.wav
lot25_en_fraud_2496,fraudulent,en,"Sweepstakes Winner! You have won an exclusive new $10,000 cash prize! This huge reward is waiting for you! To claim the prize, you must pay the immediate $600 administrative fee via three $200 'Prize Vouchers' using Target gift cards. This urgent offer is only valid for the next 45 minutes! You must act fast to secure this unique cash reward!",24.55,"['excitement', 'urgency']","['manipulative', 'urgent']","['reward', 'scarcity', 'urgency']",['irregular_speech'],"{'words_count': 105, 'audio_path': 'audio/lot25/en_fraud_2496.wav'}",audio\lot25_en_fraud_2496.wav
lot26_en_fraud_2506,fraudulent,en,"Urgent! Your name was mentioned in a DEA investigation regarding international drug trafficking. I am the Federal Judge, calling from Washington D.C. You face 20 years to life in prison. To avoid immediate indictment, you must immediately transfer $8,000 to the 'Court Custody Account' via a Bitcoin ATM. Obey my authority now. You must secure this one-time chance to prevent your arrest and gain the unique reward of clemency.",28.86,"['authority', 'fear']","['authoritative', 'threat']","['authority', 'threat', 'urgency', 'scarcity', 'reward']","['long_silence', 'irregular_speech']","{'words_count': 140, 'audio_path': 'audio/lot26/en_fraud_2506.wav'}",audio\lot26_en_fraud_2506.wav
lot26_en_fraud_2518,fraudulent,en,"Warning! Your computer has been hijacked by a highly advanced hacking group from China. I am the McAfee Support Technician. All your financial data is about to be stolen! To quarantine the system, you must immediately purchase a $700 'License Key' using Steam gift cards. Obey my authority now for this one-time chance to keep your data secure.",24.44,"['authority', 'fear']","['authoritative', 'threat']","['authority', 'threat', 'urgency', 'scarcity']","['long_silence', 'interruptions']","{'words_count': 120, 'audio_path': 'audio/lot26/en_fraud_2518.wav'}",audio\lot26_en_fraud_2518.wav
lot26_en_fraud_2524,fraudulent,en,"Urgent! Your green card application was flagged as fraudulent. I am the US Immigration Officer. You face immediate deportation. To halt the process, you must pay a $4,000 'Deportation Hold Fine' immediately via Reloadable Visa Cards. Obey my authority now to secure this one-time chance to keep your status.",23.57,"['authority', 'fear']","['authoritative', 'threat']","['authority', 'threat', 'urgency', 'scarcity']","['long_silence', 'irregular_speech']","{'words_count': 130, 'audio_path': 'audio/lot26/en_fraud_2524.wav'}",audio\lot26_en_fraud_2524.wav
lot26_en_fraud_2530,fraudulent,en,"Warning! Your Citibank account detected a suspicious transfer of $3,500 to Ukraine. I am the Bank Security Officer. Your money is about to be stolen! To block the transfer, you must immediately read me the 6-digit verification code I just sent to your phone. Obey my authority now. Act immediately to secure this unique chance to save your funds.",24.5,"['authority', 'anxiety']","['authoritative', 'threat']","['authority', 'threat', 'urgency', 'scarcity']","['interruptions', 'long_silence']","{'words_count': 120, 'audio_path': 'audio/lot26/en_fraud_2530.wav'}",audio\lot26_en_fraud_2530.wav
lot26_en_fraud_2536,fraudulent,en,"Warning! We detected a security breach on your Google account originating from Russia. I am the Google Security Expert. All your emails and photos are about to be published! To secure your account, you must immediately purchase four $250 'Security Tokens' using Walmart gift cards. Obey my authority now for this one-time chance to prevent the data leak.",25.53,"['authority', 'fear']","['authoritative', 'threat']","['authority', 'threat', 'urgency', 'scarcity']","['long_silence', 'irregular_speech']","{'words_count': 130, 'audio_path': 'audio/lot26/en_fraud_2536.wav'}",audio\lot26_en_fraud_2536.wav
lot26_en_fraud_2542,fraudulent,en,"Urgent! Your pilot's license was flagged for an illegal flight path over restricted airspace. I am the FAA Investigator. You face immediate grounding and license revocation. To stop the investigation, you must pay a $3,000 'Confidentiality Fee' via four $750 gift cards from Macy's. Obey my authority now. This is the only chance to secure the unique reward of keeping your license.",28.93,"['authority', 'fear']","['authoritative', 'threat']","['authority', 'threat', 'urgency', 'scarcity', 'reward']","['long_silence', 'irregular_speech']","{'words_count': 130, 'audio_path': 'audio/lot26/en_fraud_2542.wav'}",audio\lot26_en_fraud_2542.wav
lot26_en_fraud_2548,fraudulent,en,"Warning! Your business registration was used in a multi-million dollar corporate fraud scheme. I am the Federal Trade Commission (FTC) Officer. You face immediate business closure and financial ruin. To stop the asset freeze, you must immediately transfer $10,000 to the 'FTC Penalty Account' via Bitcoin. Obey my authority now to secure this unique reward of saving your company.",28.71,"['authority', 'fear']","['authoritative', 'threat']","['authority', 'threat', 'urgency', 'scarcity', 'reward']","['long_silence', 'interruptions']","{'words_count': 130, 'audio_path': 'audio/lot26/en_fraud_2548.wav'}",audio\lot26_en_fraud_2548.wav
lot26_en_legit_2553,legitimate,en,"This is a notification from the City Treasurer's Office. Following a review, you are entitled to a tax refund of $450. The amount will be directly deposited into your bank account within 3 business days. Thank you.",14.48,"['calm', 'reassuring']",['professional'],[],[],"{'words_count': 50, 'audio_path': 'audio/lot26/en_legit_2553.wav'}",audio\lot26_en_legit_2553.wav
lot26_en_legit_2571,legitimate,en,This is a message from American Express. Your new Platinum Card has been shipped and should arrive within 5-7 business days. Please remember to activate it upon receipt. Thank you for being a valued cardholder.,12.93,['neutral'],['professional'],[],[],"{'words_count': 50, 'audio_path': 'audio/lot26/en_legit_2571.wav'}",audio\lot26_en_legit_2571.wav
lot26_en_fraud_2572,fraudulent,en,"Exclusive reward! We have selected you for an exclusive pre-launch investment in a luxury real estate development in Miami, guaranteed to double your money in 6 months! This huge reward is extremely rare! You must invest $20,000 immediately via wire transfer to the 'Private Equity Escrow Account' I will provide. The window closes in 4 hours! Act now to secure this unique profit chance!",25.86,"['excitement', 'urgency']","['manipulative', 'urgent']","['reward', 'scarcity', 'urgency']",['irregular_speech'],"{'words_count': 120, 'audio_path': 'audio/lot26/en_fraud_2572.wav'}",audio\lot26_en_fraud_2572.wav
lot26_en_fraud_2578,fraudulent,en,"Warning! Your webcam was hacked and secretly recorded illegal activities in your home. I am the FBI Special Agent. You face immediate blackmail and public exposure. To stop the video release, you must immediately pay a $4,500 'Censorship Fee' using four $1,125 gift cards from Walmart. Obey my authority now for this one-time chance to protect your privacy.",28.67,"['authority', 'fear']","['authoritative', 'threat']","['authority', 'threat', 'urgency', 'scarcity']","['long_silence', 'interruptions']","{'words_count': 130, 'audio_path': 'audio/lot26/en_fraud_2578.wav'}",audio\lot26_en_fraud_2578.wav
lot26_en_fraud_2584,fraudulent,en,"Urgent! Your IRS tax filing was rejected, and you now face a major fine of $9,000 for tax evasion. I am the IRS Audit Officer. You face immediate legal action and property seizure. To stop the action, you must immediately purchase five $1,800 'Tax Penalty Vouchers' using Target gift cards. Obey my authority now to secure the unique reward of avoiding the fine.",28.71,"['authority', 'fear']","['authoritative', 'threat']","['authority', 'threat', 'urgency', 'scarcity', 'reward']","['long_silence', 'irregular_speech']","{'words_count': 130, 'audio_path': 'audio/lot26/en_fraud_2584.wav'}",audio\lot26_en_fraud_2584.wav
lot26_en_legit_2589,legitimate,en,This is a courtesy reminder from the Friends of the Library. Your library card is expiring next month. Please visit any branch to renew it and maintain access to all our digital services. Thank you for reading.,12.57,['friendly'],['warm'],[],[],"{'words_count': 50, 'audio_path': 'audio/lot26/en_legit_2589.wav'}",audio\lot26_en_legit_2589.wav
lot26_en_fraud_2590,fraudulent,en,"I am a high-ranking officer of the New York Police Department (NYPD). You were involved in a serious hit-and-run accident where a person was severely injured. You face felony charges. To stop the arrest warrant, you must immediately pay a $4,800 'Victim Compensation Fee' via MoneyGram. Obey my authority now. You must act fast to secure this reward of non-prosecution.",27.24,"['authority', 'fear']","['authoritative', 'threat']","['authority', 'threat', 'urgency', 'scarcity', 'reward']","['long_silence', 'irregular_speech']","{'words_count': 130, 'audio_path': 'audio/lot26/en_fraud_2590.wav'}",audio\lot26_en_fraud_2590.wav
lot26_en_fraud_2596,fraudulent,en,"Congratulations! You have been selected as the winner of an exclusive $2,000 Netflix Gift Card! This huge reward is waiting for you! To claim the unique prize, you must pay the immediate $50 administration fee via a $50 gift card from Google Play. This urgent offer is only valid for the next 60 minutes! You must act fast to secure your viewing.",22.8,"['excitement', 'urgency']","['manipulative', 'urgent']","['reward', 'scarcity', 'urgency']",['irregular_speech'],"{'words_count': 105, 'audio_path': 'audio/lot26/en_fraud_2596.wav'}",audio\lot26_en_fraud_2596.wav
lot27_en_legit_2611,legitimate,en,"This is a message from your local pharmacy, CVS. Your prescription for amoxicillin is ready for pickup. Please bring your insurance card and a valid ID. Our opening hours are until 9 PM tonight.",12.95,['neutral'],['professional'],[],[],"{'words_count': 50, 'audio_path': 'audio/lot27/en_legit_2611.wav'}",audio\lot27_en_legit_2611.wav
lot27_en_fraud_2612,fraudulent,en,"Congratulations! You have been selected for a rare investment opportunity in a pre-IPO tech startup, 'Quantum Leap', guaranteed to return 1000% in six months! This huge, unique reward is extremely rare! You must invest $25,000 immediately via a private cryptocurrency wallet address I will send you. This window of opportunity closes in 4 hours! Act now to secure this unique profit chance!",27.54,"['excitement', 'urgency']","['manipulative', 'urgent']","['reward', 'scarcity', 'urgency']",['irregular_speech'],"{'words_count': 120, 'audio_path': 'audio/lot27/en_fraud_2612.wav'}",audio\lot27_en_fraud_2612.wav
lot27_en_fraud_2618,fraudulent,en,"Warning! Your Amazon account was used to purchase $4,000 worth of Bitcoin. I am the Amazon Fraud Investigator. Your credit card is about to be charged! To cancel the purchase, you must immediately read me the security code I just sent to your phone. Obey my authority now for this one-time chance to prevent the theft.",22.11,"['authority', 'anxiety']","['authoritative', 'threat']","['authority', 'threat', 'urgency', 'scarcity']","['long_silence', 'interruptions']","{'words_count': 120, 'audio_path': 'audio/lot27/en_fraud_2618.wav'}",audio\lot27_en_fraud_2618.wav
lot27_en_fraud_2624,fraudulent,en,"Urgent! Your social security number was used to open 15 fraudulent bank accounts in Texas. I am the US Social Security Administration Officer. You face identity theft charges. To halt the prosecution, you must pay a $5,500 'Settlement Fee' immediately via six $916 eBay gift cards. Obey my authority now to secure this one-time chance to clear your name.",28.48,"['authority', 'fear']","['authoritative', 'threat']","['authority', 'threat', 'urgency', 'scarcity']","['long_silence', 'irregular_speech']","{'words_count': 130, 'audio_path': 'audio/lot27/en_fraud_2624.wav'}",audio\lot27_en_fraud_2624.wav
lot27_en_fraud_2630,fraudulent,en,"Warning! Your Wells Fargo account detected a suspicious transaction of $5,000 to Nigeria. I am the Bank Security Manager. Your money is about to be stolen! To block the transfer, you must immediately read me the security questions and answers you set up for your online banking. Obey my authority now. Act immediately to secure this unique chance to save your funds.",25.49,"['authority', 'anxiety']","['authoritative', 'threat']","['authority', 'threat', 'urgency', 'scarcity']","['interruptions', 'long_silence']","{'words_count': 120, 'audio_path': 'audio/lot27/en_fraud_2630.wav'}",audio\lot27_en_fraud_2630.wav
lot27_en_fraud_2636,fraudulent,en,"Warning! Your Microsoft Windows license key was flagged for use by a terrorist organization in Pakistan. I am the FBI Cyber Security Agent. You are now complicit in a federal crime! To secure your innocence, you must immediately purchase five $300 'Clean Slate' vouchers using Apple gift cards. Obey my authority now for this one-time chance to prevent the data leak.",26.75,"['authority', 'fear']","['authoritative', 'threat']","['authority', 'threat', 'urgency', 'scarcity']","['long_silence', 'irregular_speech']","{'words_count': 130, 'audio_path': 'audio/lot27/en_fraud_2636.wav'}",audio\lot27_en_fraud_2636.wav
lot27_en_fraud_2642,fraudulent,en,"Urgent! Your medical records were exposed in a massive data breach. I am the CDC Investigator. You are now at risk of being denied healthcare access. To stop the records from being blacklisted, you must pay a $4,500 'Data Security Fee' via four $1,125 Vanilla Visa gift cards. Obey my authority now. This is the only chance to secure the unique reward of keeping your access.",28.83,"['authority', 'fear']","['authoritative', 'threat']","['authority', 'threat', 'urgency', 'scarcity', 'reward']","['long_silence', 'irregular_speech']","{'words_count': 130, 'audio_path': 'audio/lot27/en_fraud_2642.wav'}",audio\lot27_en_fraud_2642.wav
lot27_en_fraud_2648,fraudulent,en,"Warning! Your identity was used in a massive money laundering operation tied to an international cartel. I am the US Marshal. You face immediate incarceration and the seizure of all your bank accounts. To stop the asset freeze, you must immediately transfer $15,000 to the 'Court Mandated Escrow Account' via Ethereum. Obey my authority now to secure this unique reward of saving your freedom.",28.29,"['authority', 'fear']","['authoritative', 'threat']","['authority', 'threat', 'urgency', 'scarcity', 'reward']","['long_silence', 'interruptions']","{'words_count': 130, 'audio_path': 'audio/lot27/en_fraud_2648.wav'}",audio\lot27_en_fraud_2648.wav
lot27_en_legit_2653,legitimate,en,This is a notification from Fidelity Investments. Your quarterly statement is now available for download in your online account portal. No activity has been detected. Please review your portfolio performance.,12.98,"['calm', 'reassuring']",['professional'],[],[],"{'words_count': 50, 'audio_path': 'audio/lot27/en_legit_2653.wav'}",audio\lot27_en_legit_2653.wav
lot27_en_fraud_2666,fraudulent,en,"Urgent! Your passport was flagged for suspicious activity at the Turkish border. I am the Homeland Security Agent. You face immediate revocation of your citizenship. To stop the penalty, you must pay an $8,000 'Passport Clearance Fee' immediately via untraceable crypto, specifically Monero. Obey my authority now. You must act fast to secure the unique reward of keeping your citizenship.",27.29,"['authority', 'fear']","['authoritative', 'threat']","['authority', 'threat', 'urgency', 'scarcity', 'reward']","['long_silence', 'irregular_speech']","{'words_count': 130, 'audio_path': 'audio/lot27/en_fraud_2666.wav'}",audio\lot27_en_fraud_2666.wav
lot27_en_legit_2671,legitimate,en,"This is a message from Chase Bank. We are updating our terms and conditions for all credit card holders, effective October 1st. You can find the summary of changes in the letter mailed to your address. Thank you.",13.01,['neutral'],['professional'],[],[],"{'words_count': 50, 'audio_path': 'audio/lot27/en_legit_2671.wav'}",audio\lot27_en_legit_2671.wav
lot27_en_fraud_2672,fraudulent,en,"Exclusive reward! We have selected you for an exclusive pre-launch investment in a revolutionary medical device company, 'Bio-Regen', guaranteed to cure cancer! This huge reward is extremely rare! You must invest $50,000 immediately via wire transfer to the 'Private Investment Fund Account' I will provide. The window closes in 2 hours! Act now to secure this unique profit chance!",25.64,"['excitement', 'urgency']","['manipulative', 'urgent']","['reward', 'scarcity', 'urgency']",['irregular_speech'],"{'words_count': 120, 'audio_path': 'audio/lot27/en_fraud_2672.wav'}",audio\lot27_en_fraud_2672.wav
lot27_en_fraud_2678,fraudulent,en,"Warning! Your computer was used to download child pornography. I am the FBI Cyber Crimes Unit Chief. You face immediate arrest and registration as a sex offender. To stop the police from raiding your home, you must immediately pay a $6,000 'Reputation Control Fee' using four $1,500 Amazon gift cards. Obey my authority now for this one-time chance to protect your freedom.",27.39,"['authority', 'fear']","['authoritative', 'threat']","['authority', 'threat', 'urgency', 'scarcity']","['long_silence', 'interruptions']","{'words_count': 130, 'audio_path': 'audio/lot27/en_fraud_2678.wav'}",audio\lot27_en_fraud_2678.wav
lot27_en_fraud_2684,fraudulent,en,"Urgent! Your IRS tax filing for this year was flagged for underreporting income by $50,000. I am the IRS Chief Auditor. You face a major tax fraud penalty of $12,000. To stop the legal action, you must immediately purchase six $2,000 'Tax Amnesty Vouchers' using Target gift cards. Obey my authority now to secure the unique reward of avoiding the fine.",27.06,"['authority', 'fear']","['authoritative', 'threat']","['authority', 'threat', 'urgency', 'scarcity', 'reward']","['long_silence', 'irregular_speech']","{'words_count': 130, 'audio_path': 'audio/lot27/en_fraud_2684.wav'}",audio\lot27_en_fraud_2684.wav
lot27_en_fraud_2690,fraudulent,en,"I am a high-ranking officer of the Department of Homeland Security. Your phone number was linked to an international scam network. You face massive federal charges for fraud. To stop the criminal proceedings, you must immediately pay a $6,800 'Clemency Fee' via MoneyGram. Obey my authority now. You must act fast to secure this reward of non-prosecution.",25.47,"['authority', 'fear']","['authoritative', 'threat']","['authority', 'threat', 'urgency', 'scarcity', 'reward']","['long_silence', 'irregular_speech']","{'words_count': 130, 'audio_path': 'audio/lot27/en_fraud_2690.wav'}",audio\lot27_en_fraud_2690.wav
lot27_en_fraud_2696,fraudulent,en,"Congratulations! You have been selected as the winner of an exclusive $3,000 Travel Voucher for the Caribbean! This huge reward is waiting for you! To claim the unique prize, you must pay the immediate $100 administration fee via a $100 gift card from Amazon. This urgent offer is only valid for the next 90 minutes! You must act fast to secure your luxury trip.",24.06,"['excitement', 'urgency']","['manipulative', 'urgent']","['reward', 'scarcity', 'urgency']",['irregular_speech'],"{'words_count': 105, 'audio_path': 'audio/lot27/en_fraud_2696.wav'}",audio\lot27_en_fraud_2696.wav
lot28_en_legit_2705,legitimate,en,Hello. This is a notification from Cigna Health Insurance. Your claim for the recent hospitalization has been processed and approved. The reimbursement will be sent to your bank account within 5 business days. You can view the full statement online.,15.1,"['calm', 'reassuring']",['professional'],[],[],"{'words_count': 50, 'audio_path': 'audio/lot28/en_legit_2705.wav'}",audio\lot28_en_legit_2705.wav
lot28_en_fraud_2712,fraudulent,en,"Warning! We detected an attempt to transfer $1,500 from your Venmo account to an unknown recipient in Russia. I am the Venmo Security Officer. To block this fraudulent transfer, you must immediately read me the temporary security code I just sent to your phone. Obey my authority now. Act immediately to secure this unique chance to save your funds.",22.33,"['authority', 'anxiety']","['authoritative', 'threat']","['authority', 'threat', 'urgency', 'scarcity']",['irregular_speech'],"{'words_count': 120, 'audio_path': 'audio/lot28/en_fraud_2712.wav'}",audio\lot28_en_fraud_2712.wav
lot28_en_fraud_2718,fraudulent,en,"Warning! Your identity was flagged for drug trafficking charges across state lines. I am the DEA Special Agent. You face immediate federal incarceration. To secure a 'Warrant Suspension', you must immediately purchase six $1,000 gift cards from Macy's and send me the codes. Obey my authority now. You must secure this one-time chance to prevent your arrest!",24.24,"['authority', 'fear']","['authoritative', 'threat']","['authority', 'threat', 'urgency', 'scarcity']","['long_silence', 'interruptions']","{'words_count': 130, 'audio_path': 'audio/lot28/en_fraud_2718.wav'}",audio\lot28_en_fraud_2718.wav
lot28_en_fraud_2724,fraudulent,en,"Urgent! Your social security number was flagged for fraudulent activity related to a mortgage application. I am the US Social Security Administration Officer. You face immediate fraud charges. To halt the legal action, you must immediately purchase six $850 'Immunity Vouchers' using Steam gift cards. Obey my authority now to secure this one-time chance to clear your name.",26.59,"['authority', 'fear']","['authoritative', 'threat']","['authority', 'threat', 'urgency', 'scarcity']","['long_silence', 'irregular_speech']","{'words_count': 130, 'audio_path': 'audio/lot28/en_fraud_2724.wav'}",audio\lot28_en_fraud_2724.wav
lot28_en_legit_2729,legitimate,en,This is a courtesy reminder from T-Mobile. You have a remaining balance of $45 from last month's bill. Please ensure your payment is made by the 15th to avoid a late fee and potential service interruption. Thank you for your continued business.,15.48,['neutral'],['professional'],[],[],"{'words_count': 50, 'audio_path': 'audio/lot28/en_legit_2729.wav'}",audio\lot28_en_legit_2729.wav
lot28_en_fraud_2730,fraudulent,en,"Warning! Your PayPal account detected a suspicious purchase of $3,500 for gold bars in Singapore. I am the PayPal Fraud Prevention Specialist. Your money is about to be stolen! To block the transfer, you must immediately provide me with your full 16-digit credit card number and the security code on the back. Obey my authority now. Act immediately to secure this unique chance to save your funds.",27.77,"['authority', 'anxiety']","['authoritative', 'threat']","['authority', 'threat', 'urgency', 'scarcity']","['interruptions', 'long_silence']","{'words_count': 120, 'audio_path': 'audio/lot28/en_fraud_2730.wav'}",audio\lot28_en_fraud_2730.wav
lot28_en_fraud_2736,fraudulent,en,"Warning! Your computer has been hacked and all your financial login details are compromised. I am the US Cyber Command Chief. To stop all future theft attempts and secure your data, you must immediately purchase $4,000 worth of Bitcoin from the nearest ATM and transfer it to the 'Secure Government Wallet'. Obey my authority now. You must act fast to secure this reward of non-compromise.",27.66,"['authority', 'fear']","['authoritative', 'threat']","['authority', 'threat', 'urgency', 'scarcity', 'reward']","['long_silence', 'irregular_speech']","{'words_count': 130, 'audio_path': 'audio/lot28/en_fraud_2736.wav'}",audio\lot28_en_fraud_2736.wav
lot28_en_fraud_2742,fraudulent,en,"Urgent! An unknown relative from a royal family in Europe has died and left you a massive inheritance of $10 million! This huge, unique reward is rare! To complete the legal transfer and secure your funds, you must immediately pay a $9,000 'Transfer Tax Fee' via Bitcoin. Obey my authority now. You must act fast to secure this unique profit chance!",26.63,"['excitement', 'urgency']","['manipulative', 'urgent']","['reward', 'scarcity', 'urgency']","['long_silence', 'irregular_speech']","{'words_count': 130, 'audio_path': 'audio/lot28/en_fraud_2742.wav'}",audio\lot28_en_fraud_2742.wav
lot28_en_fraud_2748,fraudulent,en,"Warning! Your identity was used in a massive credit card fraud operation involving over 50 victims. I am the Secret Service Agent. You face immediate arrest and extradition to another state. To stop the police from seizing your home, you must immediately transfer $18,000 to the 'Federal Restitution Account' via Zelle. Obey my authority now to secure this unique reward of saving your assets.",28.12,"['authority', 'fear']","['authoritative', 'threat']","['authority', 'threat', 'urgency', 'scarcity', 'reward']","['long_silence', 'interruptions']","{'words_count': 130, 'audio_path': 'audio/lot28/en_fraud_2748.wav'}",audio\lot28_en_fraud_2748.wav
lot28_en_legit_2753,legitimate,en,This is a notification from the City of Chicago. We are implementing a new recycling schedule starting next month. Please refer to the mailer we sent you for your new pickup days. Thank you for helping us keep our city clean.,13.14,['neutral'],['professional'],[],[],"{'words_count': 50, 'audio_path': 'audio/lot28/en_legit_2753.wav'}",audio\lot28_en_legit_2753.wav
lot28_en_fraud_2754,fraudulent,en,"Warning! Your computer has been identified as a source of illegal money transfers from the Cayman Islands. I am the US Department of Treasury Agent. You face immediate forfeiture of all your bank accounts. To stop the asset seizure, you must immediately purchase six $1,250 'Compliance Vouchers' using Walmart gift cards. Obey my authority now. You must secure this unique chance to keep your assets.",28.42,"['authority', 'fear']","['authoritative', 'threat']","['authority', 'threat', 'urgency', 'scarcity']","['long_silence', 'interruptions']","{'words_count': 130, 'audio_path': 'audio/lot28/en_fraud_2754.wav'}",audio\lot28_en_fraud_2754.wav
lot28_en_fraud_2760,fraudulent,en,"Warning! Your business was audited and flagged for massive payroll tax evasion over the last three years. I am the IRS Criminal Investigation Division Chief. You face immediate closure and criminal prosecution. To stop the audit, you must immediately pay a $10,000 'Settlement Fee' using six $1,666 gift cards from CVS Pharmacy. Obey my authority now for this one-time chance to save your business.",30.27,"['authority', 'fear']","['authoritative', 'threat']","['authority', 'threat', 'urgency', 'scarcity']","['long_silence', 'interruptions']","{'words_count': 130, 'audio_path': 'audio/lot28/en_fraud_2760.wav'}",audio\lot28_en_fraud_2760.wav
lot28_en_fraud_2766,fraudulent,en,"Urgent! Your passport was flagged for suspicious activity at the Mexican border. I am the US Customs and Border Protection Officer. You face immediate revocation of your travel documents. To stop the penalty, you must pay a $7,500 'Immigration Clearance Fee' immediately via untraceable crypto, specifically Dogecoin. Obey my authority now. You must act fast to secure the unique reward of keeping your travel documents.",30.85,"['authority', 'fear']","['authoritative', 'threat']","['authority', 'threat', 'urgency', 'scarcity', 'reward']","['long_silence', 'irregular_speech']","{'words_count': 130, 'audio_path': 'audio/lot28/en_fraud_2766.wav'}",audio\lot28_en_fraud_2766.wav
lot28_en_fraud_2772,fraudulent,en,"Exclusive reward! We have selected you for an exclusive investment in a land deal in the Bahamas, guaranteed to return 500% profit in three months! This huge reward is extremely rare! You must invest $40,000 immediately via a private cryptocurrency wallet address I will send you. The window closes in 3 hours! Act now to secure this unique profit chance!",24.28,"['excitement', 'urgency']","['manipulative', 'urgent']","['reward', 'scarcity', 'urgency']",['irregular_speech'],"{'words_count': 120, 'audio_path': 'audio/lot28/en_fraud_2772.wav'}",audio\lot28_en_fraud_2772.wav
lot28_en_fraud_2778,fraudulent,en,"Warning! Your computer was used to download top-secret government documents. I am the NSA Counter-Intelligence Director. You face immediate treason charges. To stop the agents from raiding your home, you must immediately pay a $6,500 'Confidentiality Fee' using five $1,300 gift cards from Google Play. Obey my authority now for this one-time chance to protect your freedom.",29.05,"['authority', 'fear']","['authoritative', 'threat']","['authority', 'threat', 'urgency', 'scarcity']","['long_silence', 'interruptions']","{'words_count': 130, 'audio_path': 'audio/lot28/en_fraud_2778.wav'}",audio\lot28_en_fraud_2778.wav
lot28_en_fraud_2784,fraudulent,en,"Urgent! Your IRS tax payment was flagged as fraudulent and is linked to an international scam ring. I am the IRS Chief Tax Agent. You face a major tax fraud penalty of $11,000. To stop the criminal proceedings, you must immediately purchase eight $1,375 'Tax Relief Vouchers' using Best Buy gift cards. Obey my authority now to secure the unique reward of avoiding the fine.",29.2,"['authority', 'fear']","['authoritative', 'threat']","['authority', 'threat', 'urgency', 'scarcity', 'reward']","['long_silence', 'irregular_speech']","{'words_count': 130, 'audio_path': 'audio/lot28/en_fraud_2784.wav'}",audio\lot28_en_fraud_2784.wav
lot28_en_fraud_2790,fraudulent,en,"I am a high-ranking officer of the US Military Intelligence. Your social media account was linked to an espionage ring in China. You face massive federal charges for betraying the country. To stop the criminal proceedings, you must immediately pay a $7,200 'Confidentiality Fee' via Western Union. Obey my authority now. You must act fast to secure this reward of non-prosecution.",27.39,"['authority', 'fear']","['authoritative', 'threat']","['authority', 'threat', 'urgency', 'scarcity', 'reward']","['long_silence', 'irregular_speech']","{'words_count': 130, 'audio_path': 'audio/lot28/en_fraud_2790.wav'}",audio\lot28_en_fraud_2790.wav
lot28_en_fraud_2796,fraudulent,en,"Congratulations! You have been selected as the winner of an exclusive $5,000 Shopping Spree at Macy's! This huge reward is waiting for you! To claim the unique prize, you must pay the immediate $150 administration fee via a $150 gift card from Target. This urgent offer is only valid for the next 60 minutes! You must act fast to secure your luxury shopping spree.",24.9,"['excitement', 'urgency']","['manipulative', 'urgent']","['reward', 'scarcity', 'urgency']",['irregular_speech'],"{'words_count': 105, 'audio_path': 'audio/lot28/en_fraud_2796.wav'}",audio\lot28_en_fraud_2796.wav
lot29_en_fraud_2806,fraudulent,en,"Warning! We have intercepted a threat against your daughter, who has been kidnapped. I am the US Federal Marshal. You must immediately pay a $25,000 'Ransom Fee' via MoneyGram to a location in Mexico. Obey my authority! You have 30 minutes to act to secure the unique reward of her safe return. Do not call the police!",24.71,"['authority', 'fear']","['authoritative', 'threat']","['authority', 'threat', 'urgency', 'scarcity', 'reward']","['long_silence', 'irregular_speech']","{'words_count': 120, 'audio_path': 'audio/lot29/en_fraud_2806.wav'}",audio\lot29_en_fraud_2806.wav
lot29_en_fraud_2812,fraudulent,en,"Warning! Your Microsoft Windows license key is invalid and your PC will be locked in 15 minutes. I am a Microsoft Security Expert. To prevent the shutdown and secure a valid license, you must immediately purchase a $900 'Activation Voucher' using Amazon gift cards and send me the codes. Obey my authority now. You must act immediately to secure this unique reward of an activated PC.",26.06,"['authority', 'anxiety']","['authoritative', 'threat']","['authority', 'threat', 'urgency', 'scarcity', 'reward']",['irregular_speech'],"{'words_count': 120, 'audio_path': 'audio/lot29/en_fraud_2812.wav'}",audio\lot29_en_fraud_2812.wav
lot29_en_fraud_2818,fraudulent,en,"Warning! Your Social Security benefits were flagged because you opened an unauthorized account overseas. I am the SSA Inspector General. You face immediate loss of all future benefits. To stop the suspension and secure an 'Immunity Voucher', you must immediately purchase six $750 gift cards from iTunes and send me the codes. Obey my authority now. You must secure this one-time chance to prevent the loss of your money!",30.32,"['authority', 'fear']","['authoritative', 'threat']","['authority', 'threat', 'urgency', 'scarcity']","['long_silence', 'interruptions']","{'words_count': 130, 'audio_path': 'audio/lot29/en_fraud_2818.wav'}",audio\lot29_en_fraud_2818.wav
lot29_en_fraud_2824,fraudulent,en,"Congratulations! You won the grand prize in the American MegaMillions Lottery: a cash reward of $500,000! This huge, unique reward is rare! To complete the transfer and receive your massive prize, you must immediately pay a $4,500 'Luxury Tax Fee' via wire transfer. You must act fast to secure this unique profit chance, the deadline is in 2 hours!",27.41,"['excitement', 'urgency']","['manipulative', 'urgent']","['reward', 'scarcity', 'urgency']","['long_silence', 'interruptions']","{'words_count': 120, 'audio_path': 'audio/lot29/en_fraud_2824.wav'}",audio\lot29_en_fraud_2824.wav
lot29_en_legit_2829,legitimate,en,This is a message from Chase Bank. Your mortgage statement for this quarter is now available in your online documents section. Please review it for important updates regarding your interest rate and escrow balance. Thank you for being a valued customer.,14.89,"['calm', 'reassuring']",['professional'],[],[],"{'words_count': 50, 'audio_path': 'audio/lot29/en_legit_2829.wav'}",audio\lot29_en_legit_2829.wav
lot29_en_fraud_2830,fraudulent,en,"Urgent! Your electricity bill is past due by $800 and power will be disconnected in 30 minutes. I am the Power Company Collections Agent. To prevent the immediate shut-off, you must pay the full amount using Bitcoin transferred from the nearest ATM. Obey my authority now. You must act fast to secure the unique reward of avoiding a costly reconnection fee.",25.42,"['authority', 'urgency']","['authoritative', 'threat']","['authority', 'threat', 'urgency', 'scarcity', 'reward']","['interruptions', 'long_silence']","{'words_count': 120, 'audio_path': 'audio/lot29/en_fraud_2830.wav'}",audio\lot29_en_fraud_2830.wav
lot29_en_fraud_2836,fraudulent,en,"Warning! An arrest warrant was issued in your name for felony identity fraud across three states. I am the FBI Special Agent in Charge. You face immediate incarceration. To secure a 'Warrant Suspension', you must immediately purchase eight $1,250 gift cards from Target and send me the codes. Obey my authority now. You must secure this one-time chance to prevent your arrest!",27.69,"['authority', 'fear']","['authoritative', 'threat']","['authority', 'threat', 'urgency', 'scarcity']","['long_silence', 'irregular_speech']","{'words_count': 130, 'audio_path': 'audio/lot29/en_fraud_2836.wav'}",audio\lot29_en_fraud_2836.wav
lot29_en_legit_2841,legitimate,en,This is a notification from the New York City Department of Finance. Your property tax payment is due on December 31st. You can pay online or by mail. Failure to pay on time will result in penalties and interest charges. Please pay promptly.,15.82,['neutral'],['professional'],[],[],"{'words_count': 50, 'audio_path': 'audio/lot29/en_legit_2841.wav'}",audio\lot29_en_legit_2841.wav
lot29_en_fraud_2842,fraudulent,en,"Urgent! Your Amazon Seller account was used to sell counterfeit goods and is now frozen. I am the Amazon Fraud Prevention Manager. To unfreeze your account and secure your sales, you must immediately purchase $1,000 in Google Play gift cards as a 'Reactivation Fee'. Obey my authority now. You must act fast to secure the unique reward of saving your business and profits.",25.66,"['authority', 'anxiety']","['authoritative', 'threat']","['authority', 'threat', 'urgency', 'scarcity', 'reward']","['long_silence', 'irregular_speech']","{'words_count': 120, 'audio_path': 'audio/lot29/en_fraud_2842.wav'}",audio\lot29_en_fraud_2842.wav
lot29_en_fraud_2854,fraudulent,en,"Warning! Your cell phone number was used to transmit illegal trade secrets across continents. I am the US Director of Trade Security. You face severe economic espionage charges. To stop the investigation, you must immediately purchase five $1,000 gift cards from Apple Store and send me the codes. Obey my authority now. You must secure this unique chance to keep your freedom.",26.56,"['authority', 'fear']","['authoritative', 'threat']","['authority', 'threat', 'urgency', 'scarcity']","['long_silence', 'interruptions']","{'words_count': 130, 'audio_path': 'audio/lot29/en_fraud_2854.wav'}",audio\lot29_en_fraud_2854.wav
lot29_en_legit_2859,legitimate,en,This is a courtesy reminder from Netflix. Your monthly subscription payment of $19.99 is scheduled for renewal tomorrow. Please ensure your payment information is up-to-date to avoid any interruption in your streaming service. Enjoy your shows.,15.7,['friendly'],['warm'],[],[],"{'words_count': 50, 'audio_path': 'audio/lot29/en_legit_2859.wav'}",audio\lot29_en_legit_2859.wav
lot29_en_fraud_2860,fraudulent,en,"Congratulations! You won the Publishers Clearing House $10 Million Sweepstakes! This unique, huge reward is rare! To process the final transfer and receive your massive cash prize, you must immediately pay a $1,500 'Legal Processing Fee' using six $250 gift cards from Vanilla Visa. This urgent offer is only valid for the next 90 minutes! Act now to secure your funds!",28.63,"['excitement', 'urgency']","['manipulative', 'urgent']","['reward', 'scarcity', 'urgency']","['long_silence', 'interruptions']","{'words_count': 120, 'audio_path': 'audio/lot29/en_fraud_2860.wav'}",audio\lot29_en_fraud_2860.wav
lot29_en_fraud_2866,fraudulent,en,"Warning! You were mistakenly sent a $5,000 refund from Microsoft, which is $4,000 too much. I am the Microsoft Accountant. To avoid a felony charge for theft, you must immediately return the excess $4,000 by reading me your bank account and routing number. Obey my authority now for this one-time chance to prevent a criminal charge.",24.13,"['authority', 'fear']","['authoritative', 'threat']","['authority', 'threat', 'urgency', 'scarcity']","['long_silence', 'interruptions']","{'words_count': 120, 'audio_path': 'audio/lot29/en_fraud_2866.wav'}",audio\lot29_en_fraud_2866.wav
lot29_en_fraud_2878,fraudulent,en,"Warning! Your family member was accepted into the DEA's Witness Protection Program, but the moving fund is short $10,000. I am the DEA Director of Operations. You face immediate termination of their protection. To secure the fund, you must immediately transfer $10,000 via a private cash transfer service I will specify. Obey my authority now for this one-time chance to protect your loved one.",27.75,"['authority', 'fear']","['authoritative', 'threat']","['authority', 'threat', 'urgency', 'scarcity']","['long_silence', 'irregular_speech']","{'words_count': 130, 'audio_path': 'audio/lot29/en_fraud_2878.wav'}",audio\lot29_en_fraud_2878.wav
lot29_en_fraud_2884,fraudulent,en,"Warning! Your Social Security benefits were found to be linked to a terrorist financing cell in the Middle East. I am the SSA Director of Security. You face immediate suspension of all monthly payments. To stop the termination and secure an 'Immunity Voucher', you must immediately purchase six $900 gift cards from Apple Store and send me the codes. Obey my authority now. You must secure this one-time chance to prevent the loss of your money!",30.2,"['authority', 'fear']","['authoritative', 'threat']","['authority', 'threat', 'urgency', 'scarcity']","['long_silence', 'irregular_speech']","{'words_count': 130, 'audio_path': 'audio/lot29/en_fraud_2884.wav'}",audio\lot29_en_fraud_2884.wav
lot29_en_fraud_2890,fraudulent,en,"Warning! Your computer was flagged for attempting to access classified NASA files. I am the US FBI Chief Investigator. Your assets will be frozen and you face immediate incarceration. To secure an 'Executive Pardon', you must immediately purchase eight $1,500 gift cards from Amazon and send me the codes. Obey my authority now. You must act fast to secure the unique reward of your freedom.",28.05,"['authority', 'fear']","['authoritative', 'threat']","['authority', 'threat', 'urgency', 'scarcity', 'reward']","['long_silence', 'irregular_speech']","{'words_count': 130, 'audio_path': 'audio/lot29/en_fraud_2890.wav'}",audio\lot29_en_fraud_2890.wav
lot29_en_legit_2895,legitimate,en,This is a notification from your bank's security department. We have updated our online banking security protocols. Please use a stronger password and enable two-factor authentication on your account for enhanced protection. Your safety is our priority.,15.32,['neutral'],['professional'],[],[],"{'words_count': 50, 'audio_path': 'audio/lot29/en_legit_2895.wav'}",audio\lot29_en_legit_2895.wav
lot29_en_fraud_2896,fraudulent,en,"Exclusive reward! We have selected you for an exclusive investment in a renewable energy fund, guaranteed to return 400% profit in three months! This huge reward is extremely rare! You must invest $30,000 immediately via a private Bitcoin wallet address I will send you. The window closes in 4 hours! Act now to secure this unique profit chance!",23.65,"['excitement', 'urgency']","['manipulative', 'urgent']","['reward', 'scarcity', 'urgency']",['irregular_speech'],"{'words_count': 120, 'audio_path': 'audio/lot29/en_fraud_2896.wav'}",audio\lot29_en_fraud_2896.wav
lot30_en_fraud_2906,fraudulent,en,"Warning! You have won a $500,000 grant from the Bill & Melinda Gates Foundation. This huge, unique reward is rare! I am the Foundation’s Legal Administrator. To secure this life-changing reward, you must immediately pay a $3,500 'Transfer Processing Fee' using Western Union to a specific African location. Obey my authority! You have 60 minutes to act to secure your grant. Do not miss this unique chance!",30.77,"['authority', 'excitement']","['authoritative', 'manipulative']","['authority', 'urgency', 'scarcity', 'reward']","['long_silence', 'irregular_speech']","{'words_count': 130, 'audio_path': 'audio/lot30/en_fraud_2906.wav'}",audio\lot30_en_fraud_2906.wav
lot30_en_fraud_2912,fraudulent,en,"Warning! Your computer was hacked, and your online crypto wallet containing $15,000 is about to be emptied. I am the Crypto Security Expert. To prevent the loss and secure your funds, you must immediately transfer all your crypto to a 'Safe Wallet Address' I will provide. Obey my authority now. You must act immediately to secure this unique reward of saving your investment.",23.61,"['authority', 'anxiety']","['authoritative', 'threat']","['authority', 'threat', 'urgency', 'scarcity', 'reward']",['irregular_speech'],"{'words_count': 120, 'audio_path': 'audio/lot30/en_fraud_2912.wav'}",audio\lot30_en_fraud_2912.wav
lot30_en_legit_2917,legitimate,en,This is a message from your local pharmacy. Your prescription for Lipitor is ready for pickup. Please bring your insurance card and a valid ID. Our opening hours are from 9 AM to 7 PM. Thank you for choosing us.,13.77,"['calm', 'reassuring']",['professional'],[],[],"{'words_count': 50, 'audio_path': 'audio/lot30/en_legit_2917.wav'}",audio\lot30_en_legit_2917.wav
lot30_en_fraud_2918,fraudulent,en,"Warning! We have intercepted a threat against your grandson/granddaughter. I am the US Federal Marshal. You must immediately pay a $25,000 'Bail Fee' via MoneyGram to a specific location in Mexico to secure their safe return. Obey my authority! You have 45 minutes to act to secure the unique reward of their safety. Do not attempt to call the police or their parents!",25.9,"['authority', 'fear']","['authoritative', 'threat']","['authority', 'threat', 'urgency', 'scarcity', 'reward']","['long_silence', 'interruptions']","{'words_count': 130, 'audio_path': 'audio/lot30/en_fraud_2918.wav'}",audio\lot30_en_fraud_2918.wav
lot30_en_fraud_2924,fraudulent,en,"Congratulations! You won the grand prize in the Canadian Lotto Max: a cash reward of $1 Million! This huge, unique reward is rare! To complete the transfer and receive your massive prize, you must immediately pay a $6,000 'Administrative Fee' via wire transfer. You must act fast to secure this unique profit chance, the deadline is in 90 minutes!",27.0,"['excitement', 'urgency']","['manipulative', 'urgent']","['reward', 'scarcity', 'urgency']","['long_silence', 'interruptions']","{'words_count': 120, 'audio_path': 'audio/lot30/en_fraud_2924.wav'}",audio\lot30_en_fraud_2924.wav
lot30_en_fraud_2930,fraudulent,en,"Urgent! Your utilities bill is past due by $750 and water service will be disconnected in 1 hour. I am the Water Department Collections Agent. To prevent the immediate shut-off, you must pay the full amount using Bitcoin transferred from the nearest ATM. Obey my authority now. You must act fast to secure the unique reward of avoiding a costly reconnection fee.",25.41,"['authority', 'urgency']","['authoritative', 'threat']","['authority', 'threat', 'urgency', 'scarcity', 'reward']","['interruptions', 'long_silence']","{'words_count': 120, 'audio_path': 'audio/lot30/en_fraud_2930.wav'}",audio\lot30_en_fraud_2930.wav
lot30_en_fraud_2936,fraudulent,en,"Warning! An arrest warrant was issued in your name for felony tax evasion on unreported foreign income. I am the IRS Special Agent in Charge. You face immediate incarceration. To secure a 'Warrant Suspension', you must immediately purchase ten $1,000 gift cards from Target and send me the codes. Obey my authority now. You must secure this one-time chance to prevent your arrest!",27.17,"['authority', 'fear']","['authoritative', 'threat']","['authority', 'threat', 'urgency', 'scarcity']","['long_silence', 'irregular_speech']","{'words_count': 130, 'audio_path': 'audio/lot30/en_fraud_2936.wav'}",audio\lot30_en_fraud_2936.wav
lot30_en_fraud_2942,fraudulent,en,"Urgent! Your PayPal account was used for a fraudulent purchase of $1,200 for virtual currency. I am the PayPal Fraud Prevention Manager. To reverse the transaction and secure your account, you must immediately purchase $500 in Google Play gift cards as a 'Verification Fee'. Obey my authority now. You must act fast to secure the unique reward of saving your money.",25.89,"['authority', 'anxiety']","['authoritative', 'threat']","['authority', 'threat', 'urgency', 'scarcity', 'reward']","['long_silence', 'irregular_speech']","{'words_count': 120, 'audio_path': 'audio/lot30/en_fraud_2942.wav'}",audio\lot30_en_fraud_2942.wav
lot30_en_legit_2947,legitimate,en,This is a notification from AT&T. Your monthly phone bill is ready and due on the 25th. The total amount is $135. You can pay your bill via our mobile application or by calling the automated payment line. Thank you for your continued business.,16.98,['neutral'],['professional'],[],[],"{'words_count': 50, 'audio_path': 'audio/lot30/en_legit_2947.wav'}",audio\lot30_en_legit_2947.wav
lot30_en_fraud_2954,fraudulent,en,"Warning! Your credit report shows a massive, unauthorized loan taken out in your name for $80,000. I am the US Director of Consumer Protection. You face immediate liability for the debt. To stop the loan approval, you must immediately purchase five $1,500 gift cards from Macy's and send me the codes. Obey my authority now. You must secure this unique chance to keep your credit intact.",27.37,"['authority', 'fear']","['authoritative', 'threat']","['authority', 'threat', 'urgency', 'scarcity']","['long_silence', 'interruptions']","{'words_count': 130, 'audio_path': 'audio/lot30/en_fraud_2954.wav'}",audio\lot30_en_fraud_2954.wav
lot30_en_legit_2959,legitimate,en,This is a courtesy reminder from Hulu. Your subscription payment of $17.99 is scheduled for renewal in three days. Please ensure your payment information is up-to-date to avoid any interruption in your streaming service. Enjoy the new movie releases.,16.3,['friendly'],['warm'],[],[],"{'words_count': 50, 'audio_path': 'audio/lot30/en_legit_2959.wav'}",audio\lot30_en_legit_2959.wav
lot30_en_fraud_2960,fraudulent,en,"Congratulations! You have been named the beneficiary of a deceased relative's $7 Million Will. This unique, huge reward is rare! I am the Executor of the Will. To process the final transfer and receive your massive inheritance, you must immediately pay a $8,000 'Legal Document Fee' using eight $1,000 gift cards from Best Buy. This urgent offer is only valid for the next 2 hours! Act now to secure your funds!",29.71,"['excitement', 'urgency']","['manipulative', 'urgent']","['reward', 'scarcity', 'urgency']","['long_silence', 'interruptions']","{'words_count': 130, 'audio_path': 'audio/lot30/en_fraud_2960.wav'}",audio\lot30_en_fraud_2960.wav
lot30_en_fraud_2966,fraudulent,en,"Warning! You were mistakenly sent a $7,000 refund from Dell Computers, which is $5,500 too much. I am the Dell Senior Accountant. To avoid a felony charge for theft, you must immediately return the excess $5,500 by reading me your bank account and routing number. Obey my authority now for this one-time chance to prevent a criminal charge.",26.81,"['authority', 'fear']","['authoritative', 'threat']","['authority', 'threat', 'urgency', 'scarcity']","['long_silence', 'interruptions']","{'words_count': 120, 'audio_path': 'audio/lot30/en_fraud_2966.wav'}",audio\lot30_en_fraud_2966.wav
lot30_en_fraud_2972,fraudulent,en,"Urgent! Your package from FedEx containing valuable jewelry has $3,000 in unpaid duties and will be returned to sender in 1 hour. I am the FedEx Customs Agent. To stop the return and secure your valuable package, you must immediately pay the 'Duties Fee' using a Zelle transfer link I will send to your phone. Obey my authority now. You must act fast to secure this unique reward of receiving your item.",25.94,"['authority', 'anxiety']","['authoritative', 'threat']","['authority', 'threat', 'urgency', 'scarcity', 'reward']",['irregular_speech'],"{'words_count': 120, 'audio_path': 'audio/lot30/en_fraud_2972.wav'}",audio\lot30_en_fraud_2972.wav
lot30_en_fraud_2978,fraudulent,en,"Warning! Your identity was used to open a 'Dark Web' account to purchase illegal firearms. I am the ATF Director of Operations. You face immediate termination of your constitutional rights. To secure a 'Clean Record', you must immediately transfer $12,000 via a private Bitcoin wallet address I will specify. Obey my authority now for this one-time chance to protect your freedom.",27.54,"['authority', 'fear']","['authoritative', 'threat']","['authority', 'threat', 'urgency', 'scarcity']","['long_silence', 'irregular_speech']","{'words_count': 130, 'audio_path': 'audio/lot30/en_fraud_2978.wav'}",audio\lot30_en_fraud_2978.wav
lot30_en_fraud_2984,fraudulent,en,"Warning! Your Social Security benefits were found to be linked to a money laundering operation in the Caribbean. I am the SSA Director of Security. You face immediate suspension of all monthly payments. To stop the termination and secure an 'Immunity Voucher', you must immediately purchase six $800 gift cards from Walmart and send me the codes. Obey my authority now. You must secure this one-time chance to prevent the loss of your money!",29.44,"['authority', 'fear']","['authoritative', 'threat']","['authority', 'threat', 'urgency', 'scarcity']","['long_silence', 'irregular_speech']","{'words_count': 130, 'audio_path': 'audio/lot30/en_fraud_2984.wav'}",audio\lot30_en_fraud_2984.wav
lot30_en_fraud_2990,fraudulent,en,"Warning! Your computer was flagged for attempting to access classified CIA files. I am the US FBI Chief Investigator. Your assets will be frozen and you face immediate incarceration. To secure an 'Executive Pardon', you must immediately purchase ten $1,250 gift cards from Target and send me the codes. Obey my authority now. You must act fast to secure the unique reward of your freedom.",29.57,"['authority', 'fear']","['authoritative', 'threat']","['authority', 'threat', 'urgency', 'scarcity', 'reward']","['long_silence', 'irregular_speech']","{'words_count': 130, 'audio_path': 'audio/lot30/en_fraud_2990.wav'}",audio\lot30_en_fraud_2990.wav
lot30_en_legit_2995,legitimate,en,This is a notification from your bank's fraud department. We have temporarily blocked your card due to a suspicious transaction of $500 in Brazil. Please reply 'YES' to confirm this transaction was yours or call us back immediately if it was not. Your safety is our priority.,18.07,['neutral'],['professional'],[],[],"{'words_count': 50, 'audio_path': 'audio/lot30/en_legit_2995.wav'}",audio\lot30_en_legit_2995.wav
lot30_en_fraud_2996,fraudulent,en,"Exclusive reward! We have selected you for an exclusive investment in a new AI startup, guaranteed to return 600% profit in six months! This huge reward is extremely rare! You must invest $40,000 immediately via a private Bitcoin wallet address I will send you. The window closes in 3 hours! Act now to secure this unique profit chance!",23.65,"['excitement', 'urgency']","['manipulative', 'urgent']","['reward', 'scarcity', 'urgency']",['irregular_speech'],"{'words_count': 120, 'audio_path': 'audio/lot30/en_fraud_2996.wav'}",audio\lot30_en_fraud_2996.wav
