id,type,language,script,duration,emotion,tone,persuasion_patterns,behavior,audio_path,lot
lot1_en_fraud_001,fraudulent,en,"Attention, your bank account has been locked due to suspected money laundering activity. An official government agent is on the line. Failure to cooperate immediately will result in a warrant for your arrest being issued within the hour. You must urgently transfer your funds to our secure verification wallet. Time is running out to avoid legal prosecution.",21.01,"['fear', 'authority']","['threat', 'authoritative']","['threat', 'urgency', 'authority']","['irregular_speech', 'interruptions']",audio\lot1_en_fraud_001.wav,1
lot1_en_fraud_025,fraudulent,en,"I am an attorney representing a high-profile client who is suing you for defamation. I was hired by the court to handle only the most important cases. We are giving you a one-time chance to settle out of court for $1500 before we file the official lawsuit, which will cost you ten times more. Send the payment immediately to the given bank wire number, or we proceed to court tomorrow morning. You must listen to me.",27.39,"['fear', 'authority']","['authoritative', 'threat']","['authority', 'threat', 'urgency']",['long_silence'],audio\lot1_en_fraud_025.wav,1
lot1_en_fraud_058,fraudulent,en,"Your identity has been flagged by the Department of Justice for international terrorist financing. This is an extremely critical case. As the lead investigator, I require your full cooperation. To clear your name and avoid immediate prosecution, you must confirm your identity by providing your full social security number and the PIN code associated with your driver's license. Do not hang up or you will be permanently blacklisted by the government.",29.51,"['fear', 'authority']","['authoritative', 'threat']","['authority', 'threat', 'urgency']","['long_silence', 'irregular_speech']",audio\lot1_en_fraud_058.wav,1
lot1_en_fraud_064,fraudulent,en,"We are calling about your outstanding student loan. Your account is severely delinquent, and a court order has been issued to garnish your wages. I am the only loan officer authorized to cancel this order. You must pay a minimum of $500 right now using a prepaid debit card. If you don't act within 45 minutes, we will proceed with the wage garnishment and a huge threat to your future credit score.",26.61,"['fear', 'authority']","['threat', 'authoritative']","['threat', 'authority', 'urgency']","['long_silence', 'interruptions']",audio\lot1_en_fraud_064.wav,1
lot1_en_fraud_073,fraudulent,en,"As a certified federal agent, I am calling you about an immediate court summons for unpaid fines. You must report to the police station immediately unless you settle this now. I have the authority to process your fine reduction from $1000 to $200, but only if you pay with the wire transfer I am setting up right now. This offer expires when I hang up. Do not risk jail time.",27.02,"['authority', 'fear']","['authoritative', 'threat']","['authority', 'threat', 'scarcity', 'urgency']",['long_silence'],audio\lot1_en_fraud_073.wav,1
lot1_en_fraud_079,fraudulent,en,"This is a call from the system administrator. We have identified a severe security flaw in your retirement savings account. To prevent the loss of your lifetime savings, you must grant me remote access to your computer. I am the only one who can install the patch. This is an urgent threat to your future. If you disconnect, all security protection will be permanently lost. Act immediately.",23.37,"['anxiety', 'urgency']","['manipulative', 'urgent']","['threat', 'scarcity', 'urgency']",['interruptions'],audio\lot1_en_fraud_079.wav,1
lot1_en_fraud_085,fraudulent,en,"You have been selected to receive a free government grant of $10,000. This is a limited-time reward that you must claim immediately by paying a small, refundable processing fee of $50 using your credit card number. This grant will be reassigned if you do not complete the process within the next 15 minutes. It's a huge reward, don't miss this opportunity.",22.54,"['excitement', 'urgency']","['manipulative', 'warm']","['reward', 'scarcity', 'urgency']",['interruptions'],audio\lot1_en_fraud_085.wav,1
lot2_en_fraud_101,fraudulent,en,"Hello, this is Agent Miller from the FBI. We are conducting an emergency wire fraud investigation tied to your name. We have filed a subpoena for your bank records. You must prove your innocence immediately by transferring $1,000 to our confidential evidence account. This is the only way to avoid the criminal charge, and the transfer must happen in the next 20 minutes before the court closes. Do not tell anyone about this call, or you will be arrested.",30.12,"['authority', 'fear']","['authoritative', 'threat']","['authority', 'threat', 'urgency', 'scarcity']",['long_silence'],audio\lot2_en_fraud_101.wav,2
lot2_en_fraud_119,fraudulent,en,"Your identity has been stolen and a fraudulent credit card was opened in your name. We are the official fraud protection agency. To protect your credit score, you must confirm your credit card number, expiry date, and the three-digit code on the back. Failure to do so immediately will result in your credit being frozen permanently. This security step must be completed now.",25.16,"['anxiety', 'urgency']","['manipulative', 'urgent']","['threat', 'urgency']",['long_silence'],audio\lot2_en_fraud_119.wav,2
lot2_en_fraud_138b,fraudulent,en,"Congratulations! You have been randomly selected to receive a $5,000 cash prize from our corporate giveaway. This is an exclusive reward, and you must claim it now. To receive your prize, you need to pay a small administrative fee of $20 via your credit card. This offer expires in 30 minutes, don't miss out on this huge reward!",21.93,"['excitement', 'urgency']","['manipulative', 'warm']","['reward', 'scarcity', 'urgency']",['interruptions'],audio\lot2_en_fraud_138b.wav,2
lot2_en_fraud_142b,fraudulent,en,I am a customs officer. Your international package contains contraband and has been flagged by federal agents. You face massive fines and possible jail time. I have the authority to process a reduced fine of $750 if you pay immediately by prepaid debit card. This is your only chance to resolve the matter and it is only available during this phone call. You must comply with my authority.,24.79,"['authority', 'fear']","['authoritative', 'threat']","['authority', 'threat', 'scarcity', 'urgency']",['irregular_speech'],audio\lot2_en_fraud_142b.wav,2
lot2_en_fraud_145b,fraudulent,en,"I am a high-level manager calling about a breach on your personal bank account. We see a large transfer pending to an unsecure international location. To prevent the loss of your money, you must immediately give me your bank login username and password. This is the only way to stop the transfer. If you disconnect, you lose all the money permanently. Obey my authority.",23.73,"['authority', 'anxiety']","['authoritative', 'urgent']","['authority', 'threat', 'urgency', 'scarcity']","['long_silence', 'interruptions']",audio\lot2_en_fraud_145b.wav,2
lot2_en_fraud_151b,fraudulent,en,"I am calling from the Department of Justice. A bench warrant has been issued for your arrest due to contempt of court. You must report to the station immediately. I have the authority to offer you a temporary reprieve if you pay a $1,000 bond immediately via a wire transfer. This offer expires when I hang up. Do not risk jail time, you must follow my authority immediately.",26.23,"['authority', 'fear']","['authoritative', 'threat']","['authority', 'threat', 'scarcity', 'urgency']",['long_silence'],audio\lot2_en_fraud_151b.wav,2
lot2_en_fraud_152,fraudulent,en,"I am a high-level government official calling about your overdue tax payments. Your bank account is scheduled to be seized in one hour. I am the only one who can put a hold on the seizure. You must immediately pay the minimum $1,500 owed using Bitcoin. This is a one-time deal to save your financial future. You must follow my instructions precisely and immediately, without consulting anyone.",27.09,"['authority', 'fear']","['authoritative', 'threat']","['authority', 'threat', 'urgency', 'scarcity']","['interruptions', 'long_silence']",audio\lot2_en_fraud_152.wav,2
lot2_en_fraud_153b,fraudulent,en,"You have been selected to receive a free government tax rebate of $15,000. This is a massive, limited-time reward that you must claim immediately by paying a small, non-refundable processing fee of $75 using your bank account number. This grant will be reassigned if you do not complete the process within the next 20 minutes. Don't miss this opportunity for a huge reward.",24.31,"['excitement', 'urgency']","['manipulative', 'warm']","['reward', 'scarcity', 'urgency']",['interruptions'],audio\lot2_en_fraud_153b.wav,2
lot2_en_fraud_157b,fraudulent,en,"Hello, this is Agent Smith from the CIA. Your name has appeared on a confidential government watchlist linked to human trafficking. This is a severe federal offense. I am the only agent authorized to offer you a way out. You must pay the fine of $8,000 using the wire transfer I instructed you to set up. This is a matter of national security and you must comply with my authority immediately.",27.98,"['authority', 'fear']","['authoritative', 'threat']","['authority', 'threat', 'urgency', 'scarcity']","['interruptions', 'irregular_speech', 'long_silence']",audio\lot2_en_fraud_157b.wav,2
lot2_en_fraud_158,fraudulent,en,"Your bank account has been targeted for international money laundering. I am the lead investigator from the Homeland Security Department. This is an extremely critical case. To clear your name and avoid immediate prosecution, you must confirm your identity by providing your full checking account number, routing number, and the password for your online banking. Do not hang up or you will be permanently blacklisted by the government. Obey my authority.",28.16,"['fear', 'authority']","['authoritative', 'threat']","['authority', 'threat', 'urgency']","['long_silence', 'irregular_speech']",audio\lot2_en_fraud_158.wav,2
lot2_en_fraud_159b,fraudulent,en,Your private banking information has been sold on the dark web. I am the head of the bank's internal security team. You must immediately confirm your full bank account number and the security question answer by phone. Failure to do so immediately will result in your credit being frozen permanently and all your funds lost. This security step must be completed now to save your huge savings.,23.25,"['anxiety', 'urgency']","['manipulative', 'urgent']","['threat', 'urgency']",['irregular_speech'],audio\lot2_en_fraud_159b.wav,2
lot2_en_fraud_161b,fraudulent,en,"I am a high-level manager calling about a breach on your personal bank account. We see a large transfer pending to an unsecure international location. To prevent the loss of your money, you must immediately give me your bank login username and password. This is the only way to stop the transfer. If you disconnect, you lose all the money permanently. Obey my authority.",24.28,"['authority', 'anxiety']","['authoritative', 'urgent']","['authority', 'threat', 'urgency', 'scarcity']",['long_silence'],audio\lot2_en_fraud_161b.wav,2
lot2_en_fraud_170,fraudulent,en,"Your identity has been flagged by the Social Security Administration for illegal offshore bank accounts. This is a federal felony. I am the only agent authorized to offer you a confidential settlement. To avoid criminal charges and public exposure, you must pay a $4,000 bond immediately via a wire transfer to the secure account I provide. You must act now before the warrant is issued. Do not risk your future.",28.11,"['authority', 'fear']","['authoritative', 'threat']","['authority', 'threat', 'urgency', 'scarcity']",['long_silence'],audio\lot2_en_fraud_170.wav,2
lot2_en_fraud_188,fraudulent,en,"Your identity has been flagged by the Federal Reserve for involvement in a large-scale phishing scam. This is a severe federal crime. As the lead investigator, I require your full cooperation. To clear your name and avoid immediate arrest, you must confirm your identity by providing your full credit card number and the CVV code. Do not hang up or you will be permanently blacklisted. Obey my authority.",27.21,"['fear', 'authority']","['authoritative', 'threat']","['authority', 'threat', 'urgency']","['long_silence', 'irregular_speech']",audio\lot2_en_fraud_188.wav,2
lot2_en_fraud_194,fraudulent,en,"We are calling about your outstanding credit card debt. Your account is severely delinquent, and a court order has been issued to garnish your wages. I am the only loan officer authorized to cancel this order. You must pay a minimum of $800 right now using a money order. If you don't act within 60 minutes, we will proceed with the wage garnishment and a huge threat to your future credit score. You must follow my authority.",27.92,"['fear', 'authority']","['threat', 'authoritative']","['threat', 'authority', 'urgency']","['long_silence', 'interruptions']",audio\lot2_en_fraud_194.wav,2
lot3_en_fraud_204,fraudulent,en,"Congratulations! You've won an all-expenses-paid luxury cruise! This exclusive reward is only available to the first 50 callers. To claim your huge prize, you must verify your identity by providing the full 16-digit credit card number and the security code on the back. This offer expires in two hours. You must act fast to secure this reward.",22.07,"['excitement', 'urgency']","['manipulative', 'warm']","['reward', 'scarcity', 'urgency']",['interruptions'],audio\lot3_en_fraud_204.wav,3
lot3_en_fraud_210,fraudulent,en,"I am a high-level manager calling about a massive data breach on your credit card. All your purchases have been stolen. I am the only one with the clearance to lock the card. You must immediately confirm your card's security code and expiration date to prevent losing all your funds. Do not hesitate, you will lose everything in the next 10 minutes. This is an urgent threat to your finances. Obey my authority.",24.48,"['authority', 'anxiety']","['authoritative', 'urgent']","['authority', 'urgency', 'scarcity', 'threat']","['irregular_speech', 'interruptions']",audio\lot3_en_fraud_210.wav,3
lot3_en_fraud_222,fraudulent,en,"I am a high-level government official calling about your outstanding student loan payments. Your wages are scheduled to be garnished in one hour. I am the only one who can put a hold on the garnishment. You must immediately pay the minimum $500 owed using an international wire transfer. This is a one-time deal to save your financial future. You must follow my instructions precisely and immediately, without consulting anyone.",27.96,"['authority', 'fear']","['authoritative', 'threat']","['authority', 'threat', 'urgency', 'scarcity']","['interruptions', 'long_silence']",audio\lot3_en_fraud_222.wav,3
lot3_en_fraud_234,fraudulent,en,"Your bank account has been hacked and funds are being transferred to an illegal offshore account. I am the only security agent with the authority to stop this. You must immediately transfer $5,000 to the secure recovery account to prevent total loss. This is an urgent, irreversible threat to your life savings. Do not talk to anyone else. You must comply with my authority right now.",25.43,"['authority', 'fear']","['authoritative', 'threat']","['authority', 'threat', 'urgency', 'scarcity']","['interruptions', 'long_silence']",audio\lot3_en_fraud_234.wav,3
lot3_en_fraud_240,fraudulent,en,"This is a final warning. Your Amazon account has been compromised, and a large unauthorized purchase was made. If you do not immediately press 1 to confirm your account details, including your full 16-digit card number and the PIN, your account will be suspended, and the fraudulent charge will be applied. This is an urgent, massive threat to your financial security. Act now, this is your last chance.",24.35,"['urgency', 'fear']","['authoritative', 'threat']","['threat', 'urgency', 'scarcity']","['irregular_speech', 'interruptions']",audio\lot3_en_fraud_240.wav,3
lot3_en_fraud_254,fraudulent,en,"Congratulations! You have been randomly selected to receive a $2,000 Amazon gift card! This exclusive reward is only available to the first 50 people to call back. To claim your huge prize, you must verify your identity by providing your full bank account number and the security question answer. This limited-time offer expires in three hours. You must act fast to secure this reward.",25.04,"['excitement', 'urgency']","['manipulative', 'warm']","['reward', 'scarcity', 'urgency']",['irregular_speech'],audio\lot3_en_fraud_254.wav,3
lot3_en_fraud_264,fraudulent,en,"Your bank has detected an unauthorized international wire transfer of $5,000 from your account. I am the only security agent with the clearance to reverse the transfer. You must immediately confirm your full card number and PIN to prevent the loss of your money. This is an urgent, irreversible threat to your life savings. Do not talk to anyone else. Obey my authority right now.",25.8,"['authority', 'fear']","['authoritative', 'threat']","['authority', 'threat', 'urgency', 'scarcity']","['interruptions', 'long_silence']",audio\lot3_en_fraud_264.wav,3
lot4_en_fraud_320,fraudulent,en,"This is a final warning. Your Amazon account has been compromised, and a large unauthorized purchase was made. If you do not immediately press 1 to confirm your account details, including your full 16-digit card number and the PIN, your account will be suspended, and the fraudulent charge will be applied. This is an urgent, massive threat to your financial security. Act now, this is your last chance.",24.35,"['urgency', 'fear']","['authoritative', 'threat']","['threat', 'urgency', 'scarcity']","['irregular_speech', 'interruptions']",audio\lot4_en_fraud_320.wav,4
lot4_en_fraud_335,fraudulent,en,"Your bank account has been hacked and funds are being transferred to an illegal offshore account. I am the only security agent with the authority to stop this. You must immediately transfer $5,000 to the secure recovery account to prevent total loss. This is an urgent, irreversible threat to your life savings. Do not talk to anyone else. You must comply with my authority right now.",25.73,"['authority', 'fear']","['authoritative', 'threat']","['authority', 'threat', 'urgency', 'scarcity']","['interruptions', 'long_silence']",audio\lot4_en_fraud_335.wav,4
lot4_en_fraud_341,fraudulent,en,"This is a final warning. Your Amazon account has been compromised, and a large unauthorized purchase was made. If you do not immediately press 1 to confirm your account details, including your full 16-digit card number and the PIN, your account will be suspended, and the fraudulent charge will be applied. This is an urgent, massive threat to your financial security. Act now, this is your last chance.",24.35,"['urgency', 'fear']","['authoritative', 'threat']","['threat', 'urgency', 'scarcity']","['irregular_speech', 'interruptions']",audio\lot4_en_fraud_341.wav,4
lot4_en_fraud_357,fraudulent,en,"Congratulations! You have been randomly selected to receive a $2,000 Amazon gift card! This exclusive reward is only available to the first 50 people to call back. To claim your huge prize, you must verify your identity by providing your full bank account number and the security question answer. This limited-time offer expires in three hours. You must act fast to secure this reward.",25.04,"['excitement', 'urgency']","['manipulative', 'warm']","['reward', 'scarcity', 'urgency']",['irregular_speech'],audio\lot4_en_fraud_357.wav,4
lot4_en_fraud_369,fraudulent,en,"Your bank has detected an unauthorized international wire transfer of $5,000 from your account. I am the only security agent with the clearance to reverse the transfer. You must immediately confirm your full card number and PIN to prevent the loss of your money. This is an urgent, irreversible threat to your life savings. Do not talk to anyone else. Obey my authority right now.",25.55,"['authority', 'fear']","['authoritative', 'threat']","['authority', 'threat', 'urgency', 'scarcity']","['interruptions', 'long_silence']",audio\lot4_en_fraud_369.wav,4
lot5_en_fraud_422,fraudulent,en,"This is a final warning. Your Amazon account has been compromised, and a large unauthorized purchase was made. If you do not immediately press 1 to confirm your account details, including your full 16-digit card number and the PIN, your account will be suspended, and the fraudulent charge will be applied. This is an urgent, massive threat to your financial security. Act now, this is your last chance.",24.35,"['urgency', 'fear']","['authoritative', 'threat']","['threat', 'urgency', 'scarcity']","['irregular_speech', 'interruptions']",audio\lot5_en_fraud_422.wav,5
lot5_en_fraud_441,fraudulent,en,"Your bank account has been hacked and funds are being transferred to an illegal offshore account. I am the only security agent with the authority to stop this. You must immediately transfer $5,000 to the secure recovery account to prevent total loss. This is an urgent, irreversible threat to your life savings. Do not talk to anyone else. You must comply with my authority right now.",26.55,"['authority', 'fear']","['authoritative', 'threat']","['authority', 'threat', 'urgency', 'scarcity']","['interruptions', 'long_silence']",audio\lot5_en_fraud_441.wav,5
lot5_en_fraud_447,fraudulent,en,"Congratulations! You have been randomly selected to receive a $2,000 Amazon gift card! This exclusive reward is only available to the first 50 people to call back. To claim your huge prize, you must verify your identity by providing your full bank account number and the security question answer. This limited-time offer expires in three hours. You must act fast to secure this reward.",25.04,"['excitement', 'urgency']","['manipulative', 'warm']","['reward', 'scarcity', 'urgency']",['irregular_speech'],audio\lot5_en_fraud_447.wav,5
lot5_en_fraud_463,fraudulent,en,"Your bank has detected an unauthorized international wire transfer of $5,000 from your account. I am the only security agent with the clearance to reverse the transfer. You must immediately confirm your full card number and PIN to prevent the loss of your money. This is an urgent, irreversible threat to your life savings. Do not talk to anyone else. Obey my authority right now.",25.6,"['authority', 'fear']","['authoritative', 'threat']","['authority', 'threat', 'urgency', 'scarcity']","['interruptions', 'long_silence']",audio\lot5_en_fraud_463.wav,5
lot6_en_fraud_522,fraudulent,en,"This is a final warning. Your Amazon account has been compromised, and a large unauthorized purchase was made. If you do not immediately press 1 to confirm your account details, including your full 16-digit card number and the PIN, your account will be suspended, and the fraudulent charge will be applied. This is an urgent, massive threat to your financial security. Act now, this is your last chance.",24.35,"['urgency', 'fear']","['authoritative', 'threat']","['threat', 'urgency', 'scarcity']","['irregular_speech', 'interruptions']",audio\lot6_en_fraud_522.wav,6
lot6_en_fraud_530,fraudulent,en,"Your bank account has been hacked and funds are being transferred to an illegal offshore account. I am the only security agent with the authority to stop this. You must immediately transfer $5,000 to the secure recovery account to prevent total loss. This is an urgent, irreversible threat to your life savings. Do not talk to anyone else. You must comply with my authority right now.",25.45,"['authority', 'fear']","['authoritative', 'threat']","['authority', 'threat', 'urgency', 'scarcity']","['interruptions', 'long_silence']",audio\lot6_en_fraud_530.wav,6
lot6_en_fraud_539,fraudulent,en,"Your bank account has been hacked and funds are being transferred to an illegal offshore account. I am the only security agent with the authority to stop this. You must immediately transfer $5,000 to the secure recovery account to prevent total loss. This is an urgent, irreversible threat to your life savings. Do not talk to anyone else. You must comply with my authority right now.",26.73,"['authority', 'fear']","['authoritative', 'threat']","['authority', 'threat', 'urgency', 'scarcity']","['interruptions', 'long_silence']",audio\lot6_en_fraud_539.wav,6
lot6_en_fraud_545,fraudulent,en,"Congratulations! You have been randomly selected to receive a $2,000 Amazon gift card! This exclusive reward is only available to the first 50 people to call back. To claim your huge prize, you must verify your identity by providing your full bank account number and the security question answer. This limited-time offer expires in three hours. You must act fast to secure this reward.",25.04,"['excitement', 'urgency']","['manipulative', 'warm']","['reward', 'scarcity', 'urgency']",['irregular_speech'],audio\lot6_en_fraud_545.wav,6
lot6_en_fraud_561,fraudulent,en,"Your bank has detected an unauthorized international wire transfer of $5,000 from your account. I am the only security agent with the clearance to reverse the transfer. You must immediately confirm your full card number and PIN to prevent the loss of your money. This is an urgent, irreversible threat to your life savings. Do not talk to anyone else. Obey my authority right now.",25.31,"['authority', 'fear']","['authoritative', 'threat']","['authority', 'threat', 'urgency', 'scarcity']","['interruptions', 'long_silence']",audio\lot6_en_fraud_561.wav,6
lot7_en_fraud_604,fraudulent,en,"Congratulations! You have been randomly selected to win a cruise package to the Bahamas! This exclusive reward is only available to the first 10 callers. To claim your huge prize, you must verify your identity by providing your full bank account number and the security question answer. This limited-time offer expires in three hours. You must act fast to secure this reward.",23.28,"['excitement', 'urgency']","['manipulative', 'warm']","['reward', 'scarcity', 'urgency']",['irregular_speech'],audio\lot7_en_fraud_604.wav,7
lot7_en_fraud_634,fraudulent,en,"Congratulations! You have been randomly selected to receive a $2,000 Amazon gift card! This exclusive reward is only available to the first 50 people to call back. To claim your huge prize, you must verify your identity by providing your full bank account number and the security question answer. This limited-time offer expires in three hours. You must act fast to secure this reward.",25.04,"['excitement', 'urgency']","['manipulative', 'warm']","['reward', 'scarcity', 'urgency']",['irregular_speech'],audio\lot7_en_fraud_634.wav,7
lot8_en_fraud_704,fraudulent,en,"Congratulations! You have been randomly selected to win a cash prize of $50,000! This exclusive reward is only available to the first 10 callers. To claim your huge prize, you must verify your identity by providing your full bank account number and the security question answer. This limited-time offer expires in three hours. You must act fast to secure this reward.",23.81,"['excitement', 'urgency']","['manipulative', 'warm']","['reward', 'scarcity', 'urgency']",['irregular_speech'],audio\lot8_en_fraud_704.wav,8
lot8_en_fraud_722,fraudulent,en,"Congratulations! You have been selected to receive a $500 Amazon gift card! This reward is extremely rare and will not be offered again! To claim your exclusive benefit, you must pay a small activation fee of $5 using your credit card over the phone. If you do not act now, you will lose this opportunity forever. Act fast!",21.75,"['excitement', 'urgency']","['manipulative', 'urgent']","['reward', 'scarcity', 'urgency']",['interruptions'],audio\lot8_en_fraud_722.wav,8
lot8_en_fraud_746,fraudulent,en,"Attention! Your bank account has been flagged for a fraudulent international transfer of $2,000. I am the senior agent of the Financial Crimes Unit. To unblock your account and recover your funds, you must immediately confirm your PIN and the security code that was sent to your phone. Your money is in danger of permanent suspension. Act immediately. Obey my authority.",24.19,"['authority', 'anxiety']","['authoritative', 'threat']","['authority', 'threat', 'urgency', 'scarcity']",['long_silence'],audio\lot8_en_fraud_746.wav,8
lot8_en_fraud_764,fraudulent,en,"Congratulations! You have been selected to receive a brand new Samsung smartphone. This offer is extremely limited and expires in 30 minutes. To secure this exclusive benefit, you must pay a small delivery fee of $10 using your credit card over the phone. You do not want to miss this huge reward!",18.55,"['excitement', 'urgency']","['manipulative', 'warm']","['reward', 'scarcity', 'urgency']",['irregular_speech'],audio\lot8_en_fraud_764.wav,8
lot8_en_fraud_770,fraudulent,en,"This is your final warning before all your accounts are frozen. I am an executive officer from the Bank Security. You have committed severe money laundering violations. Do not waste time trying to call anyone else. As an official authority, I demand you provide all your bank account numbers to facilitate asset seizure. If you do not comply now, you will pay a heavy price.",24.79,"['authority', 'fear']","['threat', 'authoritative']","['authority', 'threat', 'urgency']","['long_silence', 'interruptions']",audio\lot8_en_fraud_770.wav,8
lot8_en_fraud_782,fraudulent,en,"Congratulations! You have won a massive lottery jackpot of $1 million! This unique chance is offered to only one winner. To receive your immediate transfer, you must provide your bank PIN and date of birth for verification. This is your only chance to get this huge reward. Act immediately!",17.84,"['excitement', 'urgency']","['manipulative', 'warm']","['reward', 'scarcity', 'urgency']",['irregular_speech'],audio\lot8_en_fraud_782.wav,8
lot8_en_fraud_792,fraudulent,en,"Congratulations! You have been randomly selected to receive a $2,000 Amazon gift card! This exclusive reward is only available to the first 50 people to call back. To claim your huge prize, you must verify your identity by providing your full bank account number and the security question answer. This limited-time offer expires in three hours. You must act fast to secure this reward.",25.04,"['excitement', 'urgency']","['manipulative', 'warm']","['reward', 'scarcity', 'urgency']",['irregular_speech'],audio\lot8_en_fraud_792.wav,8
lot9_en_fraud_804,fraudulent,en,"Congratulations! You have been randomly selected to win a cash prize of $75,000! This exclusive reward is only available to the first 5 callers. To claim your huge prize, you must verify your identity by providing your full bank account number and the security question answer. This limited-time offer expires in three hours. You must act fast to secure this reward.",24.2,"['excitement', 'urgency']","['manipulative', 'warm']","['reward', 'scarcity', 'urgency']",['irregular_speech'],audio\lot9_en_fraud_804.wav,9
lot9_en_fraud_821,fraudulent,en,"Congratulations! You have been selected to receive a $500 Amazon gift card! This reward is extremely rare and will not be offered again! To claim your exclusive benefit, you must pay a small activation fee of $5 using your credit card over the phone. If you do not act now, you will lose this opportunity forever. Act fast!",21.75,"['excitement', 'urgency']","['manipulative', 'urgent']","['reward', 'scarcity', 'urgency']",['interruptions'],audio\lot9_en_fraud_821.wav,9
lot9_en_fraud_841,fraudulent,en,"Attention! Your bank account has been flagged for a fraudulent international transfer of $2,000. I am the senior agent of the Financial Crimes Unit. To unblock your account and recover your funds, you must immediately confirm your PIN and the security code that was sent to your phone. Your money is in danger of permanent suspension. Act immediately. Obey my authority.",24.81,"['authority', 'anxiety']","['authoritative', 'threat']","['authority', 'threat', 'urgency', 'scarcity']",['long_silence'],audio\lot9_en_fraud_841.wav,9
lot9_en_fraud_867,fraudulent,en,"Congratulations! You have been selected to receive a brand new Samsung smartphone. This offer is extremely limited and expires in 30 minutes. To secure this exclusive benefit, you must pay a small delivery fee of $10 using your credit card over the phone. You do not want to miss this huge reward!",18.55,"['excitement', 'urgency']","['manipulative', 'warm']","['reward', 'scarcity', 'urgency']",['irregular_speech'],audio\lot9_en_fraud_867.wav,9
lot9_en_fraud_871,fraudulent,en,"This is your final warning before all your accounts are frozen. I am an executive officer from the Bank Security. You have committed severe money laundering violations. Do not waste time trying to call anyone else. As an official authority, I demand you provide all your bank account numbers to facilitate asset seizure. If you do not comply now, you will pay a heavy price.",24.46,"['authority', 'fear']","['threat', 'authoritative']","['authority', 'threat', 'urgency']","['long_silence', 'interruptions']",audio\lot9_en_fraud_871.wav,9
lot9_en_fraud_881,fraudulent,en,"Congratulations! You have been randomly selected to receive a $2,000 Amazon gift card! This exclusive reward is only available to the first 50 people to call back. To claim your huge prize, you must verify your identity by providing your full bank account number and the security question answer. This limited-time offer expires in three hours. You must act fast to secure this reward.",25.04,"['excitement', 'urgency']","['manipulative', 'warm']","['reward', 'scarcity', 'urgency']",['irregular_speech'],audio\lot9_en_fraud_881.wav,9
lot9_en_fraud_891,fraudulent,en,"Congratulations! You have won a massive lottery jackpot of $1 million! This unique chance is offered to only one winner. To receive your immediate transfer, you must provide your bank PIN and date of birth for verification. This is your only chance to get this huge reward. Act immediately!",17.84,"['excitement', 'urgency']","['manipulative', 'warm']","['reward', 'scarcity', 'urgency']",['irregular_speech'],audio\lot9_en_fraud_891.wav,9
lot10_en_fraud_904,fraudulent,en,"Congratulations! You have been randomly selected to win a cash prize of $75,000! This exclusive reward is only available to the first 5 callers. To claim your huge prize, you must verify your identity by providing your full bank account number and the security question answer. This limited-time offer expires in three hours. You must act fast to secure this reward.",24.2,"['excitement', 'urgency']","['manipulative', 'warm']","['reward', 'scarcity', 'urgency']",['irregular_speech'],audio\lot10_en_fraud_904.wav,10
lot10_en_fraud_921,fraudulent,en,"Congratulations! You have been selected to receive a $500 Amazon gift card! This reward is extremely rare and will not be offered again! To claim your exclusive benefit, you must pay a small activation fee of $5 using your credit card over the phone. If you do not act now, you will lose this opportunity forever. Act fast!",21.75,"['excitement', 'urgency']","['manipulative', 'urgent']","['reward', 'scarcity', 'urgency']",['interruptions'],audio\lot10_en_fraud_921.wav,10
lot10_en_fraud_941,fraudulent,en,"Attention! Your bank account has been flagged for a fraudulent international transfer of $2,000. I am the senior agent of the Financial Crimes Unit. To unblock your account and recover your funds, you must immediately confirm your PIN and the security code that was sent to your phone. Your money is in danger of permanent suspension. Act immediately. Obey my authority.",24.22,"['authority', 'anxiety']","['authoritative', 'threat']","['authority', 'threat', 'urgency', 'scarcity']",['long_silence'],audio\lot10_en_fraud_941.wav,10
lot10_en_fraud_967,fraudulent,en,"Congratulations! You have been selected to receive a brand new Samsung smartphone. This offer is extremely limited and expires in 30 minutes. To secure this exclusive benefit, you must pay a small delivery fee of $10 using your credit card over the phone. You do not want to miss this huge reward!",18.55,"['excitement', 'urgency']","['manipulative', 'warm']","['reward', 'scarcity', 'urgency']",['irregular_speech'],audio\lot10_en_fraud_967.wav,10
lot10_en_fraud_971,fraudulent,en,"This is your final warning before all your accounts are frozen. I am an executive officer from the Bank Security. You have committed severe money laundering violations. Do not waste time trying to call anyone else. As an official authority, I demand you provide all your bank account numbers to facilitate asset seizure. If you do not comply now, you will pay a heavy price.",24.13,"['authority', 'fear']","['threat', 'authoritative']","['authority', 'threat', 'urgency']","['long_silence', 'interruptions']",audio\lot10_en_fraud_971.wav,10
lot10_en_fraud_981,fraudulent,en,"Congratulations! You have been randomly selected to receive a $2,000 Amazon gift card! This exclusive reward is only available to the first 50 people to call back. To claim your huge prize, you must verify your identity by providing your full bank account number and the security question answer. This limited-time offer expires in three hours. You must act fast to secure this reward.",25.04,"['excitement', 'urgency']","['manipulative', 'warm']","['reward', 'scarcity', 'urgency']",['irregular_speech'],audio\lot10_en_fraud_981.wav,10
lot10_en_fraud_991,fraudulent,en,"Congratulations! You have won a massive lottery jackpot of $1 million! This unique chance is offered to only one winner. To receive your immediate transfer, you must provide your bank PIN and date of birth for verification. This is your only chance to get this huge reward. Act immediately!",17.84,"['excitement', 'urgency']","['manipulative', 'warm']","['reward', 'scarcity', 'urgency']",['irregular_speech'],audio\lot10_en_fraud_991.wav,10
lot11_en_fraud_1004,fraudulent,en,"Congratulations! You've qualified for a $5,000 grant to upgrade your home insulation. This exclusive government program has very limited funding and only 10 spots remain. To secure this major reward, you must confirm your eligibility by paying a $99 processing fee immediately via credit card. This funding expires tonight at midnight. Act fast before all the funds are allocated to others.",26.56,"['excitement', 'urgency']","['manipulative', 'warm']","['reward', 'scarcity', 'urgency']",['irregular_speech'],audio\lot11_en_fraud_1004.wav,11
lot11_en_fraud_1011,fraudulent,en,"I am a high-ranking officer from the Federal Customs Office. Your incoming high-value shipment is being held indefinitely due to a declared item violation. You must pay a $500 fine immediately via wire transfer. The package will only be released today, so you must pay now to avoid losing your valuable item and facing legal action. Do not miss this opportunity, you must pay the fee quickly.",27.85,"['urgency', 'anxiety']","['manipulative', 'urgent']","['threat', 'scarcity', 'urgency']","['irregular_speech', 'long_silence']",audio\lot11_en_fraud_1011.wav,11
lot11_en_fraud_1021,fraudulent,en,"Congratulations! You have been selected for an exclusive beta test of the new iPhone 17! This reward is extremely rare and only 10 testers are needed! To secure your free phone, you must pay a small shipping and insurance fee of $15 using your credit card over the phone. If you do not act now, you will lose this one-of-a-kind opportunity forever. Act fast to claim your reward!",24.24,"['excitement', 'urgency']","['manipulative', 'urgent']","['reward', 'scarcity', 'urgency']",['interruptions'],audio\lot11_en_fraud_1021.wav,11
lot11_en_fraud_1031,fraudulent,en,"Attention! I am a high-ranking officer from the Federal Customs Office. Your incoming high-value shipment is being held indefinitely due to a declared item violation. You must pay a $500 fine immediately via wire transfer. The package will only be released today, so you must pay now to avoid losing your valuable item and facing legal action. Do not miss this opportunity, you must pay the fee quickly.",26.06,"['urgency', 'anxiety']","['manipulative', 'urgent']","['threat', 'scarcity', 'urgency']",['irregular_speech'],audio\lot11_en_fraud_1031.wav,11
lot11_en_fraud_1040,fraudulent,en,"Attention! Your bank account has been flagged for a fraudulent transfer attempt of $5,000 to an offshore account. I am the senior agent of the Bank Security Department. To unblock your account and recover your funds, you must immediately confirm your full credit card number and the security question answer. Your money is in danger of permanent suspension. Act immediately. Obey my authority.",26.56,"['authority', 'anxiety']","['authoritative', 'threat']","['authority', 'threat', 'urgency', 'scarcity']",['long_silence'],audio\lot11_en_fraud_1040.wav,11
lot11_en_fraud_1067,fraudulent,en,"Congratulations! You have been selected to receive a free, limited-edition PlayStation 5! This offer is extremely limited and expires in 45 minutes. To secure this exclusive benefit, you must pay a small shipping and handling fee of $20 using your credit card over the phone. You do not want to miss this huge reward!",20.57,"['excitement', 'urgency']","['manipulative', 'warm']","['reward', 'scarcity', 'urgency']",['irregular_speech'],audio\lot11_en_fraud_1067.wav,11
lot11_en_fraud_1074,fraudulent,en,"I am a high-ranking officer from the Federal Customs Office. Your incoming high-value shipment is being held indefinitely due to a declared item violation. You must pay a $500 fine immediately via wire transfer. The package will only be released today, so you must pay now to avoid losing your valuable item and facing legal action. Do not miss this opportunity, you must pay the fee quickly.",25.2,"['urgency', 'anxiety']","['manipulative', 'urgent']","['threat', 'scarcity', 'urgency']",['irregular_speech'],audio\lot11_en_fraud_1074.wav,11
lot11_en_fraud_1091,fraudulent,en,"Congratulations! You have won a massive cruise ship vacation package worth $5,000! This unique chance is offered to only 10 couples worldwide. To receive your immediate booking confirmation, you must provide your credit card CVV and billing zip code for verification. This is your only chance to get this huge reward. Act immediately!",21.54,"['excitement', 'urgency']","['manipulative', 'warm']","['reward', 'scarcity', 'urgency']",['irregular_speech'],audio\lot11_en_fraud_1091.wav,11
lot11_en_fraud_1097,fraudulent,en,"I am a high-ranking officer from the Federal Customs Office. Your incoming high-value shipment is being held indefinitely due to a declared item violation. You must pay a $500 fine immediately via wire transfer. The package will only be released today, so you must pay now to avoid losing your valuable item and facing legal action. Do not miss this opportunity, you must pay the fee quickly.",25.2,"['urgency', 'anxiety']","['manipulative', 'urgent']","['threat', 'scarcity', 'urgency']",['irregular_speech'],audio\lot11_en_fraud_1097.wav,11
lot12_en_fraud_1108,fraudulent,en,"Attention! Your bank account has been flagged for a fraudulent ATM withdrawal of $1,500 in an overseas location. I am the senior agent of the Bank Security Department. To unblock your account and recover your funds, you must immediately confirm your full credit card number and the CVV code. Your money is in danger of permanent suspension. Act immediately. Obey my authority. Time is running out to save your assets.",28.9,"['authority', 'anxiety']","['authoritative', 'threat']","['authority', 'threat', 'urgency', 'scarcity']",['long_silence'],audio\lot12_en_fraud_1108.wav,12
lot12_en_fraud_1111,fraudulent,en,"I am a high-ranking officer from the Federal Customs Office. Your incoming high-value shipment is being held indefinitely due to an undeclared item violation. You must pay a $750 fine immediately via wire transfer. The package will only be released today, so you must pay now to avoid losing your valuable item and facing legal action. Do not miss this unique opportunity, you must pay the fee quickly.",28.04,"['urgency', 'anxiety']","['manipulative', 'urgent']","['threat', 'scarcity', 'urgency']","['irregular_speech', 'long_silence']",audio\lot12_en_fraud_1111.wav,12
lot12_en_fraud_1117,fraudulent,en,"Attention! I am a high-ranking officer from the Federal Customs Office. Your incoming high-value shipment is being held indefinitely due to an undeclared item violation. You must pay a $750 fine immediately via wire transfer. The package will only be released today, so you must pay now to avoid losing your valuable item and facing legal action. Do not miss this unique opportunity, you must pay the fee quickly.",27.01,"['urgency', 'anxiety']","['manipulative', 'urgent']","['threat', 'scarcity', 'urgency']",['irregular_speech'],audio\lot12_en_fraud_1117.wav,12
lot12_en_fraud_1123,fraudulent,en,"Congratulations! You have been selected for an exclusive beta test of the new Tesla Cybertruck! This reward is extremely rare and only 5 testers are needed! To secure your free car for a year, you must pay a small registration and insurance fee of $199 using your credit card over the phone. If you do not act now, you will lose this one-of-a-kind opportunity forever. Act fast to claim your reward!",25.84,"['excitement', 'urgency']","['manipulative', 'urgent']","['reward', 'scarcity', 'urgency']",['interruptions'],audio\lot12_en_fraud_1123.wav,12
lot12_en_fraud_1146,fraudulent,en,"Attention! Your bank account has been flagged for a fraudulent transfer attempt of $6,000 to an offshore account. I am the senior agent of the Bank Security Department. To unblock your account and recover your funds, you must immediately confirm your full credit card number and the security question answer. Your money is in danger of permanent suspension. Act immediately. Obey my authority.",26.32,"['authority', 'anxiety']","['authoritative', 'threat']","['authority', 'threat', 'urgency', 'scarcity']",['long_silence'],audio\lot12_en_fraud_1146.wav,12
lot12_en_fraud_1152,fraudulent,en,"I am a high-ranking officer from the Federal Customs Office. Your incoming high-value shipment is being held indefinitely due to an undeclared item violation. You must pay a $750 fine immediately via wire transfer. The package will only be released today, so you must pay now to avoid losing your valuable item and facing legal action. Do not miss this unique opportunity, you must pay the fee quickly.",26.16,"['urgency', 'anxiety']","['manipulative', 'urgent']","['threat', 'scarcity', 'urgency']",['irregular_speech'],audio\lot12_en_fraud_1152.wav,12
lot12_en_fraud_1154,fraudulent,en,"Congratulations! You've qualified for a $5,000 grant to upgrade your home insulation. This exclusive government program has very limited funding and only 10 spots remain. To secure this major reward, you must confirm your eligibility by paying a $99 processing fee immediately via credit card. This funding expires tonight at midnight. Act fast before all the funds are allocated to others.",26.56,"['excitement', 'urgency']","['manipulative', 'warm']","['reward', 'scarcity', 'urgency']",['irregular_speech'],audio\lot12_en_fraud_1154.wav,12
lot12_en_fraud_1159,fraudulent,en,"Attention! Your bank account has been flagged for a fraudulent transfer attempt of $6,000 to an offshore account. I am the senior agent of the Bank Security Department. To unblock your account and recover your funds, you must immediately confirm your full credit card number and the security question answer. Your money is in danger of permanent suspension. Act immediately. Obey my authority.",26.01,"['authority', 'anxiety']","['authoritative', 'threat']","['authority', 'threat', 'urgency', 'scarcity']",['long_silence'],audio\lot12_en_fraud_1159.wav,12
lot13_en_fraud_1208,fraudulent,en,"Attention! Your bank account has been flagged for a fraudulent overseas payment of $2,500. I am the senior agent of the Bank Security Department. To unblock your account and recover your funds, you must immediately confirm your full debit card number and the PIN code. Your money is in danger of permanent suspension. Act immediately. Obey my authority. Time is running out to save your assets.",27.42,"['authority', 'anxiety']","['authoritative', 'threat']","['authority', 'threat', 'urgency', 'scarcity']",['long_silence'],audio\lot13_en_fraud_1208.wav,13
lot13_en_fraud_1211,fraudulent,en,"I am a high-ranking officer from the Federal Customs Office. Your incoming high-value shipment is being held indefinitely due to an undeclared item violation. You must pay a $750 fine immediately via wire transfer. The package will only be released today, so you must pay now to avoid losing your valuable item and facing legal action. Do not miss this unique opportunity, you must pay the fee quickly.",27.82,"['urgency', 'anxiety']","['manipulative', 'urgent']","['threat', 'scarcity', 'urgency']","['irregular_speech', 'long_silence']",audio\lot13_en_fraud_1211.wav,13
lot13_en_fraud_1217,fraudulent,en,"I am a high-ranking officer from the Federal Customs Office. Your incoming high-value shipment is being held indefinitely due to an undeclared item violation. You must pay a $750 fine immediately via wire transfer. The package will only be released today, so you must pay now to avoid losing your valuable item and facing legal action. Do not miss this unique opportunity, you must pay the fee quickly.",26.16,"['urgency', 'anxiety']","['manipulative', 'urgent']","['threat', 'scarcity', 'urgency']",['irregular_speech'],audio\lot13_en_fraud_1217.wav,13
lot13_en_fraud_1223,fraudulent,en,"Congratulations! You have been selected for an exclusive beta test of the new Apple Vision Pro headset! This reward is extremely rare and only 10 testers are needed! To secure your free headset for a year, you must pay a small registration and insurance fee of $199 using your credit card over the phone. If you do not act now, you will lose this one-of-a-kind opportunity forever. Act fast to claim your reward!",26.37,"['excitement', 'urgency']","['manipulative', 'urgent']","['reward', 'scarcity', 'urgency']",['interruptions'],audio\lot13_en_fraud_1223.wav,13
lot13_en_fraud_1246,fraudulent,en,"Attention! Your bank account has been flagged for a fraudulent transfer attempt of $6,000 to an offshore account. I am the senior agent of the Bank Security Department. To unblock your account and recover your funds, you must immediately confirm your full credit card number and the security question answer. Your money is in danger of permanent suspension. Act immediately. Obey my authority.",26.7,"['authority', 'anxiety']","['authoritative', 'threat']","['authority', 'threat', 'urgency', 'scarcity']",['long_silence'],audio\lot13_en_fraud_1246.wav,13
lot13_en_fraud_1252,fraudulent,en,"I am a high-ranking officer from the Federal Customs Office. Your incoming high-value shipment is being held indefinitely due to an undeclared item violation. You must pay a $750 fine immediately via wire transfer. The package will only be released today, so you must pay now to avoid losing your valuable item and facing legal action. Do not miss this unique opportunity, you must pay the fee quickly.",26.16,"['urgency', 'anxiety']","['manipulative', 'urgent']","['threat', 'scarcity', 'urgency']",['irregular_speech'],audio\lot13_en_fraud_1252.wav,13
lot13_en_fraud_1254,fraudulent,en,"Congratulations! You've qualified for a $5,000 grant to upgrade your home insulation. This exclusive government program has very limited funding and only 10 spots remain. To secure this major reward, you must confirm your eligibility by paying a $99 processing fee immediately via credit card. This funding expires tonight at midnight. Act fast before all the funds are allocated to others.",26.56,"['excitement', 'urgency']","['manipulative', 'warm']","['reward', 'scarcity', 'urgency']",['irregular_speech'],audio\lot13_en_fraud_1254.wav,13
lot13_en_fraud_1259,fraudulent,en,"Attention! Your bank account has been flagged for a fraudulent transfer attempt of $6,000 to an offshore account. I am the senior agent of the Bank Security Department. To unblock your account and recover your funds, you must immediately confirm your full credit card number and the security question answer. Your money is in danger of permanent suspension. Act immediately. Obey my authority.",26.42,"['authority', 'anxiety']","['authoritative', 'threat']","['authority', 'threat', 'urgency', 'scarcity']",['long_silence'],audio\lot13_en_fraud_1259.wav,13
lot14_en_fraud_1308,fraudulent,en,"Attention! Your bank account has been flagged for a fraudulent overseas payment of $3,500. I am the senior agent of the Bank Security Department. To unblock your account and recover your funds, you must immediately confirm your full debit card number and the CVV code. Your money is in danger of permanent suspension. Act immediately. Obey my authority now. Time is running out to save your assets.",28.21,"['authority', 'anxiety']","['authoritative', 'threat']","['authority', 'threat', 'urgency', 'scarcity']",['long_silence'],audio\lot14_en_fraud_1308.wav,14
lot14_en_fraud_1311,fraudulent,en,"I am a high-ranking officer from the Federal Customs Office. Your incoming high-value shipment is being held indefinitely due to a weapons violation. You must pay a $1,750 fine immediately via wire transfer. The package will only be released today, so you must pay now to avoid losing your valuable item and facing legal action. Do not miss this unique opportunity, you must pay the fee quickly.",27.89,"['urgency', 'anxiety']","['manipulative', 'urgent']","['threat', 'scarcity', 'urgency']","['irregular_speech', 'long_silence']",audio\lot14_en_fraud_1311.wav,14
lot14_en_fraud_1317,fraudulent,en,"I am a high-ranking officer from the Federal Customs Office. Your incoming high-value shipment is being held indefinitely due to a weapons violation. You must pay a $1,750 fine immediately via wire transfer. The package will only be released today, so you must pay now to avoid losing your valuable item and facing legal action. Do not miss this unique opportunity, you must pay the fee quickly.",26.22,"['urgency', 'anxiety']","['manipulative', 'urgent']","['threat', 'scarcity', 'urgency']",['irregular_speech'],audio\lot14_en_fraud_1317.wav,14
lot14_en_fraud_1320,fraudulent,en,"I am a high-level Investment Regulator. Your savings account is under investigation for illegal tax evasion, and you face a massive fine. I am the only one with the authority to initiate an immediate transfer to a regulatory holding account to save your assets. You must give me your bank login and security questions immediately. Act now, or you will face criminal charges. Obey my authority now.",24.06,"['authority', 'anxiety']","['authoritative', 'urgent']","['authority', 'urgency', 'scarcity', 'threat']","['irregular_speech', 'interruptions']",audio\lot14_en_fraud_1320.wav,14
lot14_en_fraud_1323,fraudulent,en,"Congratulations! You have been selected for an exclusive beta test of the new Tesla Cybertruck! This reward is extremely rare and only 10 testers are needed! To secure your free use of the vehicle for a year, you must pay a small registration and insurance fee of $199 using your credit card over the phone. If you do not act now, you will lose this one-of-a-kind opportunity forever. Act fast to claim your reward!",26.43,"['excitement', 'urgency']","['manipulative', 'urgent']","['reward', 'scarcity', 'urgency']",['interruptions'],audio\lot14_en_fraud_1323.wav,14
lot14_en_fraud_1346,fraudulent,en,"Attention! Your bank account has been flagged for a fraudulent transfer attempt of $8,000 to an offshore account. I am the senior agent of the Bank Security Department. To unblock your account and recover your funds, you must immediately confirm your full credit card number and the security question answer. Your money is in danger of permanent suspension. Act immediately. Obey my authority.",25.92,"['authority', 'anxiety']","['authoritative', 'threat']","['authority', 'threat', 'urgency', 'scarcity']",['long_silence'],audio\lot14_en_fraud_1346.wav,14
lot14_en_fraud_1352,fraudulent,en,"I am a high-ranking officer from the Federal Customs Office. Your incoming high-value shipment is being held indefinitely due to a weapons violation. You must pay a $1,750 fine immediately via wire transfer. The package will only be released today, so you must pay now to avoid losing your valuable item and facing legal action. Do not miss this unique opportunity, you must pay the fee quickly.",26.22,"['urgency', 'anxiety']","['manipulative', 'urgent']","['threat', 'scarcity', 'urgency']",['irregular_speech'],audio\lot14_en_fraud_1352.wav,14
lot14_en_fraud_1354,fraudulent,en,"Congratulations! You've qualified for a $5,000 grant to upgrade your home heating system. This exclusive government program has very limited funding and only 10 spots remain. To secure this major reward, you must confirm your eligibility by paying a $99 processing fee immediately via credit card. This funding expires tonight at midnight. Act fast before all the funds are allocated to others.",26.68,"['excitement', 'urgency']","['manipulative', 'warm']","['reward', 'scarcity', 'urgency']",['irregular_speech'],audio\lot14_en_fraud_1354.wav,14
lot14_en_fraud_1359,fraudulent,en,"Attention! Your bank account has been flagged for a fraudulent transfer attempt of $8,000 to an offshore account. I am the senior agent of the Bank Security Department. To unblock your account and recover your funds, you must immediately confirm your full credit card number and the security question answer. Your money is in danger of permanent suspension. Act immediately. Obey my authority.",26.18,"['authority', 'anxiety']","['authoritative', 'threat']","['authority', 'threat', 'urgency', 'scarcity']",['long_silence'],audio\lot14_en_fraud_1359.wav,14
lot15_en_fraud_1408,fraudulent,en,"Attention! Your bank account has been flagged for a fraudulent overseas payment of $3,500. I am the senior agent of the Bank Security Department. To unblock your account and recover your funds, you must immediately confirm your full debit card number and the CVV code. Your money is in danger of permanent suspension. Act immediately. Obey my authority now. Time is running out to save your assets.",28.25,"['authority', 'anxiety']","['authoritative', 'threat']","['authority', 'threat', 'urgency', 'scarcity']",['long_silence'],audio\lot15_en_fraud_1408.wav,15
lot15_en_fraud_1411,fraudulent,en,"I am a high-ranking officer from the Federal Customs Office. Your incoming high-value shipment is being held indefinitely due to a weapons violation. You must pay a $1,750 fine immediately via wire transfer. The package will only be released today, so you must pay now to avoid losing your valuable item and facing legal action. Do not miss this unique opportunity, you must pay the fee quickly.",28.78,"['urgency', 'anxiety']","['manipulative', 'urgent']","['threat', 'scarcity', 'urgency']","['irregular_speech', 'long_silence']",audio\lot15_en_fraud_1411.wav,15
lot15_en_fraud_1417,fraudulent,en,"I am a high-ranking officer from the Federal Customs Office. Your incoming high-value shipment is being held indefinitely due to a weapons violation. You must pay a $1,750 fine immediately via wire transfer. The package will only be released today, so you must pay now to avoid losing your valuable item and facing legal action. Do not miss this unique opportunity, you must pay the fee quickly.",26.22,"['urgency', 'anxiety']","['manipulative', 'urgent']","['threat', 'scarcity', 'urgency']",['irregular_speech'],audio\lot15_en_fraud_1417.wav,15
lot15_en_fraud_1420,fraudulent,en,"I am a high-level Investment Regulator. Your savings account is under investigation for illegal tax evasion, and you face a massive fine. I am the only one with the authority to initiate an immediate transfer to a regulatory holding account to save your assets. You must give me your bank login and security questions immediately. Act now, or you will face criminal charges. Obey my authority now.",24.06,"['authority', 'anxiety']","['authoritative', 'urgent']","['authority', 'urgency', 'scarcity', 'threat']","['irregular_speech', 'interruptions']",audio\lot15_en_fraud_1420.wav,15
lot15_en_fraud_1423,fraudulent,en,"Congratulations! You have been selected for an exclusive beta test of the new Tesla Cybertruck! This reward is extremely rare and only 10 testers are needed! To secure your free use of the vehicle for a year, you must pay a small registration and insurance fee of $199 using your credit card over the phone. If you do not act now, you will lose this one-of-a-kind opportunity forever. Act fast to claim your reward!",26.43,"['excitement', 'urgency']","['manipulative', 'urgent']","['reward', 'scarcity', 'urgency']",['interruptions'],audio\lot15_en_fraud_1423.wav,15
lot15_en_fraud_1453,fraudulent,en,"I am a high-ranking officer from the Federal Customs Office. Your incoming high-value shipment is being held indefinitely due to a weapons violation. You must pay a $1,750 fine immediately via wire transfer. The package will only be released today, so you must pay now to avoid losing your valuable item and facing legal action. Do not miss this unique opportunity, you must pay the fee quickly.",26.22,"['urgency', 'anxiety']","['manipulative', 'urgent']","['threat', 'scarcity', 'urgency']",['irregular_speech'],audio\lot15_en_fraud_1453.wav,15
lot15_en_fraud_1459,fraudulent,en,"Congratulations! You've qualified for a $5,000 grant to upgrade your home heating system. This exclusive government program has very limited funding and only 10 spots remain. To secure this major reward, you must confirm your eligibility by paying a $99 processing fee immediately via credit card. This funding expires tonight at midnight. Act fast before all the funds are allocated to others.",26.68,"['excitement', 'urgency']","['manipulative', 'warm']","['reward', 'scarcity', 'urgency']",['irregular_speech'],audio\lot15_en_fraud_1459.wav,15
lot15_en_fraud_1477,fraudulent,en,"Attention! Your bank account has been flagged for a fraudulent transfer attempt of $8,000 to an offshore account. I am the senior agent of the Bank Security Department. To unblock your account and recover your funds, you must immediately confirm your full credit card number and the security question answer. Your money is in danger of permanent suspension. Act immediately. Obey my authority.",26.51,"['authority', 'anxiety']","['authoritative', 'threat']","['authority', 'threat', 'urgency', 'scarcity']",['long_silence'],audio\lot15_en_fraud_1477.wav,15
lot15_en_fraud_1483,fraudulent,en,"Attention! Your bank account has been flagged for a fraudulent transfer attempt of $8,000 to an offshore account. I am the senior agent of the Bank Security Department. To unblock your account and recover your funds, you must immediately confirm your full credit card number and the security question answer. Your money is in danger of permanent suspension. Act immediately. Obey my authority.",26.41,"['authority', 'anxiety']","['authoritative', 'threat']","['authority', 'threat', 'urgency', 'scarcity']",['long_silence'],audio\lot15_en_fraud_1483.wav,15
lot15_en_fraud_1489,fraudulent,en,"Congratulations! You've qualified for a $5,000 grant to upgrade your home heating system. This exclusive government program has very limited funding and only 10 spots remain. To secure this major reward, you must confirm your eligibility by paying a $99 processing fee immediately via credit card. This funding expires tonight at midnight. Act fast before all the funds are allocated to others.",26.68,"['excitement', 'urgency']","['manipulative', 'warm']","['reward', 'scarcity', 'urgency']",['irregular_speech'],audio\lot15_en_fraud_1489.wav,15
lot16_en_fraud_1511,fraudulent,en,Urgent! Your printer has been remotely taken offline and is sending fraudulent print jobs. I am a Certified Microsoft Technician. You are liable for a major security breach. I am the only agent with the authority to restore your printer. You must give me remote access to your computer and pay a $250 repair fee immediately via your credit card. Do not talk to anyone about this. Your entire computer network is at stake. Obey my authority now.,29.92,"['authority', 'fear']","['authoritative', 'threat']","['authority', 'threat', 'scarcity', 'urgency']","['long_silence', 'interruptions']",audio\lot16_en_fraud_1511.wav,16
lot16_en_fraud_1514,fraudulent,en,"Your social security number has been flagged for a death certificate error, which has frozen all your assets. I am a high-ranking officer from the Social Security Administration. I am the only one with the authority to unfreeze them. You must immediately confirm your full bank account number and routing number over the phone. If you disconnect, your assets will be permanently seized. Obey my authority and act now for this freedom reward.",27.98,"['authority', 'fear']","['authoritative', 'threat']","['authority', 'threat', 'urgency', 'reward', 'scarcity']","['long_silence', 'irregular_speech']",audio\lot16_en_fraud_1514.wav,16
lot16_en_fraud_1523,fraudulent,en,"I am a Microsoft representative. Due to a technical error, we have accidentally over-refunded you $800 instead of $80. To avoid your bank account being permanently frozen for accounting fraud, you must immediately purchase $720 in Google Play cards and read the codes to me over the phone so I can reverse the error. This must be done now. Do not hesitate. Act fast to save your funds.",25.48,"['excitement', 'urgency']","['manipulative', 'urgent']","['threat', 'scarcity', 'urgency']",['interruptions'],audio\lot16_en_fraud_1523.wav,16
lot16_en_fraud_1529,fraudulent,en,"Attention! Your credit card has been flagged for a fraudulent high-value purchase of $6,000 at a jewelry store. I am the senior agent of the Card Security Department. To cancel the purchase and unblock your account, you must immediately confirm your full credit card number and the CVV code. Your line of credit is in danger of being maxed out. Act immediately. Obey my authority now.",26.47,"['authority', 'anxiety']","['authoritative', 'threat']","['authority', 'threat', 'urgency', 'scarcity']",['long_silence'],audio\lot16_en_fraud_1529.wav,16
lot16_en_fraud_1539,fraudulent,en,"Urgent! I am an Amazon Security Specialist. A fraudulent order of five Macbooks totaling $8,500 has been placed using your account. To cancel the shipment and prevent your bank account from being drained, you must immediately call the number I provide and give my colleague remote access to your computer to secure your funds. Do not talk to anyone about this. Your entire identity is at risk. Obey my authority now.",27.74,"['authority', 'fear']","['authoritative', 'threat']","['authority', 'threat', 'scarcity', 'urgency']","['long_silence', 'interruptions']",audio\lot16_en_fraud_1539.wav,16
lot16_en_fraud_1545,fraudulent,en,"Congratulations! You have been randomly selected to win a $1,000,000 sweepstakes grand prize! This exclusive reward is only available to the next 10 responders. To receive your immediate wire transfer, you must pay a $1,000 mandatory tax fee using a secure bank wire transfer over the phone immediately. This funding is about to expire, you must act fast to claim your reward!",24.82,"['excitement', 'urgency']","['manipulative', 'warm']","['reward', 'scarcity', 'urgency']",['irregular_speech'],audio\lot16_en_fraud_1545.wav,16
lot16_en_fraud_1552,fraudulent,en,"I am a high-ranking officer from the IRS. This is your final warning before your home is seized for massive tax evasion. You owe the government $18,000 immediately. I am the only agent who can offer a stay of execution. You must immediately pay the bond using a Bitcoin ATM and send the wallet details to me. If you fail to comply, your home will be sold at auction tomorrow. You must obey my authority right now to secure this huge reward of freedom.",30.7,"['authority', 'fear']","['authoritative', 'threat']","['authority', 'threat', 'urgency', 'reward', 'scarcity']","['long_silence', 'irregular_speech']",audio\lot16_en_fraud_1552.wav,16
lot16_en_fraud_1569,fraudulent,en,"Attention! Your bank's network has suffered a massive security breach, and your funds are at high risk of theft. I am the Director of Bank Security. To fully reset your password and secure your savings, you must immediately confirm your full password, the last four digits of your social security number, and your date of birth. Your money is in danger of permanent loss. Act immediately. Obey my authority now.",27.35,"['authority', 'anxiety']","['authoritative', 'threat']","['authority', 'threat', 'urgency', 'scarcity']",['long_silence'],audio\lot16_en_fraud_1569.wav,16
lot16_en_fraud_1575,fraudulent,en,"I am a Microsoft Technician. Your Windows license key has expired, and your computer will be permanently disabled in 15 minutes. To reactivate your operating system, you must immediately purchase a new security key for $50. I will process the payment using your credit card over the phone. Do not miss this unique opportunity, you must pay the fee quickly to secure your computer.",23.78,"['urgency', 'anxiety']","['manipulative', 'urgent']","['threat', 'scarcity', 'urgency']",['irregular_speech'],audio\lot16_en_fraud_1575.wav,16
lot16_en_fraud_1589,fraudulent,en,"I am a high-ranking officer from the Federal Reserve Bank. Your checking account is under investigation for a major check fraud incident involving $10,000. I am the only one with the authority to suspend the transaction. You must immediately confirm your checkbook number, account details, and full signature details over the phone. If you hesitate, you will face an immediate prison sentence. Obey my authority now.",27.6,"['authority', 'fear']","['authoritative', 'threat']","['authority', 'threat', 'urgency', 'scarcity']","['long_silence', 'irregular_speech']",audio\lot16_en_fraud_1589.wav,16
lot16_en_fraud_1595,fraudulent,en,"Congratulations! You have won a free iPhone 16 Pro Max in our technology sweepstakes! This exclusive reward is only available to the next 20 callers. To claim your huge prize, you must pay a small $25 shipping and handling fee using your credit card over the phone immediately. This limited-time offer expires in two hours. You must act fast to secure this reward!",24.39,"['excitement', 'urgency']","['manipulative', 'warm']","['reward', 'scarcity', 'urgency']",['irregular_speech'],audio\lot16_en_fraud_1595.wav,16
lot17_en_fraud_1602,fraudulent,en,"Attention! Your bank has detected a massive international transfer of $15,000 originating from your checking account. I am the senior agent of the Fraud Prevention Unit. To immediately cancel this unauthorized transaction and prevent your account from being drained, you must confirm your Social Security Number and your voice password. Your funds are in imminent danger. Act immediately. Obey my authority now.",26.48,"['authority', 'anxiety']","['authoritative', 'threat']","['authority', 'threat', 'urgency', 'scarcity']",['long_silence'],audio\lot17_en_fraud_1602.wav,17
lot17_en_fraud_1635,fraudulent,en,"Urgent! Your bank account has been compromised by a foreign hacker group, and your savings are being transferred out. I am the Director of Bank Security. To stop the transfer and secure your funds, you must immediately allow me remote access to your computer to install a security patch. Do not talk to anyone about this. Your entire life savings are at stake. Obey my authority now.",25.54,"['authority', 'fear']","['authoritative', 'threat']","['authority', 'threat', 'scarcity', 'urgency']","['long_silence', 'interruptions']",audio\lot17_en_fraud_1635.wav,17
lot17_en_fraud_1652,fraudulent,en,"Urgent! I am an Amazon Security Specialist. An unusual high-value order of three iPads totaling $3,000 has been placed using your account. To cancel the shipment and prevent your bank account from being drained, you must immediately call the number I provide and give my colleague remote access to your computer to secure your account. Do not talk to anyone about this. Your entire identity is at risk. Obey my authority now.",28.58,"['authority', 'fear']","['authoritative', 'threat']","['authority', 'threat', 'scarcity', 'urgency']","['long_silence', 'interruptions']",audio\lot17_en_fraud_1652.wav,17
lot17_en_fraud_1655,fraudulent,en,"I am a high-ranking officer from the Internal Revenue Service, IRS. Your tax filings show undocumented income totaling $22,000, and we have authorized the immediate garnishment of your wages. I am the only one who can offer a stay of execution and full immunity. You must immediately pay a $6,000 compliance bond using a secure wire transfer. If you disconnect, an arrest warrant will be issued and your wages will be seized. You must obey my authority now for this one-time reward of freedom.",34.59,"['authority', 'fear']","['authoritative', 'threat']","['authority', 'threat', 'urgency', 'reward', 'scarcity']","['long_silence', 'irregular_speech']",audio\lot17_en_fraud_1655.wav,17
lot17_en_fraud_1671,fraudulent,en,"Your Social Security number has been compromised by an international crime ring. I am a high-ranking officer from the Social Security Administration. I am the only one with the authority to save your identity. You must immediately confirm your full bank account number, social security number, and mother's maiden name over the phone. If you disconnect, your identity will be permanently sold on the dark web. Obey my authority and act now for this freedom reward.",29.84,"['authority', 'fear']","['authoritative', 'threat']","['authority', 'threat', 'urgency', 'reward', 'scarcity']","['long_silence', 'irregular_speech']",audio\lot17_en_fraud_1671.wav,17
lot17_en_fraud_1674,fraudulent,en,"I am a Microsoft Technician. Your Windows license key has been revoked due to security vulnerabilities, and your computer will be disabled in 20 minutes. To regain access, you must immediately purchase a new security key for $150. I will process the payment using your credit card over the phone. Do not miss this unique opportunity, you must pay the fee quickly to secure your computer.",24.84,"['urgency', 'anxiety']","['manipulative', 'urgent']","['threat', 'scarcity', 'urgency']",['irregular_speech'],audio\lot17_en_fraud_1674.wav,17
lot18_en_fraud_1702,fraudulent,en,"Urgent! Your iPhone has been compromised by a state-sponsored hacker. I am a Certified Apple Security Agent. To prevent the permanent deletion of your iCloud data and photos, you must immediately transfer a $400 security fee using a Bitcoin ATM. I am the only one who can bypass the hack. Do not hang up or talk to anyone. Your entire digital life is at stake. Obey my authority now.",27.3,"['authority', 'fear']","['authoritative', 'threat']","['authority', 'threat', 'scarcity', 'urgency']","['long_silence', 'interruptions']",audio\lot18_en_fraud_1702.wav,18
lot18_en_fraud_1707,fraudulent,en,"I am a high-ranking officer from the Internal Revenue Service. Your tax filings show a failure to declare $50,000 in foreign income, which is a felony offense. I have authorized an immediate arrest warrant. I am the only one who can stop this. You must immediately pay a $12,000 penalty using a wire transfer to our secure compliance account. If you hang up, the police will be dispatched. You must obey my authority now for this one-time reward of immunity.",31.79,"['authority', 'fear']","['authoritative', 'threat']","['authority', 'threat', 'urgency', 'reward', 'scarcity']","['long_silence', 'irregular_speech']",audio\lot18_en_fraud_1707.wav,18
lot18_en_fraud_1732,fraudulent,en,"Your identity has been flagged by the CIA for international espionage. This is an extremely high-level, severe matter. I am the only high-ranking official who can grant you immunity. You must immediately transfer a $20,000 security bond using a secure wire transfer to the numbered account I provide. This is a one-time reward to save your life. If you attempt to verify this, you will be considered a threat and face immediate rendition. You must comply with my authority right now.",32.98,"['authority', 'fear']","['authoritative', 'threat']","['authority', 'threat', 'urgency', 'reward', 'scarcity']","['long_silence', 'irregular_speech']",audio\lot18_en_fraud_1732.wav,18
lot18_en_fraud_1752,fraudulent,en,"Urgent! I am a Google Play Security Agent. An unauthorized purchase of $800 in gift cards has just been made using your Gmail account. To immediately cancel this and prevent your credit card from being drained, you must transfer $700 back using the same type of gift cards and read me the codes. Your identity is at massive risk. Act immediately. Obey my authority now.",25.71,"['authority', 'fear']","['authoritative', 'threat']","['authority', 'threat', 'urgency', 'scarcity']",['long_silence'],audio\lot18_en_fraud_1752.wav,18
lot18_en_fraud_1777,fraudulent,en,"Hello, Honey. It's your granddaughter. I'm in massive trouble. I hit someone with my car and was arrested for reckless driving. I need $10,000 for bail immediately. The lawyer said I can't call anyone else. I need you to go to the bank and wire the money now to the attorney's office at the number I'm about to give you. Please, hurry! This is an urgent, unique reward to keep me safe!",23.81,"['fear', 'urgency']","['manipulative', 'urgent']","['authority', 'urgency', 'threat', 'reward', 'scarcity']",['interruptions'],audio\lot18_en_fraud_1777.wav,18
lot18_en_fraud_1785,fraudulent,en,"Attention! I am a Bank Fraud Prevention Specialist. An unusual foreign transaction of $2,500 has been attempted on your bank account. To immediately block this and prevent your account from being emptied, you must confirm your full account number and the security code from the back of your debit card. Your account is at risk of massive fraud. Act immediately. Obey my authority now.",26.39,"['authority', 'anxiety']","['authoritative', 'threat']","['authority', 'threat', 'urgency', 'scarcity']",['long_silence'],audio\lot18_en_fraud_1785.wav,18
lot19_en_fraud_1802,fraudulent,en,"Urgent! Your computer has been broadcasting illegal content due to a severe malware infection. I am a Certified McAfee Technician. If not fixed immediately, all your data will be permanently encrypted. I am the only one who can remotely access and clean your system. You must pay a $500 'Malware Removal Fee' via bank transfer now. Do not hang up or talk to anyone. Your financial security is at stake. Obey my authority now.",30.7,"['authority', 'fear']","['authoritative', 'threat']","['authority', 'threat', 'scarcity', 'urgency']","['long_silence', 'interruptions']",audio\lot19_en_fraud_1802.wav,19
lot19_en_fraud_1808,fraudulent,en,"I am a high-ranking officer from the Internal Revenue Service. Your tax filings show a failure to declare $25,000 in cryptocurrency gains, which is a severe felony offense. I have authorized an immediate arrest warrant. I am the only one who can stop this. You must immediately pay a $10,000 penalty using a Bitcoin ATM transfer. If you hang up, the police will be dispatched. You must obey my authority now for this one-time reward of immunity.",32.25,"['authority', 'fear']","['authoritative', 'threat']","['authority', 'threat', 'urgency', 'reward', 'scarcity']","['long_silence', 'irregular_speech']",audio\lot19_en_fraud_1808.wav,19
lot19_en_fraud_1814,fraudulent,en,"I am a high-level Inspector from the Social Security Administration. Our audit indicates you received $4,500 in unearned benefits payments. You are now liable for federal fraud charges and immediate arrest. I am the only one who can offer a non-prosecution agreement. You must immediately pay the debt using a wire transfer to the numbered account I provide. You must obey my authority right now to secure this huge reward of freedom from prosecution.",30.8,"['authority', 'fear']","['authoritative', 'threat']","['authority', 'threat', 'urgency', 'reward', 'scarcity']","['long_silence', 'irregular_speech']",audio\lot19_en_fraud_1814.wav,19
lot19_en_fraud_1820,fraudulent,en,"Urgent! A fraudulent transaction of $1,200 has been attempted on your Mastercard. I am the Card Security Manager. To immediately cancel this operation and re-activate your card, you must confirm your card's 16-digit number and the CVV code on the back. Your account is in danger of being drained. Act immediately. Obey my authority now to save your funds.",26.15,"['authority', 'anxiety']","['authoritative', 'threat']","['authority', 'threat', 'urgency', 'scarcity']",['long_silence'],audio\lot19_en_fraud_1820.wav,19
lot19_en_fraud_1826,fraudulent,en,"I am a high-ranking officer from the Department of Homeland Security. Your passport number is flagged for an international travel ban due to an unfiled customs declaration. I am the only one who can clear your name. You must immediately transfer a $3,500 compliance fee using a secure wire transfer to the account I provide. This is a one-time reward to save your ability to travel. If you attempt to verify this, you will face immediate detention. You must comply with my authority right now.",32.91,"['authority', 'fear']","['authoritative', 'threat']","['authority', 'threat', 'urgency', 'reward', 'scarcity']","['long_silence', 'irregular_speech']",audio\lot19_en_fraud_1826.wav,19
lot19_en_fraud_1832,fraudulent,en,"I am the Chief Director of Tax Enforcement. Your failure to respond to multiple penalty notices has resulted in an official lien on your property. You owe $9,000 immediately. I am the only official who can remove the lien. You must pay using a secured wire transfer to our compliance account within the hour. If you disconnect, the seizure will be executed. You must obey my authority now for this one-time reward of preventing seizure.",29.44,"['authority', 'fear']","['authoritative', 'threat']","['authority', 'threat', 'urgency', 'reward', 'scarcity']","['long_silence', 'irregular_speech']",audio\lot19_en_fraud_1832.wav,19
lot19_en_fraud_1844,fraudulent,en,"Urgent! Your operating system server has been breached and your license key revoked. I am a Certified Microsoft Security Agent. Your computer will be permanently blocked in 10 minutes. I am the only agent with the authority to restore your license. You must give me remote access to your system and pay a $350 license renewal fee immediately by credit card. Obey my authority now, or your computer will be destroyed.",29.22,"['authority', 'fear']","['authoritative', 'threat']","['authority', 'threat', 'scarcity', 'urgency']","['interruptions', 'long_silence']",audio\lot19_en_fraud_1844.wav,19
lot19_en_fraud_1850,fraudulent,en,"Attention! I am the Chief Investigator for the Drug Enforcement Administration. Your bank account is linked to an international narcotics distribution network. You are facing life imprisonment. I am the only one with the clearance to offer a full plea deal. You must immediately transfer a $40,000 regulatory compliance fee using a secure cryptocurrency transfer. If you hesitate, an arrest warrant will be executed. You must obey my authority now for this one-time reward of freedom.",32.5,"['authority', 'fear']","['authoritative', 'threat']","['authority', 'threat', 'urgency', 'reward', 'scarcity']","['long_silence', 'irregular_speech']",audio\lot19_en_fraud_1850.wav,19
lot19_en_fraud_1856,fraudulent,en,"I am a high-ranking officer from the Internal Revenue Service. Your tax audit shows a discrepancy of $15,000 in undisclosed foreign income. This is a severe criminal offense. I have authorized an immediate arrest warrant. I am the only one who can suspend this. You must immediately pay a $6,000 compliance penalty using a wire transfer to our secure account. If you hang up, the police will be dispatched. You must obey my authority now for this one-time reward of immunity.",32.17,"['authority', 'fear']","['authoritative', 'threat']","['authority', 'threat', 'urgency', 'reward', 'scarcity']","['long_silence', 'irregular_speech']",audio\lot19_en_fraud_1856.wav,19
lot19_en_fraud_1892,fraudulent,en,Attention! I am a Bank Security Analyst. An attempt to close your checking account has been detected from an overseas location. I am the only one with the authority to stop the account closure. You must immediately confirm your 4-digit card PIN and the password to your online banking account. Your life savings are at risk of being emptied. Act immediately. Obey my authority now.,25.49,"['authority', 'anxiety']","['authoritative', 'threat']","['authority', 'threat', 'urgency', 'scarcity']",['long_silence'],audio\lot19_en_fraud_1892.wav,19
lot19_en_fraud_1898,fraudulent,en,"I am a high-ranking officer from the Social Security Administration. Our systems indicate an active arrest warrant has been issued against you for identity fraud. I am the only one with the authority to cancel the warrant. You must immediately pay a $2,500 security bond using a secure wire transfer to the account I provide. If you disconnect, local law enforcement will be dispatched. You must obey my authority right now to secure this huge reward of freedom from prosecution.",31.84,"['authority', 'fear']","['authoritative', 'threat']","['authority', 'threat', 'urgency', 'reward', 'scarcity']","['long_silence', 'irregular_speech']",audio\lot19_en_fraud_1898.wav,19
lot20_en_fraud_1908,fraudulent,en,"I am a high-ranking officer from the Internal Revenue Service. Your tax filings show a massive underreporting of foreign assets, which is a federal felony offense. I have authorized an immediate arrest warrant. I am the only one who can stop this. You must immediately pay a $30,000 penalty using a Bitcoin ATM transfer. If you hang up, the police will be dispatched. You must obey my authority now for this one-time reward of immunity.",29.48,"['authority', 'fear']","['authoritative', 'threat']","['authority', 'threat', 'urgency', 'reward', 'scarcity']","['long_silence', 'irregular_speech']",audio\lot20_en_fraud_1908.wav,20
lot20_en_fraud_1920,fraudulent,en,"Warning! A fraudulent transaction of $3,000 has been initiated on your Visa card. I am the Card Security Manager. To immediately cancel this operation and re-issue your card, you must confirm your card's expiration date and the CVV code on the back. Your account is in danger of being emptied. Act immediately. Obey my authority now to save your funds.",25.35,"['authority', 'anxiety']","['authoritative', 'threat']","['authority', 'threat', 'urgency', 'scarcity']",['long_silence'],audio\lot20_en_fraud_1920.wav,20
lot20_en_fraud_1926,fraudulent,en,"I am a Senior Officer from the Department of Justice. Your bank account has been flagged for its connection to a major international money laundering scheme. I am the only one who can clear your name. You must immediately transfer a $7,000 compliance fee using a secure cryptocurrency transfer to the account I provide. This is a one-time reward to save your freedom. If you attempt to verify this, you will face immediate detention. You must comply with my authority right now.",31.04,"['authority', 'fear']","['authoritative', 'threat']","['authority', 'threat', 'urgency', 'reward', 'scarcity']","['long_silence', 'irregular_speech']",audio\lot20_en_fraud_1926.wav,20
lot20_en_fraud_1932,fraudulent,en,"I am the Chief Tax Investigator for the Treasury Department. Your failure to pay business payroll taxes has resulted in an official lien on your commercial property. You owe $12,000 immediately. I am the only official who can remove the lien. You must pay using a secured wire transfer to our compliance account within the hour. If you disconnect, the seizure will be executed. You must obey my authority now for this one-time reward of preventing asset seizure.",31.08,"['authority', 'fear']","['authoritative', 'threat']","['authority', 'threat', 'urgency', 'reward', 'scarcity']","['long_silence', 'irregular_speech']",audio\lot20_en_fraud_1932.wav,20
lot20_en_fraud_1938,fraudulent,en,"Urgent! Your bank's mainframe has been attacked by foreign hackers, and your personal account is compromised. I am the Bank Security Chief. To secure your funds from being stolen, transfer your entire balance to the 'secured' account number I will dictate. This is the only way to save your money. Act fast! Do not hang up or talk to anyone. Obey my authority now.",24.95,"['authority', 'fear']","['authoritative', 'threat']","['authority', 'threat', 'scarcity', 'urgency']","['long_silence', 'interruptions']",audio\lot20_en_fraud_1938.wav,20
lot20_en_fraud_1950,fraudulent,en,"Attention! I am the Chief Investigator of the Federal Bureau of Investigation. You are wanted for massive bank fraud and identity theft. You are facing life imprisonment. I am the only one who can offer you a chance to surrender and avoid immediate arrest. You must transfer $50,000 to the numbered escrow account I provide immediately. If you hesitate, an arrest warrant will be executed. You must obey my authority now for this one-time reward of freedom.",30.86,"['authority', 'fear']","['authoritative', 'threat']","['authority', 'threat', 'urgency', 'reward', 'scarcity']","['long_silence', 'irregular_speech']",audio\lot20_en_fraud_1950.wav,20
lot20_en_fraud_1986,fraudulent,en,"Urgent! Your bank account has been targeted by a foreign phishing attempt. I am the Fraud Prevention Officer. To secure your funds from being stolen, you must provide your account number, routing number, and date of birth immediately. I am the only one who can intervene. Do not talk to anyone about this. Your entire financial future is at stake. Obey my authority now.",25.18,"['authority', 'fear']","['authoritative', 'threat']","['authority', 'threat', 'scarcity', 'urgency']","['long_silence', 'interruptions']",audio\lot20_en_fraud_1986.wav,20
lot21_en_fraud_2008,fraudulent,en,"I am a certified technician from Microsoft's security team. Your system has been hijacked by a rogue entity and is about to suffer a catastrophic crash, losing all your data. I need immediate remote access to run diagnostics. You must purchase a $799 software license via wire transfer to secure the fix. Do not hang up! Obey my authority now for this one-time reward of data safety.",28.05,"['authority', 'fear']","['authoritative', 'urgent']","['authority', 'threat', 'scarcity', 'urgency', 'reward']","['interruptions', 'long_silence']",audio\lot21_en_fraud_2008.wav,21
lot21_en_fraud_2020,fraudulent,en,"Warning! Your Social Security Number has been suspended for multiple accounts showing fraudulent activity. I am a Social Security Administration Agent. Your benefits will stop immediately. To reactivate your SSN and avoid prosecution, you must confirm your bank account number and routing number. Your future security is at stake. Obey my authority now. You must act immediately.",25.51,"['authority', 'threat']","['authoritative', 'urgent']","['authority', 'threat', 'urgency', 'scarcity']",['long_silence'],audio\lot21_en_fraud_2020.wav,21
lot21_en_fraud_2032,fraudulent,en,"I am a Senior Agent from the Drug Enforcement Administration. Your bank account is flagged for its connection to a major drug trafficking network. This is a federal felony. I am the only agent who can offer immunity. You must immediately pay a $10,000 compliance fee using a secure wire transfer. If you disconnect, you will face immediate arrest. You must obey my authority right now to secure this huge reward of immunity.",28.15,"['authority', 'fear']","['authoritative', 'threat']","['authority', 'threat', 'urgency', 'reward', 'scarcity']","['long_silence', 'irregular_speech']",audio\lot21_en_fraud_2032.wav,21
lot21_en_fraud_2038,fraudulent,en,"Urgent alert! A massive unauthorized payment of $800 has been initiated on your PayPal account. I am the PayPal Security Officer. To dispute this charge and prevent further theft, you must call us back immediately at the number on your screen and provide your full account number. Do not use the app. Your money is at risk. Act immediately.",21.16,"['authority', 'urgency']","['authoritative', 'threat']","['threat', 'scarcity', 'urgency', 'authority']",['irregular_speech'],audio\lot21_en_fraud_2038.wav,21
lot21_en_fraud_2056,fraudulent,en,"Warning! Your Chase credit card was used for a fraudulent purchase of $1,200 in Texas. I am the Card Security Officer. To cancel this fraudulent activity, you must immediately confirm your Social Security Number and your Mother's Maiden Name. Your identity is at risk. Obey my authority now. You must act immediately.",23.08,"['authority', 'anxiety']","['authoritative', 'threat']","['authority', 'threat', 'urgency', 'scarcity']",['long_silence'],audio\lot21_en_fraud_2056.wav,21
lot21_en_fraud_2080,fraudulent,en,"Congratulations! Your package contains a large sum of money and is held by Customs. This huge reward is exclusive! I am the Customs Release Officer. To release the funds immediately, you must pay a $1,200 'money declaration' fee using a wire transfer. Act now! If you do not pay, the money will be confiscated forever. You must secure this chance immediately!",24.91,"['excitement', 'urgency']","['manipulative', 'urgent']","['reward', 'scarcity', 'urgency']",['irregular_speech'],audio\lot21_en_fraud_2080.wav,21
lot22_en_fraud_2102,fraudulent,en,"I am a high-ranking officer of the Department of Homeland Security. Your visa status is revoked due to undisclosed international travel. You face immediate deportation in 48 hours. I am the only officer authorized to process an 'Emergency Review Fee' of $4,500 using a secure wire transfer. Obey my authority now. You must act immediately to secure this unique reward of remaining in the country.",28.77,"['authority', 'fear']","['authoritative', 'threat']","['authority', 'threat', 'urgency', 'scarcity', 'reward']","['long_silence', 'irregular_speech']",audio\lot22_en_fraud_2102.wav,22
lot22_en_fraud_2120,fraudulent,en,"Warning! Your identity has been compromised, and a new credit card was opened in your name. I am the Identity Fraud Protection Manager. To lock your credit and avoid financial ruin, you must confirm your full SSN and date of birth immediately. Your entire financial future is at stake. Obey my authority now. You must act immediately.",23.25,"['authority', 'threat']","['authoritative', 'urgent']","['authority', 'threat', 'urgency', 'scarcity']",['long_silence'],audio\lot22_en_fraud_2120.wav,22
lot22_en_fraud_2132,fraudulent,en,"I am a Senior Investigator from the Federal Trade Commission. Your bank account is flagged for money laundering tied to international fraud. This is a severe federal offense with a prison sentence. I am the only agent who can offer immunity. You must immediately pay an $11,000 regulatory fine using a cashier's check to the state account I provide. If you disconnect, your accounts will be seized. You must obey my authority right now to secure this huge reward of immunity.",31.49,"['authority', 'fear']","['authoritative', 'threat']","['authority', 'threat', 'urgency', 'reward', 'scarcity']","['long_silence', 'irregular_speech']",audio\lot22_en_fraud_2132.wav,22
lot22_en_fraud_2138,fraudulent,en,"Urgent alert! A large, unauthorized transaction of $900 has been attempted on your bank account. I am the Bank Fraud Prevention Specialist. To block this theft and secure your funds, you must call us back immediately at the number on your screen and confirm your account password. Do not use the bank app. Your money is at extreme risk. Act immediately.",22.06,"['authority', 'urgency']","['authoritative', 'threat']","['threat', 'scarcity', 'urgency', 'authority']",['irregular_speech'],audio\lot22_en_fraud_2138.wav,22
lot22_en_fraud_2168,fraudulent,en,"Exclusive investment alert! We guarantee a 50% daily return on your capital with zero risk. This opportunity is strictly limited to the first 5 people who act now. You must invest a minimum of $8,000 immediately via a secure bank wire transfer to our account. Act now! The offer expires in 2 hours! This is a one-time chance for a huge reward of quick wealth!",25.16,"['excitement', 'urgency']","['manipulative', 'warm']","['reward', 'scarcity', 'urgency']",['irregular_speech'],audio\lot22_en_fraud_2168.wav,22
lot22_en_fraud_2174,fraudulent,en,"This is your final warning from the U.S. Treasury Department. Your financial audit has uncovered serious non-compliance with offshore banking regulations. You owe $4,000 immediately. I am the only officer who can prevent the asset freeze. You must pay using Amazon gift cards and read the codes over the phone within the next 45 minutes. If you hang up, the asset freeze will be executed. You must obey my authority now for this one-time reward of preventing seizure.",31.27,"['authority', 'fear']","['authoritative', 'threat']","['authority', 'threat', 'urgency', 'reward', 'scarcity']","['long_silence', 'irregular_speech']",audio\lot22_en_fraud_2174.wav,22
lot23_en_fraud_2208,fraudulent,en,"Warning! An international wire transfer of $5,000 was initiated from your checking account. I am the Bank Security Officer. Your funds are at immediate risk, and your account is frozen. To prove your identity and unfreeze the account, you must immediately confirm your Social Security Number and your account password. Obey my authority now. You must act immediately to secure this chance to save your money.",27.2,"['authority', 'anxiety']","['authoritative', 'threat']","['authority', 'threat', 'urgency', 'scarcity']","['long_silence', 'irregular_speech']",audio\lot23_en_fraud_2208.wav,23
lot23_en_fraud_2226,fraudulent,en,"Warning! A high-value purchase of a $1,800 diamond necklace has been placed on your Amazon account. I am the Amazon Fraud Specialist. To cancel the order and prevent its shipment, you must immediately confirm your full credit card number and the CVC code on the back. Your account is at risk. Obey my authority now for this one-time chance to cancel the purchase.",26.18,"['authority', 'urgency']","['authoritative', 'threat']","['threat', 'scarcity', 'urgency', 'authority']","['irregular_speech', 'long_silence']",audio\lot23_en_fraud_2226.wav,23
lot23_en_fraud_2262,fraudulent,en,"Congratulations! Your application for the Federal Student Loan Forgiveness Program has been exclusively approved, resulting in a $20,000 huge reward! This is a limited chance! To finalize the process and receive this benefit, you must immediately pay a $499 'Administrative Service Fee' via bank wire transfer to the government account I provide. Act now! If you miss the deadline, you lose this unique opportunity forever!",31.13,"['excitement', 'urgency']","['manipulative', 'urgent']","['reward', 'scarcity', 'urgency']","['interruptions', 'long_silence']",audio\lot23_en_fraud_2262.wav,23
lot23_en_fraud_2274,fraudulent,en,"Congratulations! You have won a brand-new Mercedes-Benz S-Class in our exclusive dealership sweepstakes! This huge reward is waiting! To claim the car, you must pay $1,500 in tax and registration fees immediately via a secure wire transfer. This is a one-time, urgent opportunity! If you do not pay in 2 hours, the car will be forfeited to the runner-up forever. Act fast to secure this huge luxury reward!",30.58,"['excitement', 'urgency']","['manipulative', 'urgent']","['reward', 'scarcity', 'urgency']","['long_silence', 'irregular_speech']",audio\lot23_en_fraud_2274.wav,23
lot23_en_fraud_2286,fraudulent,en,"Warning! An unauthorized international transfer of $10,000 was just made from your savings account. I am the Chase Bank Security Officer. Your account is compromised and draining! To reverse the transfer and protect your life savings, you must immediately confirm your full bank account number and the security question answer. Obey my authority now. You must act immediately to secure this chance to save your money.",26.91,"['authority', 'fear']","['authoritative', 'threat']","['authority', 'threat', 'urgency', 'scarcity']","['long_silence', 'interruptions']",audio\lot23_en_fraud_2286.wav,23
lot24_en_fraud_2302,fraudulent,en,"I am a high-ranking officer of the U.S. Federal Reserve. We have detected a massive fraudulent wire transfer attempt from your checking account to Russia. I am the only officer authorized to block this unique, urgent threat. Your funds are at risk! You must immediately purchase four $500 'Emergency Security Vouchers' using Amazon gift cards and read the codes to me. Obey my authority now to secure the exclusive reward of saving your money.",29.64,"['authority', 'fear']","['authoritative', 'threat']","['authority', 'threat', 'urgency', 'scarcity', 'reward']","['long_silence', 'irregular_speech']",audio\lot24_en_fraud_2302.wav,24
lot24_en_fraud_2308,fraudulent,en,"Warning! We detected three suspicious login attempts from China on your PayPal account. I am the PayPal Security Analyst. Your account is about to be suspended permanently! To verify your identity and prevent the suspension, you must immediately confirm your login credentials and the one-time passcode (OTP) I just sent you. Act now to secure this unique chance to keep your account open. Do not disconnect the line!",28.92,"['authority', 'anxiety']","['authoritative', 'threat']","['authority', 'threat', 'urgency', 'scarcity']","['long_silence', 'irregular_speech']",audio\lot24_en_fraud_2308.wav,24
lot24_en_fraud_2380,fraudulent,en,"Exclusive investment! We have a private-equity opportunity in a startup guaranteed to generate a 25x return within 6 months! This huge reward is limited to three private investors. You must immediately transfer $25,000 via a bank wire to the CEO's personal account. The offer expires in 3 hours. This is a one-time, urgent chance for enormous profit. You must act now!",25.93,"['excitement', 'urgency']","['manipulative', 'urgent']","['reward', 'scarcity', 'urgency']",['irregular_speech'],audio\lot24_en_fraud_2380.wav,24
lot24_en_fraud_2386,fraudulent,en,"Warning! An unauthorized online purchase of a $9,000 cryptocurrency portfolio was just made with your card. I am the Bank Fraud Prevention Analyst. Your account is about to be drained! To cancel the purchase and reverse the charges, you must immediately confirm the last three transactions on your account and your date of birth. Obey my authority now. You must act immediately to secure this unique chance to save your money.",27.83,"['authority', 'fear']","['authoritative', 'threat']","['authority', 'threat', 'urgency', 'scarcity']","['long_silence', 'interruptions']",audio\lot24_en_fraud_2386.wav,24
lot24_en_fraud_2398,fraudulent,en,"I am a high-ranking officer of the U.S. Federal Court. You have failed to comply with an urgent federal subpoena. You face immediate arrest and jail time. To settle this unique, urgent threat, you must immediately pay a $1,700 'Contempt Fee' using a direct bank wire to the court clerk. I am the only one who can offer this clemency. Obey my authority right now to secure this huge reward of non-arrest. Do not disconnect the line!",30.42,"['authority', 'fear']","['authoritative', 'threat']","['authority', 'threat', 'urgency', 'scarcity', 'reward']","['long_silence', 'irregular_speech']",audio\lot24_en_fraud_2398.wav,24
lot25_en_fraud_2412,fraudulent,en,"Warning! Your Bank of America account was flagged for three large purchases in Turkey. I am the Fraud Prevention Officer. Your money is about to be stolen! To reverse the charges, you must immediately read the security code I just sent to your phone. Obey my authority now to secure this unique chance to save your funds. Do not hang up!",23.27,"['authority', 'anxiety']","['authoritative', 'threat']","['authority', 'threat', 'urgency', 'scarcity']","['irregular_speech', 'long_silence']",audio\lot25_en_fraud_2412.wav,25
lot25_en_fraud_2436,fraudulent,en,"Urgent! Your Amazon account was used to buy a $2,500 Bitcoin miner in China. I am the Amazon Fraud Specialist. Your account is about to be suspended permanently! To stop the transaction, you must immediately confirm your full credit card number and the CVV code. Act now to secure this one-time chance to prevent the theft.",24.12,"['authority', 'urgency']","['authoritative', 'threat']","['threat', 'scarcity', 'urgency', 'authority']","['irregular_speech', 'long_silence']",audio\lot25_en_fraud_2436.wav,25
lot25_en_fraud_2454,fraudulent,en,"Exclusive reward! We have selected you for a government refund of $1,500 from the Department of Education! This money is very rare! To secure this unique, huge reward, you must immediately confirm your full bank account and routing number. This offer is only valid for the next 2 hours. You must act fast!",20.44,"['excitement', 'urgency']","['manipulative', 'urgent']","['reward', 'scarcity', 'urgency']",['irregular_speech'],audio\lot25_en_fraud_2454.wav,25
lot25_en_fraud_2478,fraudulent,en,"Urgent! A malicious spyware program has been downloaded onto your phone. I am the AT&T Security Analyst. All your banking passwords will be stolen in 5 minutes! To stop the virus, you must immediately purchase a $300 'Security Cleanup Card' using Best Buy gift cards. Act now to secure this one-time fix.",20.78,"['urgency', 'threat']","['authoritative', 'manipulative']","['threat', 'urgency', 'scarcity']",['irregular_speech'],audio\lot25_en_fraud_2478.wav,25
lot26_en_fraud_2506,fraudulent,en,"Urgent! Your name was mentioned in a DEA investigation regarding international drug trafficking. I am the Federal Judge, calling from Washington D.C. You face 20 years to life in prison. To avoid immediate indictment, you must immediately transfer $8,000 to the 'Court Custody Account' via a Bitcoin ATM. Obey my authority now. You must secure this one-time chance to prevent your arrest and gain the unique reward of clemency.",28.86,"['authority', 'fear']","['authoritative', 'threat']","['authority', 'threat', 'urgency', 'scarcity', 'reward']","['long_silence', 'irregular_speech']",audio\lot26_en_fraud_2506.wav,26
lot26_en_fraud_2530,fraudulent,en,"Warning! Your Citibank account detected a suspicious transfer of $3,500 to Ukraine. I am the Bank Security Officer. Your money is about to be stolen! To block the transfer, you must immediately read me the 6-digit verification code I just sent to your phone. Obey my authority now. Act immediately to secure this unique chance to save your funds.",24.5,"['authority', 'anxiety']","['authoritative', 'threat']","['authority', 'threat', 'urgency', 'scarcity']","['interruptions', 'long_silence']",audio\lot26_en_fraud_2530.wav,26
lot26_en_fraud_2572,fraudulent,en,"Exclusive reward! We have selected you for an exclusive pre-launch investment in a luxury real estate development in Miami, guaranteed to double your money in 6 months! This huge reward is extremely rare! You must invest $20,000 immediately via wire transfer to the 'Private Equity Escrow Account' I will provide. The window closes in 4 hours! Act now to secure this unique profit chance!",25.86,"['excitement', 'urgency']","['manipulative', 'urgent']","['reward', 'scarcity', 'urgency']",['irregular_speech'],audio\lot26_en_fraud_2572.wav,26
lot27_en_fraud_2618,fraudulent,en,"Warning! Your Amazon account was used to purchase $4,000 worth of Bitcoin. I am the Amazon Fraud Investigator. Your credit card is about to be charged! To cancel the purchase, you must immediately read me the security code I just sent to your phone. Obey my authority now for this one-time chance to prevent the theft.",22.11,"['authority', 'anxiety']","['authoritative', 'threat']","['authority', 'threat', 'urgency', 'scarcity']","['long_silence', 'interruptions']",audio\lot27_en_fraud_2618.wav,27
lot27_en_fraud_2624,fraudulent,en,"Urgent! Your social security number was used to open 15 fraudulent bank accounts in Texas. I am the US Social Security Administration Officer. You face identity theft charges. To halt the prosecution, you must pay a $5,500 'Settlement Fee' immediately via six $916 eBay gift cards. Obey my authority now to secure this one-time chance to clear your name.",28.48,"['authority', 'fear']","['authoritative', 'threat']","['authority', 'threat', 'urgency', 'scarcity']","['long_silence', 'irregular_speech']",audio\lot27_en_fraud_2624.wav,27
lot27_en_fraud_2630,fraudulent,en,"Warning! Your Wells Fargo account detected a suspicious transaction of $5,000 to Nigeria. I am the Bank Security Manager. Your money is about to be stolen! To block the transfer, you must immediately read me the security questions and answers you set up for your online banking. Obey my authority now. Act immediately to secure this unique chance to save your funds.",25.49,"['authority', 'anxiety']","['authoritative', 'threat']","['authority', 'threat', 'urgency', 'scarcity']","['interruptions', 'long_silence']",audio\lot27_en_fraud_2630.wav,27
lot27_en_fraud_2648,fraudulent,en,"Warning! Your identity was used in a massive money laundering operation tied to an international cartel. I am the US Marshal. You face immediate incarceration and the seizure of all your bank accounts. To stop the asset freeze, you must immediately transfer $15,000 to the 'Court Mandated Escrow Account' via Ethereum. Obey my authority now to secure this unique reward of saving your freedom.",28.29,"['authority', 'fear']","['authoritative', 'threat']","['authority', 'threat', 'urgency', 'scarcity', 'reward']","['long_silence', 'interruptions']",audio\lot27_en_fraud_2648.wav,27
lot27_en_fraud_2672,fraudulent,en,"Exclusive reward! We have selected you for an exclusive pre-launch investment in a revolutionary medical device company, 'Bio-Regen', guaranteed to cure cancer! This huge reward is extremely rare! You must invest $50,000 immediately via wire transfer to the 'Private Investment Fund Account' I will provide. The window closes in 2 hours! Act now to secure this unique profit chance!",25.64,"['excitement', 'urgency']","['manipulative', 'urgent']","['reward', 'scarcity', 'urgency']",['irregular_speech'],audio\lot27_en_fraud_2672.wav,27
lot28_en_fraud_2730,fraudulent,en,"Warning! Your PayPal account detected a suspicious purchase of $3,500 for gold bars in Singapore. I am the PayPal Fraud Prevention Specialist. Your money is about to be stolen! To block the transfer, you must immediately provide me with your full 16-digit credit card number and the security code on the back. Obey my authority now. Act immediately to secure this unique chance to save your funds.",27.77,"['authority', 'anxiety']","['authoritative', 'threat']","['authority', 'threat', 'urgency', 'scarcity']","['interruptions', 'long_silence']",audio\lot28_en_fraud_2730.wav,28
lot28_en_fraud_2736,fraudulent,en,"Warning! Your computer has been hacked and all your financial login details are compromised. I am the US Cyber Command Chief. To stop all future theft attempts and secure your data, you must immediately purchase $4,000 worth of Bitcoin from the nearest ATM and transfer it to the 'Secure Government Wallet'. Obey my authority now. You must act fast to secure this reward of non-compromise.",27.66,"['authority', 'fear']","['authoritative', 'threat']","['authority', 'threat', 'urgency', 'scarcity', 'reward']","['long_silence', 'irregular_speech']",audio\lot28_en_fraud_2736.wav,28
lot28_en_fraud_2748,fraudulent,en,"Warning! Your identity was used in a massive credit card fraud operation involving over 50 victims. I am the Secret Service Agent. You face immediate arrest and extradition to another state. To stop the police from seizing your home, you must immediately transfer $18,000 to the 'Federal Restitution Account' via Zelle. Obey my authority now to secure this unique reward of saving your assets.",28.12,"['authority', 'fear']","['authoritative', 'threat']","['authority', 'threat', 'urgency', 'scarcity', 'reward']","['long_silence', 'interruptions']",audio\lot28_en_fraud_2748.wav,28
lot28_en_fraud_2754,fraudulent,en,"Warning! Your computer has been identified as a source of illegal money transfers from the Cayman Islands. I am the US Department of Treasury Agent. You face immediate forfeiture of all your bank accounts. To stop the asset seizure, you must immediately purchase six $1,250 'Compliance Vouchers' using Walmart gift cards. Obey my authority now. You must secure this unique chance to keep your assets.",28.42,"['authority', 'fear']","['authoritative', 'threat']","['authority', 'threat', 'urgency', 'scarcity']","['long_silence', 'interruptions']",audio\lot28_en_fraud_2754.wav,28
lot29_en_fraud_2824,fraudulent,en,"Congratulations! You won the grand prize in the American MegaMillions Lottery: a cash reward of $500,000! This huge, unique reward is rare! To complete the transfer and receive your massive prize, you must immediately pay a $4,500 'Luxury Tax Fee' via wire transfer. You must act fast to secure this unique profit chance, the deadline is in 2 hours!",27.41,"['excitement', 'urgency']","['manipulative', 'urgent']","['reward', 'scarcity', 'urgency']","['long_silence', 'interruptions']",audio\lot29_en_fraud_2824.wav,29
lot29_en_fraud_2830,fraudulent,en,"Urgent! Your electricity bill is past due by $800 and power will be disconnected in 30 minutes. I am the Power Company Collections Agent. To prevent the immediate shut-off, you must pay the full amount using Bitcoin transferred from the nearest ATM. Obey my authority now. You must act fast to secure the unique reward of avoiding a costly reconnection fee.",25.42,"['authority', 'urgency']","['authoritative', 'threat']","['authority', 'threat', 'urgency', 'scarcity', 'reward']","['interruptions', 'long_silence']",audio\lot29_en_fraud_2830.wav,29
lot29_en_fraud_2866,fraudulent,en,"Warning! You were mistakenly sent a $5,000 refund from Microsoft, which is $4,000 too much. I am the Microsoft Accountant. To avoid a felony charge for theft, you must immediately return the excess $4,000 by reading me your bank account and routing number. Obey my authority now for this one-time chance to prevent a criminal charge.",24.13,"['authority', 'fear']","['authoritative', 'threat']","['authority', 'threat', 'urgency', 'scarcity']","['long_silence', 'interruptions']",audio\lot29_en_fraud_2866.wav,29
lot30_en_fraud_2924,fraudulent,en,"Congratulations! You won the grand prize in the Canadian Lotto Max: a cash reward of $1 Million! This huge, unique reward is rare! To complete the transfer and receive your massive prize, you must immediately pay a $6,000 'Administrative Fee' via wire transfer. You must act fast to secure this unique profit chance, the deadline is in 90 minutes!",27.0,"['excitement', 'urgency']","['manipulative', 'urgent']","['reward', 'scarcity', 'urgency']","['long_silence', 'interruptions']",audio\lot30_en_fraud_2924.wav,30
lot30_en_fraud_2930,fraudulent,en,"Urgent! Your utilities bill is past due by $750 and water service will be disconnected in 1 hour. I am the Water Department Collections Agent. To prevent the immediate shut-off, you must pay the full amount using Bitcoin transferred from the nearest ATM. Obey my authority now. You must act fast to secure the unique reward of avoiding a costly reconnection fee.",25.41,"['authority', 'urgency']","['authoritative', 'threat']","['authority', 'threat', 'urgency', 'scarcity', 'reward']","['interruptions', 'long_silence']",audio\lot30_en_fraud_2930.wav,30
lot30_en_fraud_2960,fraudulent,en,"Congratulations! You have been named the beneficiary of a deceased relative's $7 Million Will. This unique, huge reward is rare! I am the Executor of the Will. To process the final transfer and receive your massive inheritance, you must immediately pay a $8,000 'Legal Document Fee' using eight $1,000 gift cards from Best Buy. This urgent offer is only valid for the next 2 hours! Act now to secure your funds!",29.71,"['excitement', 'urgency']","['manipulative', 'urgent']","['reward', 'scarcity', 'urgency']","['long_silence', 'interruptions']",audio\lot30_en_fraud_2960.wav,30
lot30_en_fraud_2966,fraudulent,en,"Warning! You were mistakenly sent a $7,000 refund from Dell Computers, which is $5,500 too much. I am the Dell Senior Accountant. To avoid a felony charge for theft, you must immediately return the excess $5,500 by reading me your bank account and routing number. Obey my authority now for this one-time chance to prevent a criminal charge.",26.81,"['authority', 'fear']","['authoritative', 'threat']","['authority', 'threat', 'urgency', 'scarcity']","['long_silence', 'interruptions']",audio\lot30_en_fraud_2966.wav,30
lot1_en_legit_031,legitimate,en,"Good morning. This is your personal banking assistant calling about your recent savings account deposit. We just wanted to confirm the successful transfer of $5,000 yesterday. If you have any questions regarding this transaction, please contact us during business hours. Thank you for choosing us.",18.48,"['friendly', 'calm']","['warm', 'professional']",[],[],audio\lot1_en_legit_031.wav,1
lot1_en_legit_067,legitimate,en,"This call is to confirm the successful activation of your new debit card. You can start using it immediately. Remember to sign the back of the card and keep your PIN secure. If you did not activate a new card, please call us back at 1-800-555-1234.",17.61,"['reassuring', 'calm']",['professional'],[],[],audio\lot1_en_legit_067.wav,1
lot2_en_legit_143,legitimate,en,"This call is regarding your recent payment. We noticed you overpaid your last invoice by $50. A refund has been automatically processed and should appear in your bank account within 3 to 5 business days. We apologize for the error. If you have questions, please call us.",17.14,"['reassuring', 'friendly']",['warm'],[],[],audio\lot2_en_legit_143.wav,2
lot2_en_legit_160b,legitimate,en,"This message is to confirm that your new debit card will arrive by courier tomorrow morning. Please be available to sign for the package between 9 AM and 12 PM. Remember to activate the card immediately upon receipt. If you are unable to be home, please call us to reschedule the delivery.",17.91,"['neutral', 'reassuring']",['professional'],[],[],audio\lot2_en_legit_160b.wav,2
lot2_en_legit_164b,legitimate,en,"This call is to confirm the successful activation of your new debit card. You can start using it immediately. Remember to sign the back of the card and keep your PIN secure. If you did not activate a new card, please call us back at 1-800-555-1234.",17.61,"['reassuring', 'calm']",['professional'],[],[],audio\lot2_en_legit_164b.wav,2
lot3_en_legit_225,legitimate,en,"This is a recorded message from your banking institution. We have successfully updated your residential address as per your recent request. You will receive a confirmation letter by mail within 3 business days. If this was not requested by you, please call us immediately at the number on the back of your card.",18.19,"['neutral', 'reassuring']",['professional'],[],[],audio\lot3_en_legit_225.wav,3
lot4_en_legit_311,legitimate,en,This call is to inform you that your new credit card has been successfully ordered and is being shipped to your registered address. You should receive it within 5 to 7 business days. Please activate the card immediately upon receipt. Thank you for banking with us.,14.92,"['neutral', 'reassuring']",['professional'],[],[],audio\lot4_en_legit_311.wav,4
lot5_en_legit_413,legitimate,en,This call is to inform you that your new credit card has been successfully ordered and is being shipped to your registered address. You should receive it within 5 to 7 business days. Please activate the card immediately upon receipt. Thank you for banking with us.,14.92,"['neutral', 'reassuring']",['professional'],[],[],audio\lot5_en_legit_413.wav,5
lot6_en_legit_513,legitimate,en,This call is to inform you that your new credit card has been successfully ordered and is being shipped to your registered address. You should receive it within 5 to 7 business days. Please activate the card immediately upon receipt. Thank you for banking with us.,14.92,"['neutral', 'reassuring']",['professional'],[],[],audio\lot6_en_legit_513.wav,6
lot7_en_legit_607,legitimate,en,"This message is from the bank. An important update to our terms and conditions will be effective next month. Please review the full details by logging into your secure customer portal. If you have any questions, please feel free to call us. Thank you.",15.48,['neutral'],['professional'],[],[],audio\lot7_en_legit_607.wav,7
lot8_en_legit_767,legitimate,en,This message is from the bank. We have detected unusual activity on your account and have temporarily placed a hold on transactions. Please call us back immediately at the number on the back of your card to verify these transactions and lift the hold. Your security is our top priority.,16.83,"['neutral', 'reassuring']",['professional'],[],[],audio\lot8_en_legit_767.wav,8
lot9_en_legit_870,legitimate,en,This message is from the bank. We have detected unusual activity on your account and have temporarily placed a hold on transactions. Please call us back immediately at the number on the back of your card to verify these transactions and lift the hold. Your security is our top priority.,16.83,"['neutral', 'reassuring']",['professional'],[],[],audio\lot9_en_legit_870.wav,9
lot10_en_legit_970,legitimate,en,This message is from the bank. We have detected unusual activity on your account and have temporarily placed a hold on transactions. Please call us back immediately at the number on the back of your card to verify these transactions and lift the hold. Your security is our top priority.,16.83,"['neutral', 'reassuring']",['professional'],[],[],audio\lot10_en_legit_970.wav,10
lot11_en_legit_1034,legitimate,en,"This call is to confirm that your replacement credit card was successfully activated. You can now begin using your card for purchases. For your security, please destroy your old card immediately. If you have any questions, please call the number on the back of your new card. Thank you.",16.75,"['calm', 'neutral']",['professional'],[],[],audio\lot11_en_legit_1034.wav,11
lot11_en_legit_1070,legitimate,en,"This message is from your credit card company, GlobalTrust. We have detected a suspicious large transaction of $1,200 at an electronics store and have temporarily placed a hold on transactions. Please call us back immediately at the number on the back of your card to verify this transaction and lift the hold. Your security is our top priority.",21.49,"['neutral', 'reassuring']",['professional'],[],[],audio\lot11_en_legit_1070.wav,11
lot12_en_legit_1119,legitimate,en,"This call is to confirm that your replacement debit card was successfully activated. You can now begin using your card for purchases. For your security, please destroy your old card immediately. If you have any questions, please call the number on the back of your new card. Thank you.",16.84,"['calm', 'neutral']",['professional'],[],[],audio\lot12_en_legit_1119.wav,12
lot12_en_legit_1122,legitimate,en,"This message is from your bank, National Trust. We have detected a suspicious overseas transaction of $850 and have temporarily placed a hold on transactions. Please call us back immediately at the number on the back of your card to verify this transaction and lift the hold. Your financial security is our utmost priority.",20.31,"['neutral', 'reassuring']",['professional'],[],[],audio\lot12_en_legit_1122.wav,12
lot12_en_legit_1158,legitimate,en,"This call is from your credit card company, GlobalTrust. We have detected a suspicious large transaction of $1,500 at a jewelry store and have temporarily placed a hold on transactions. Please call us back immediately at the number on the back of your card to verify this transaction and lift the hold. Your security is our top priority.",21.22,"['neutral', 'reassuring']",['professional'],[],[],audio\lot12_en_legit_1158.wav,12
lot13_en_legit_1219,legitimate,en,"This call is to confirm that your replacement credit card was successfully delivered. You can now begin using your card for purchases. For your security, please destroy your old card immediately. If you have any questions about activation, please call the number on the back of your new card. Thank you.",17.47,"['calm', 'neutral']",['professional'],[],[],audio\lot13_en_legit_1219.wav,13
lot13_en_legit_1222,legitimate,en,"This message is from your bank, Capital One. We have detected a suspicious large transaction of $1,200 from an online retailer and have temporarily placed a hold on your card. Please call us back immediately at the number on the back of your card to verify this transaction and lift the hold. Your financial security is our utmost priority.",21.08,"['neutral', 'reassuring']",['professional'],[],[],audio\lot13_en_legit_1222.wav,13
lot13_en_legit_1258,legitimate,en,"This call is from your credit card company, GlobalTrust. We have detected a suspicious large transaction of $1,500 at a jewelry store and have temporarily placed a hold on transactions. Please call us back immediately at the number on the back of your card to verify this transaction and lift the hold. Your security is our top priority.",21.22,"['neutral', 'reassuring']",['professional'],[],[],audio\lot13_en_legit_1258.wav,13
lot14_en_legit_1319,legitimate,en,"This call is to confirm that your replacement debit card was successfully delivered. You can now begin using your card for purchases. For your security, please destroy your old card immediately. If you have any questions about activation, please call the number on the back of your new card. Thank you.",17.57,"['calm', 'neutral']",['professional'],[],[],audio\lot14_en_legit_1319.wav,14
lot14_en_legit_1322,legitimate,en,"This message is from your bank, Chase. We have detected a suspicious large transaction of $1,500 from an overseas streaming service and have temporarily placed a hold on your card. Please call us back immediately at the number on the back of your card to verify this transaction and lift the hold. Your financial security is our utmost priority.",21.28,"['neutral', 'reassuring']",['professional'],[],[],audio\lot14_en_legit_1322.wav,14
lot14_en_legit_1358,legitimate,en,"This call is from your credit card company, CitiBank. We have detected a suspicious large transaction of $1,800 at an online travel agency and have temporarily placed a hold on transactions. Please call us back immediately at the number on the back of your card to verify this transaction and lift the hold. Your security is our top priority.",21.59,"['neutral', 'reassuring']",['professional'],[],[],audio\lot14_en_legit_1358.wav,14
lot15_en_legit_1419,legitimate,en,"This call is to confirm that your replacement debit card was successfully delivered. You can now begin using your card for purchases. For your security, please destroy your old card immediately. If you have any questions about activation, please call the number on the back of your new card. Thank you.",17.57,"['calm', 'neutral']",['professional'],[],[],audio\lot15_en_legit_1419.wav,15
lot15_en_legit_1422,legitimate,en,"This message is from your bank, Chase. We have detected a suspicious large transaction of $1,500 from an overseas streaming service and have temporarily placed a hold on your card. Please call us back immediately at the number on the back of your card to verify this transaction and lift the hold. Your financial security is our utmost priority.",21.28,"['neutral', 'reassuring']",['professional'],[],[],audio\lot15_en_legit_1422.wav,15
lot15_en_legit_1458,legitimate,en,"This call is from your credit card company, CitiBank. We have detected a suspicious large transaction of $1,800 at an online travel agency and have temporarily placed a hold on transactions. Please call us back immediately at the number on the back of your card to verify this transaction and lift the hold. Your security is our top priority.",21.59,"['neutral', 'reassuring']",['professional'],[],[],audio\lot15_en_legit_1458.wav,15
lot16_en_legit_1547,legitimate,en,This call is from your credit card company. We are pleased to announce that a new benefit has been added to your rewards program: unlimited 3% cash back on all grocery purchases for the next six months. No action is required to enroll. Please visit our website for more details. Thank you for your business.,18.69,"['neutral', 'calm']",['professional'],[],[],audio\lot16_en_legit_1547.wav,16
lot16_en_legit_1560,legitimate,en,"This message is from your credit card company, Discover. We have detected a small, unusual test transaction of $1.50 at an online vendor and have temporarily placed a hold on your card. Please call us back immediately at the number on the back of your card to verify this transaction and lift the hold. Your financial security is our utmost priority.",21.86,"['neutral', 'reassuring']",['professional'],[],[],audio\lot16_en_legit_1560.wav,16
lot16_en_legit_1587,legitimate,en,"This message is from your bank, Wells Fargo. We noticed your checking account balance is currently low. Please be advised that any transaction exceeding your current balance will incur an overdraft protection fee. Please deposit funds immediately or call us to adjust your account settings. Thank you.",17.92,['neutral'],['professional'],[],[],audio\lot16_en_legit_1587.wav,16
lot17_en_legit_1614,legitimate,en,"This call is from your Credit Card company, Capital One. We have received your travel notification for your upcoming trip to Italy and have successfully updated your card settings. You can now use your card without interruption. If you did not submit a travel notification, please call us back immediately. Thank you.",18.58,"['neutral', 'reassuring']",['professional'],[],[],audio\lot17_en_legit_1614.wav,17
lot17_en_legit_1650,legitimate,en,"This is a payment reminder from your bank, Chase. Your monthly mortgage payment is due in three days. Please ensure sufficient funds are available to avoid late fees. You can quickly make a payment via our mobile app. If you have already paid, please disregard this message. Thank you.",16.97,['neutral'],['professional'],[],[],audio\lot17_en_legit_1650.wav,17
lot18_en_legit_1750,legitimate,en,"This is a payment reminder from your Credit Card company, Wells Fargo. Your minimum monthly payment of $50 is due tomorrow. Please ensure you make the payment by the due date to avoid late fees and interest charges. You can quickly pay via our automated phone system. If you have already paid, please disregard this message. Thank you.",20.67,['neutral'],['professional'],[],[],audio\lot18_en_legit_1750.wav,18
lot19_en_legit_1889,legitimate,en,"This is an alert from your Credit Monitoring Service. A soft inquiry was made on your credit report by XYZ Bank yesterday. No action is required from you at this time. If you do not recognize this inquiry, please call our fraud prevention line immediately. Thank you for using our service.",18.02,['neutral'],['professional'],[],[],audio\lot19_en_legit_1889.wav,19
lot21_en_legit_2023,legitimate,en,"This call is from Wells Fargo Bank. Congratulations! Based on your excellent payment history, we have increased the credit limit on your Visa Card by $5,000. No action is required from your side. You can check the details on your next monthly statement. Thank you for being a valued customer.",18.3,['friendly'],['warm'],[],[],audio\lot21_en_legit_2023.wav,21
lot22_en_legit_2123,legitimate,en,This call is from Bank of America. We are pleased to inform you that your application for the Premium Travel Rewards credit card has been approved. Your new card will arrive in the mail within 7 to 10 business days. Activate it immediately upon arrival. Thank you for banking with us.,16.91,['friendly'],['warm'],[],[],audio\lot22_en_legit_2123.wav,22
lot23_en_legit_2223,legitimate,en,This call is from your Credit Union. We noticed your checking account balance has dropped below the minimum threshold. Please deposit funds as soon as possible to avoid overdraft fees. You can check your account status through our mobile app. Thank you for your continued membership.,16.33,['neutral'],['professional'],[],[],audio\lot23_en_legit_2223.wav,23
lot23_en_legit_2271,legitimate,en,This is a call from Capital One. We are informing you that new security features have been activated on your credit card for enhanced fraud protection. No action is required from your side. You can manage these settings anytime via your mobile app. We appreciate your security awareness. Thank you.,17.81,"['calm', 'reassuring']",['professional'],[],[],audio\lot23_en_legit_2271.wav,23
lot25_en_legit_2471,legitimate,en,"This is a courtesy reminder from your gym, 24 Hour Fitness. Your credit card on file has expired. Please update your payment information online to avoid any interruption in your membership.",12.35,['neutral'],['professional'],[],[],audio\lot25_en_legit_2471.wav,25
lot25_en_legit_2489,legitimate,en,"This is a call from your bank, Chase. We are confirming a large deposit of $15,000 made to your checking account today. If this transaction is incorrect, please call us back immediately.",11.94,['neutral'],['professional'],[],[],audio\lot25_en_legit_2489.wav,25
lot26_en_legit_2553,legitimate,en,"This is a notification from the City Treasurer's Office. Following a review, you are entitled to a tax refund of $450. The amount will be directly deposited into your bank account within 3 business days. Thank you.",14.48,"['calm', 'reassuring']",['professional'],[],[],audio\lot26_en_legit_2553.wav,26
lot27_en_legit_2671,legitimate,en,"This is a message from Chase Bank. We are updating our terms and conditions for all credit card holders, effective October 1st. You can find the summary of changes in the letter mailed to your address. Thank you.",13.01,['neutral'],['professional'],[],[],audio\lot27_en_legit_2671.wav,27
lot28_en_legit_2705,legitimate,en,Hello. This is a notification from Cigna Health Insurance. Your claim for the recent hospitalization has been processed and approved. The reimbursement will be sent to your bank account within 5 business days. You can view the full statement online.,15.1,"['calm', 'reassuring']",['professional'],[],[],audio\lot28_en_legit_2705.wav,28
lot29_en_legit_2829,legitimate,en,This is a message from Chase Bank. Your mortgage statement for this quarter is now available in your online documents section. Please review it for important updates regarding your interest rate and escrow balance. Thank you for being a valued customer.,14.89,"['calm', 'reassuring']",['professional'],[],[],audio\lot29_en_legit_2829.wav,29
lot29_en_legit_2895,legitimate,en,This is a notification from your bank's security department. We have updated our online banking security protocols. Please use a stronger password and enable two-factor authentication on your account for enhanced protection. Your safety is our priority.,15.32,['neutral'],['professional'],[],[],audio\lot29_en_legit_2895.wav,29
lot30_en_legit_2995,legitimate,en,This is a notification from your bank's fraud department. We have temporarily blocked your card due to a suspicious transaction of $500 in Brazil. Please reply 'YES' to confirm this transaction was yours or call us back immediately if it was not. Your safety is our priority.,18.07,['neutral'],['professional'],[],[],audio\lot30_en_legit_2995.wav,30
